sample_id,model,method,MoRF,LeRF,diff,is_flipped
0,mobilevit_s,GradCAM,0.22858628863468772,0.4484020993113517,0.219815810676664,False
0,mobilevit_s,IntegratedGradients,0.17802156409079548,0.4439846009016037,0.26596303681080824,False
0,mobilevit_s,Random,0.3218425344017305,0.26847201930977466,-0.05337051509195584,True
0,resnet50,GradCAM,0.376812543347478,0.4999999076128006,0.12318736426532262,False
0,resnet50,IntegratedGradients,0.4565220024902374,0.49999987483024594,0.04347787234000855,False
0,resnet50,LRP,0.26209573749220005,0.49999979436397546,0.2379040568717754,False
0,resnet50,Random,0.49278264194726945,0.4971062630414963,0.004323621094226848,False
0,vit_base,Chefer-LRP,0.4229689404368401,0.42606179416179657,0.0030928537249564902,False
0,vit_base,GradCAM,0.43452383577823633,0.40055985450744636,-0.03396398127078998,True
0,vit_base,IntegratedGradients,0.4226536631584168,0.4089380100369454,-0.013715653121471383,True
0,vit_base,Random,0.42754121124744415,0.43042831122875214,0.0028870999813079834,False
1,mobilevit_s,GradCAM,0.34929959401488303,0.4656547695398331,0.11635517552495006,False
1,mobilevit_s,IntegratedGradients,0.4154145695269108,0.37443436980247496,-0.04098019972443584,True
1,mobilevit_s,Random,0.22117524479835995,0.27728218533302423,0.05610694053466428,False
1,resnet50,GradCAM,0.4779847294092178,0.49996766448020935,0.021982935070991527,False
1,resnet50,IntegratedGradients,0.4985247135162354,0.49994595348834997,0.001421239972114574,False
1,resnet50,LRP,0.2811408972018398,0.49990491271018983,0.21876401550835,False
1,resnet50,Random,0.2263431951927032,0.3199822181686614,0.09363902297595819,False
1,vit_base,Chefer-LRP,0.34813256487250327,0.39974902421236036,0.05161645933985709,False
1,vit_base,GradCAM,0.34659350141882894,0.4000287681818009,0.053435266762971945,False
1,vit_base,IntegratedGradients,0.3840929120779038,0.4061375379562378,0.022044625878334,False
1,vit_base,Random,0.37067243456840515,0.3562666118144989,-0.014405822753906228,True
2,mobilevit_s,GradCAM,0.255919386446476,0.3761876165866852,0.12026823014020921,False
2,mobilevit_s,IntegratedGradients,0.04272091138263932,0.26171963885426525,0.2189987274716259,False
2,mobilevit_s,Random,0.029191739772795704,0.0469551489710284,0.017763409198232695,False
2,resnet50,GradCAM,0.11226397044956685,0.49852960705757143,0.3862656366080046,False
2,resnet50,IntegratedGradients,0.19666943522170188,0.49279597848653794,0.29612654326483606,False
2,resnet50,LRP,0.10956458444707097,0.4984558627009392,0.38889127825386827,False
2,resnet50,Random,0.17519267154857518,0.13904836992733186,-0.036144301621243324,True
2,vit_base,Chefer-LRP,0.35335864238440995,0.42681860476732253,0.07345996238291258,False
2,vit_base,GradCAM,0.34193193241953845,0.4265212118625641,0.08458927944302563,False
2,vit_base,IntegratedGradients,0.4153127282857894,0.41862613409757615,0.0033134058117867404,False
2,vit_base,Random,0.42516000419855116,0.41040535271167755,-0.014754651486873605,True
3,mobilevit_s,GradCAM,0.11177332522347569,0.33862727135419846,0.22685394613072277,False
3,mobilevit_s,IntegratedGradients,0.14742155691492373,0.24771602991968392,0.10029447300476019,False
3,mobilevit_s,Random,0.11135023829410784,0.16702246311615457,0.05567222482204673,False
3,resnet50,GradCAM,0.4279595335945487,0.49999999403953554,0.07204046044498685,False
3,resnet50,IntegratedGradients,0.257223045732826,0.499999862909317,0.24277681717649102,False
3,resnet50,LRP,0.38692015632987026,0.4999999672174454,0.11307981088757513,False
3,resnet50,Random,0.3165669564157725,0.294905548170209,-0.021661408245563507,True
3,vit_base,Chefer-LRP,0.37526669427752496,0.4402465015649795,0.06497980728745456,False
3,vit_base,GradCAM,0.41988538727164265,0.436061792075634,0.01617640480399135,False
3,vit_base,IntegratedGradients,0.42170969545841214,0.4284448310732841,0.00673513561487199,False
3,vit_base,Random,0.4325539097189904,0.4409109145402908,0.008357004821300418,False
4,mobilevit_s,GradCAM,0.05429449052608106,0.3876204609870911,0.33332597046101003,False
4,mobilevit_s,IntegratedGradients,0.037205444922437894,0.4340026453137398,0.3967972003913019,False
4,mobilevit_s,Random,0.04075366511588072,0.05712975040096353,0.01637608528508281,False
4,resnet50,GradCAM,0.04957388757902664,0.49979428946971893,0.4502204018906923,False
4,resnet50,IntegratedGradients,0.06646870214899536,0.4998524203896522,0.43338371824065686,False
4,resnet50,LRP,0.04094923497177661,0.4997539907693863,0.4588047557976097,False
4,resnet50,Random,0.3035333748906851,0.3402834457345307,0.03675007084384557,False
4,vit_base,Chefer-LRP,0.07096118803601713,0.42175842672586444,0.3507972386898473,False
4,vit_base,GradCAM,0.07748628358822317,0.4287475019693375,0.3512612183811143,False
4,vit_base,IntegratedGradients,0.2478391319513321,0.42176907807588576,0.17392994612455367,False
4,vit_base,Random,0.3495822880417109,0.385289391130209,0.035707103088498116,False
5,mobilevit_s,GradCAM,0.11577177265717184,0.4527883172035217,0.3370165445463499,False
5,mobilevit_s,IntegratedGradients,0.044804528372696946,0.4566664919257164,0.41186196355301946,False
5,mobilevit_s,Random,0.11866180986776273,0.09259315908568624,-0.026068650782076486,True
5,resnet50,GradCAM,0.31120621338486665,0.4998254507780075,0.18861923739314085,False
5,resnet50,IntegratedGradients,0.24782079765573145,0.49917125254869466,0.2513504548929632,False
5,resnet50,LRP,0.08078999686986207,0.49964417517185217,0.4188541783019901,False
5,resnet50,Random,0.21502043432556095,0.20247500706464053,-0.012545427260920422,True
5,vit_base,Chefer-LRP,0.21177384445909414,0.42693098783493044,0.2151571433758363,False
5,vit_base,GradCAM,0.2574702535755933,0.43081311136484146,0.17334285778924818,False
5,vit_base,IntegratedGradients,0.4384696245193482,0.27246915847063063,-0.16600046604871754,True
5,vit_base,Random,0.3579781502485275,0.3557727485895157,-0.002205401659011841,True
6,mobilevit_s,GradCAM,0.2885247360914946,0.2568851469899528,-0.0316395891015418,True
6,mobilevit_s,IntegratedGradients,0.11668599464464935,0.11315539281931707,-0.003530601825332283,True
6,mobilevit_s,Random,0.11572765217315467,0.08080928537310682,-0.034918366800047854,True
6,resnet50,GradCAM,0.4985383093357086,0.4999999552965164,0.0014616459608078336,False
6,resnet50,IntegratedGradients,0.4991322413086891,0.49999881982803346,0.000866578519344352,False
6,resnet50,LRP,0.451829443871975,0.49999943077564235,0.04816998690366736,False
6,resnet50,Random,0.22651653224602342,0.2267509307246655,0.00023439847864209495,False
6,vit_base,Chefer-LRP,0.3116400398314,0.4116814747452736,0.10004143491387363,False
6,vit_base,GradCAM,0.3768954902887345,0.397981296479702,0.021085806190967504,False
6,vit_base,IntegratedGradients,0.3621469661593437,0.39422422945499425,0.03207726329565053,False
6,vit_base,Random,0.32520236149430276,0.38171364068984986,0.056511279195547104,False
7,mobilevit_s,GradCAM,0.24140015095472334,0.30930517613887787,0.06790502518415453,False
7,mobilevit_s,IntegratedGradients,0.1863271754235029,0.289597874134779,0.10327069871127609,False
7,mobilevit_s,Random,0.1876706032315269,0.22194895073771476,0.034278347506187856,False
7,resnet50,GradCAM,0.33280253633856777,0.4999742910265923,0.16717175468802453,False
7,resnet50,IntegratedGradients,0.397059851884842,0.49996270686388017,0.10290285497903817,False
7,resnet50,LRP,0.2696768023073673,0.49996905177831646,0.23029224947094917,False
7,resnet50,Random,0.3104542463785038,0.35984484208747747,0.049390595708973695,False
7,vit_base,Chefer-LRP,0.29651384577155115,0.3976351499557495,0.10112130418419835,False
7,vit_base,GradCAM,0.32572833597660067,0.3927377760410309,0.06700944006443021,False
7,vit_base,IntegratedGradients,0.35518869608640674,0.41634407043457033,0.061155374348163594,False
7,vit_base,Random,0.4249588415026665,0.413911509513855,-0.01104733198881147,True
8,mobilevit_s,GradCAM,0.00025331129145342854,7.59315885261458e-05,-0.00017737970292728276,True
8,mobilevit_s,IntegratedGradients,4.416980291352957e-05,4.195692076791602e-05,-2.2128821456135538e-06,True
8,mobilevit_s,Random,3.860209517370095e-05,5.1335056832613196e-05,1.2732961658912244e-05,False
8,resnet50,GradCAM,0.0014521166065605941,0.022858169162645936,0.021406052556085343,False
8,resnet50,IntegratedGradients,0.001038743287062971,0.02782634850591421,0.02678760521885124,False
8,resnet50,LRP,0.0010287535089446465,0.013762989779934287,0.01273423627098964,False
8,resnet50,Random,0.002782374017260736,0.0024554221417929516,-0.00032695187546778444,True
8,vit_base,Chefer-LRP,0.010995200537581696,0.2635731838643551,0.2525779833267734,False
8,vit_base,GradCAM,0.011714693871545024,0.23740976825356486,0.22569507438201983,False
8,vit_base,IntegratedGradients,0.011055899057828354,0.226955533772707,0.21589963471487864,False
8,vit_base,Random,0.05666444044181845,0.03396758870076155,-0.0226968517410569,True
9,mobilevit_s,GradCAM,0.26744941519282295,0.4708600103855133,0.20341059519269034,False
9,mobilevit_s,IntegratedGradients,0.07698630529685034,0.4701453894376755,0.3931590841408251,False
9,mobilevit_s,Random,0.34262806309852756,0.17629935391596518,-0.16632870918256237,True
9,resnet50,GradCAM,0.3182215969311074,0.49980249106884,0.1815808941377326,False
9,resnet50,IntegratedGradients,0.4259443156421185,0.4998534545302391,0.07390913888812062,False
9,resnet50,LRP,0.22010619859920558,0.49985667169094083,0.2797504730917353,False
9,resnet50,Random,0.46359677072614436,0.38052447474328804,-0.08307229598285631,True
9,vit_base,Chefer-LRP,0.33073434177786115,0.3731254905462265,0.04239114876836536,False
9,vit_base,GradCAM,0.37293110787868505,0.3831426471471786,0.010211539268493552,False
9,vit_base,IntegratedGradients,0.3727157711982727,0.37693312019109726,0.0042173489928245544,False
9,vit_base,Random,0.3547264702618122,0.29722532331943513,-0.05750114694237707,True
10,mobilevit_s,GradCAM,0.04391498686745762,0.23221635781228542,0.1883013709448278,False
10,mobilevit_s,IntegratedGradients,0.08958979455201188,0.09697678610682488,0.007386991554812997,False
10,mobilevit_s,Random,0.11224557230016217,0.0602166737196967,-0.05202889858046547,True
10,resnet50,GradCAM,0.024940085521666336,0.04493831042200327,0.019998224900336932,False
10,resnet50,IntegratedGradients,0.05134239919716492,0.027770045120269062,-0.023572354076895858,True
10,resnet50,LRP,0.07789787531655747,0.041713940538465985,-0.03618393477809148,True
10,resnet50,Random,0.004681298283685465,0.0101205933111487,0.005439295027463234,False
10,vit_base,Chefer-LRP,0.026300897996407002,0.09568579010665416,0.06938489211024716,False
10,vit_base,GradCAM,0.025681354501284656,0.12270806021988391,0.09702670571859925,False
10,vit_base,IntegratedGradients,0.05062126163393259,0.09751527309417723,0.04689401146024465,False
10,vit_base,Random,0.09150964915752412,0.06926495488733053,-0.022244694270193585,True
11,mobilevit_s,GradCAM,0.07182244891300797,0.4152997016906738,0.34347725277766583,False
11,mobilevit_s,IntegratedGradients,0.30093438937328754,0.31737130433321,0.016436914959922444,False
11,mobilevit_s,Random,0.24233681997284293,0.1398012546822429,-0.10253556529060004,True
11,resnet50,GradCAM,0.3017982639372349,0.4736888065934181,0.1718905426561832,False
11,resnet50,IntegratedGradients,0.3439651187509299,0.45323955863714216,0.10927443988621227,False
11,resnet50,LRP,0.23979297671467067,0.451403620839119,0.21161064412444833,False
11,resnet50,Random,0.3152639630920021,0.304347318643704,-0.010916644448298096,True
11,vit_base,Chefer-LRP,0.22182194739580155,0.24666156470775605,0.0248396173119545,False
11,vit_base,GradCAM,0.19027206003665925,0.268294920027256,0.07802285999059677,False
11,vit_base,IntegratedGradients,0.2514143545180559,0.21335705779492856,-0.038057296723127326,True
11,vit_base,Random,0.1715161353349686,0.1464581683278084,-0.025057967007160203,True
12,mobilevit_s,GradCAM,0.42302723228931427,0.4721332803368568,0.04910604804754254,False
12,mobilevit_s,IntegratedGradients,0.23810930993931836,0.45567779839038847,0.2175684884510701,False
12,mobilevit_s,Random,0.23162805236352144,0.23987405992029384,0.008246007556772406,False
12,resnet50,GradCAM,0.49999674856662746,0.49999868273735043,1.934170722972528e-06,False
12,resnet50,IntegratedGradients,0.49035414308309555,0.49999800026416774,0.00964385718107219,False
12,resnet50,LRP,0.38107652006438003,0.4999986529350281,0.11892213287064807,False
12,resnet50,Random,0.4408960185945034,0.3311298388405704,-0.10976617975393299,True
12,vit_base,Chefer-LRP,0.3931040849536658,0.4123468101024627,0.019242725148796935,False
12,vit_base,GradCAM,0.4029600501060486,0.41330291628837584,0.01034286618232727,False
12,vit_base,IntegratedGradients,0.4194307044148445,0.43880385607481,0.019373151659965504,False
12,vit_base,Random,0.40966664403676983,0.3533420920372009,-0.05632455199956893,True
13,mobilevit_s,GradCAM,0.46532204896211626,0.32052783705294136,-0.1447942119091749,True
13,mobilevit_s,IntegratedGradients,0.2250397724797949,0.34622150063514706,0.12118172815535216,False
13,mobilevit_s,Random,0.301557465759106,0.3398138568969443,0.0382563911378383,False
13,resnet50,GradCAM,0.3333060454577208,0.4999660640954971,0.1666600186377763,False
13,resnet50,IntegratedGradients,0.15147122368216517,0.49998269081115726,0.34851146712899206,False
13,resnet50,LRP,0.14782033488154417,0.49996793270111084,0.35214759781956667,False
13,resnet50,Random,0.4423747551627457,0.32052161054009765,-0.12185314462264807,True
13,vit_base,Chefer-LRP,0.17370490059256555,0.3973295047879219,0.22362460419535635,False
13,vit_base,GradCAM,0.19594225715845823,0.3977535843849182,0.20181132722645997,False
13,vit_base,IntegratedGradients,0.2684471756219864,0.3879932969808578,0.11954612135887144,False
13,vit_base,Random,0.40240238755941393,0.42639035135507575,0.023987963795661815,False
14,mobilevit_s,GradCAM,0.2635668382048607,0.46726253926753997,0.20369570106267926,False
14,mobilevit_s,IntegratedGradients,0.12101668687537313,0.4713490799069404,0.35033239303156727,False
14,mobilevit_s,Random,0.4653122499585151,0.4664787888526917,0.0011665388941765609,False
14,resnet50,GradCAM,0.2695241697132588,0.4999773561954498,0.23045318648219099,False
14,resnet50,IntegratedGradients,0.2829496018588543,0.4999590009450912,0.2170093990862369,False
14,resnet50,LRP,0.20196584612131122,0.4999734789133072,0.29800763279199594,False
14,resnet50,Random,0.4999894261360168,0.48355862200260163,-0.01643080413341519,True
14,vit_base,Chefer-LRP,0.21518343500792983,0.38301426619291307,0.16783083118498324,False
14,vit_base,GradCAM,0.24861745275557043,0.40196684449911113,0.1533493917435407,False
14,vit_base,IntegratedGradients,0.439202307164669,0.42032080441713326,-0.01888150274753575,True
14,vit_base,Random,0.4118297636508942,0.4091101244091988,-0.002719639241695382,True
15,mobilevit_s,GradCAM,0.41029755817726254,0.4591869905591011,0.04888943238183857,False
15,mobilevit_s,IntegratedGradients,0.19969385386393695,0.46318284869194026,0.2634889948280033,False
15,mobilevit_s,Random,0.42090906233061104,0.4433003060519695,0.022391243721358478,False
15,resnet50,GradCAM,0.4714683152735233,0.49999909698963163,0.028530781716108344,False
15,resnet50,IntegratedGradients,0.494501131772995,0.49999972581863406,0.005498594045639071,False
15,resnet50,LRP,0.3085789069067687,0.4999991118907929,0.19142020498402418,False
15,resnet50,Random,0.428713707998395,0.4010445600375534,-0.027669147960841578,True
15,vit_base,Chefer-LRP,0.30183035060763364,0.4432021275162697,0.14137177690863606,False
15,vit_base,GradCAM,0.3161256648600102,0.4442474141716957,0.12812174931168552,False
15,vit_base,IntegratedGradients,0.4400997921824455,0.4364683568477631,-0.003631435334682409,True
15,vit_base,Random,0.4102825358510017,0.42179454416036605,0.01151200830936433,False
16,mobilevit_s,GradCAM,0.07248949960194295,0.4614698842167854,0.38898038461484247,False
16,mobilevit_s,IntegratedGradients,0.02476179654840962,0.4603317752480507,0.4355699786996411,False
16,mobilevit_s,Random,0.24996737791225318,0.20260777621297166,-0.04735960169928152,True
16,resnet50,GradCAM,0.09665731687546214,0.49997682869434357,0.4033195118188814,False
16,resnet50,IntegratedGradients,0.025007966273295427,0.4999469995498657,0.4749390332765703,False
16,resnet50,LRP,0.025036612461326515,0.49995042085647584,0.47491380839514935,False
16,resnet50,Random,0.12293758836260624,0.2686560729394021,0.14571848457679584,False
16,vit_base,Chefer-LRP,0.025466075001895662,0.336190177500248,0.3107241024983523,False
16,vit_base,GradCAM,0.055331039437442095,0.38327649235725403,0.3279454529198119,False
16,vit_base,IntegratedGradients,0.08923160928643484,0.2851291172206402,0.19589750793420538,False
16,vit_base,Random,0.2729993425309658,0.23952532261610038,-0.03347401991486543,True
17,mobilevit_s,GradCAM,0.07782658499199896,0.4440054208040238,0.3661788358120248,False
17,mobilevit_s,IntegratedGradients,0.15154281718132553,0.44179480820894246,0.2902519910276169,False
17,mobilevit_s,Random,0.36697346069122433,0.3017151536419988,-0.06525830704922553,True
17,resnet50,GradCAM,0.16091892579570416,0.49998858869075774,0.3390696628950536,False
17,resnet50,IntegratedGradients,0.0922091263346374,0.4999818325042724,0.407772706169635,False
17,resnet50,LRP,0.047832895349711184,0.49998646676540376,0.45215357141569257,False
17,resnet50,Random,0.31207733034389096,0.4177922898321413,0.10571495948825033,False
17,vit_base,Chefer-LRP,0.08244077902054417,0.43845933824777605,0.3560185592272319,False
17,vit_base,GradCAM,0.0741496131871827,0.4361861079931259,0.3620364948059432,False
17,vit_base,IntegratedGradients,0.4359618172049522,0.4412421405315399,0.005280323326587677,False
17,vit_base,Random,0.4401939928531647,0.41280455589294435,-0.027389436960220337,True
18,mobilevit_s,GradCAM,0.09560603944901232,0.40946862697601316,0.31386258752700086,False
18,mobilevit_s,IntegratedGradients,0.10930756977199962,0.37389348596334465,0.264585916191345,False
18,mobilevit_s,Random,0.275164906606824,0.1961859245760479,-0.07897898203077613,True
18,resnet50,GradCAM,0.1576931339368457,0.49983902275562286,0.34214588881877717,False
18,resnet50,IntegratedGradients,0.04718125106865046,0.4998704746365547,0.45268922356790425,False
18,resnet50,LRP,0.02663316770049278,0.4997143268585206,0.4730811591580278,False
18,resnet50,Random,0.11620556108828169,0.14259800213185372,0.026392441043572037,False
18,vit_base,Chefer-LRP,0.19379555671475826,0.41922415047883993,0.22542859376408167,False
18,vit_base,GradCAM,0.20199153514113277,0.41396934092044835,0.21197780577931558,False
18,vit_base,IntegratedGradients,0.3325978202745319,0.4015887871384621,0.06899096686393019,False
18,vit_base,Random,0.39895124584436414,0.3792728379368782,-0.01967840790748593,True
19,mobilevit_s,GradCAM,0.3000095140188932,0.4744929373264313,0.17448342330753808,False
19,mobilevit_s,IntegratedGradients,0.2535238237818703,0.41251036882167685,0.15898654503980653,False
19,mobilevit_s,Random,0.2520044563241754,0.2621613568444446,0.010156900520269185,False
19,resnet50,GradCAM,0.3447383720893413,0.49999991655349735,0.15526154446415602,False
19,resnet50,IntegratedGradients,0.2634365421021358,0.49999983608722687,0.23656329398509107,False
19,resnet50,LRP,0.1436903306748718,0.4999998033046722,0.3563094726298004,False
19,resnet50,Random,0.2696370279823896,0.283360812754836,0.013723784772446401,False
19,vit_base,Chefer-LRP,0.3123044831678271,0.4420797035098076,0.12977522034198047,False
19,vit_base,GradCAM,0.23962563652312385,0.43869719058275214,0.1990715540596283,False
19,vit_base,IntegratedGradients,0.4225586861371994,0.43151223510503767,0.008953548967838287,False
19,vit_base,Random,0.41167277395725255,0.4056835070252419,-0.005989266932010628,True
20,mobilevit_s,GradCAM,0.18230905706150224,0.45408281981945037,0.2717737627579481,False
20,mobilevit_s,IntegratedGradients,0.025292581778194292,0.4761644005775451,0.45087181879935084,False
20,mobilevit_s,Random,0.09815952493809164,0.11290063797059705,0.014741113032505401,False
20,resnet50,GradCAM,0.27668152453843503,0.49999963343143455,0.22331810889299952,False
20,resnet50,IntegratedGradients,0.22900698264711533,0.49999103248119353,0.2709840498340782,False
20,resnet50,LRP,0.1691937992582098,0.49999973475933074,0.3308059355011209,False
20,resnet50,Random,0.13181928388075906,0.1522300166601781,0.020410732779419044,False
20,vit_base,Chefer-LRP,0.30967151522636416,0.4151645034551621,0.10549298822879793,False
20,vit_base,GradCAM,0.2719050658866763,0.4074305132031441,0.13552544731646782,False
20,vit_base,IntegratedGradients,0.40492641627788545,0.3280944809317589,-0.07683193534612653,True
20,vit_base,Random,0.251391461561434,0.2645218789577484,0.013130417396314431,False
21,mobilevit_s,GradCAM,0.20109298677780318,0.45186313092708585,0.25077014414928267,False
21,mobilevit_s,IntegratedGradients,0.2224596462561749,0.4409032925963402,0.2184436463401653,False
21,mobilevit_s,Random,0.4241852687671781,0.3859859172254801,-0.03819935154169801,True
21,resnet50,GradCAM,0.43661957029253246,0.4999999254941941,0.06338035520166163,False
21,resnet50,IntegratedGradients,0.40328552573919296,0.49999979436397557,0.0967142686247826,False
21,resnet50,LRP,0.39677303433418276,0.499999862909317,0.10322682857513427,False
21,resnet50,Random,0.41820357525721197,0.4998319864273071,0.08162841117009512,False
21,vit_base,Chefer-LRP,0.31248805038630967,0.42420918196439744,0.11172113157808777,False
21,vit_base,GradCAM,0.3884751617908478,0.4245399117469788,0.036064749956131015,False
21,vit_base,IntegratedGradients,0.4060549303889275,0.4340177342295647,0.027962803840637207,False
21,vit_base,Random,0.4051099389791489,0.4040059849619866,-0.0011039540171622897,True
22,mobilevit_s,GradCAM,0.1158806306168117,0.4796515554189682,0.3637709248021565,False
22,mobilevit_s,IntegratedGradients,0.12176716594676694,0.41865806132555006,0.2968908953787831,False
22,mobilevit_s,Random,0.19577622828387575,0.1556420035320116,-0.04013422475186415,True
22,resnet50,GradCAM,0.10148012693971395,0.4985375985503197,0.3970574716106058,False
22,resnet50,IntegratedGradients,0.23066143584437668,0.49827752709388734,0.2676160912495107,False
22,resnet50,LRP,0.11971316765993834,0.498444378376007,0.3787312107160687,False
22,resnet50,Random,0.4489582768408582,0.4247418656945229,-0.024216411146335326,True
22,vit_base,Chefer-LRP,0.0702627081423998,0.44126846343278886,0.37100575529038904,False
22,vit_base,GradCAM,0.12169118467718365,0.4428014889359474,0.32111030425876375,False
22,vit_base,IntegratedGradients,0.35484627000987534,0.4479467928409577,0.09310052283108233,False
22,vit_base,Random,0.43703982681035997,0.4212091773748398,-0.01583064943552015,True
23,mobilevit_s,GradCAM,0.09355188971385359,0.4199683263897896,0.326416436675936,False
23,mobilevit_s,IntegratedGradients,0.14813877758570015,0.20190161615610122,0.05376283857040107,False
23,mobilevit_s,Random,0.03678520044777542,0.11755929421633483,0.08077409376855942,False
23,resnet50,GradCAM,0.13476781425997614,0.182475122064352,0.047707307804375876,False
23,resnet50,IntegratedGradients,0.17900487929582595,0.0877583459019661,-0.09124653339385985,True
23,resnet50,LRP,0.09156709313392639,0.11593420058488846,0.024367107450962072,False
23,resnet50,Random,0.02708266037516296,0.012742852988867527,-0.014339807386295434,True
23,vit_base,Chefer-LRP,0.19631193205714226,0.3921919852495194,0.19588005319237717,False
23,vit_base,GradCAM,0.24276763647794725,0.387337900698185,0.14457026422023778,False
23,vit_base,IntegratedGradients,0.21866922155022625,0.38267006129026415,0.1640008397400379,False
23,vit_base,Random,0.269365730881691,0.3719133213162422,0.1025475904345512,False
24,mobilevit_s,GradCAM,0.1725550886243582,0.41057000607252114,0.23801491744816294,False
24,mobilevit_s,IntegratedGradients,0.02065484832492075,0.37195666134357447,0.3513018130186537,False
24,mobilevit_s,Random,0.0792487187020015,0.20625041626335588,0.12700169756135438,False
24,resnet50,GradCAM,0.027798419927785287,0.4553749725222587,0.4275765525944734,False
24,resnet50,IntegratedGradients,0.14817563728429378,0.2765652026981116,0.1283895654138178,False
24,resnet50,LRP,0.019417594076367093,0.3077507026493549,0.2883331085729878,False
24,resnet50,Random,0.11085629560984674,0.11104622209677473,0.00018992648692799097,False
24,vit_base,Chefer-LRP,0.27095245346426966,0.32653366550803187,0.05558121204376221,False
24,vit_base,GradCAM,0.3181755814701319,0.3408743664622307,0.022698784992098764,False
24,vit_base,IntegratedGradients,0.31912758126854895,0.23600268885493275,-0.0831248924136162,True
24,vit_base,Random,0.36889669597148894,0.3063813515007496,-0.06251534447073936,True
25,mobilevit_s,GradCAM,0.02672758642002009,0.4170881226658821,0.390360536245862,False
25,mobilevit_s,IntegratedGradients,0.023946671657904522,0.4412142336368561,0.41726756197895154,False
25,mobilevit_s,Random,0.35830716138880236,0.37369493489313754,0.015387773504335178,False
25,resnet50,GradCAM,0.08139243456535042,0.48065803050994876,0.3992655959445983,False
25,resnet50,IntegratedGradients,0.07387324124574662,0.45761278420686724,0.3837395429611206,False
25,resnet50,LRP,0.030460010864771906,0.47559892833232875,0.44513891746755685,False
25,resnet50,Random,0.3301520030014217,0.28479748270474375,-0.04535452029667797,True
25,vit_base,Chefer-LRP,0.07359922365285458,0.3610087588429451,0.2874095351900905,False
25,vit_base,GradCAM,0.0815935131162405,0.3672853901982307,0.2856918770819902,False
25,vit_base,IntegratedGradients,0.1346622890792787,0.3420179456472397,0.20735565656796098,False
25,vit_base,Random,0.27185567766427987,0.30421732887625696,0.032361651211977094,False
26,mobilevit_s,GradCAM,0.050016596232308086,0.4725938439369201,0.422577247704612,False
26,mobilevit_s,IntegratedGradients,0.07507387819350696,0.47129321247339245,0.3962193342798855,False
26,mobilevit_s,Random,0.07566621322766877,0.14535951770376415,0.06969330447609538,False
26,resnet50,GradCAM,0.31388399571878833,0.49998195469379425,0.18609795897500592,False
26,resnet50,IntegratedGradients,0.2801805132068694,0.4998826399445534,0.21970212673768402,False
26,resnet50,LRP,0.27669011057587345,0.49998080432415004,0.2232906937482766,False
26,resnet50,Random,0.2934527707009693,0.3473903393372893,0.05393756863631999,False
26,vit_base,Chefer-LRP,0.23728271035361106,0.35950781404972076,0.1222251036961097,False
26,vit_base,GradCAM,0.19954337427625435,0.3698595762252808,0.17031620194902647,False
26,vit_base,IntegratedGradients,0.36848408579826364,0.3873876392841339,0.01890355348587025,False
26,vit_base,Random,0.39726531505584717,0.3666655167937279,-0.030599798262119282,True
27,mobilevit_s,GradCAM,0.11853057816624644,0.41259958744049074,0.2940690092742443,False
27,mobilevit_s,IntegratedGradients,0.12201933045944316,0.39972165971994406,0.27770232926050087,False
27,mobilevit_s,Random,0.22906783794751395,0.24047843526204818,0.011410597314534227,False
27,resnet50,GradCAM,0.4934764802455902,0.49055324941873557,-0.002923230826854639,True
27,resnet50,IntegratedGradients,0.32577951549319556,0.4848582252860069,0.15907870979281136,False
27,resnet50,LRP,0.32356722517870373,0.4827475339174271,0.15918030873872335,False
27,resnet50,Random,0.43837153953154484,0.3908752456307411,-0.04749629390080373,True
27,vit_base,Chefer-LRP,0.26618789602071047,0.3744806692004204,0.10829277317970992,False
27,vit_base,GradCAM,0.2906945116817951,0.34707310348749165,0.05637859180569654,False
27,vit_base,IntegratedGradients,0.3772969260811806,0.3935714989900589,0.016274572908878293,False
27,vit_base,Random,0.3760462448000908,0.3785002112388611,0.002453966438770272,False
28,mobilevit_s,GradCAM,0.1073540629877243,0.45089264661073686,0.34353858362301254,False
28,mobilevit_s,IntegratedGradients,0.13050770041008944,0.4296415761113167,0.2991338757012273,False
28,mobilevit_s,Random,0.3083221647888422,0.3781839951872826,0.06986183039844035,False
28,resnet50,GradCAM,0.21532153931912038,0.4999352857470512,0.2846137464279308,False
28,resnet50,IntegratedGradients,0.1978325073607266,0.4999490261077881,0.30211651874706147,False
28,resnet50,LRP,0.18037788395304233,0.4999544724822044,0.3195765885291621,False
28,resnet50,Random,0.4977259933948517,0.4739012641832233,-0.02382472921162837,True
28,vit_base,Chefer-LRP,0.3742768794298172,0.3973426073789597,0.023065727949142523,False
28,vit_base,GradCAM,0.42322250008583073,0.38171335756778724,-0.041509142518043496,True
28,vit_base,IntegratedGradients,0.39525299221277244,0.38129684478044507,-0.01395614743232737,True
28,vit_base,Random,0.2996558211743832,0.38449145704507826,0.08483563587069504,False
29,mobilevit_s,GradCAM,0.2614630843221676,0.4240614056587219,0.16259832133655433,False
29,mobilevit_s,IntegratedGradients,0.09897521435632371,0.4222429141402244,0.3232676997839007,False
29,mobilevit_s,Random,0.1943196551073925,0.11953568052049379,-0.0747839745868987,True
29,resnet50,GradCAM,0.4184493198990822,0.4999711990356446,0.08152187913656239,False
29,resnet50,IntegratedGradients,0.3574468370527029,0.4999293848872185,0.14248254783451558,False
29,resnet50,LRP,0.3126115761697293,0.49994215965270994,0.18733058348298065,False
29,resnet50,Random,0.2362426608800888,0.2386981726856902,0.0024555118056014125,False
29,vit_base,Chefer-LRP,0.23387609012424945,0.3567626148462296,0.12288652472198017,False
29,vit_base,GradCAM,0.3054004412144423,0.34204774498939516,0.036647303774952844,False
29,vit_base,IntegratedGradients,0.29255354925990107,0.3821971282362938,0.08964357897639275,False
29,vit_base,Random,0.3085739351809025,0.2677373580634594,-0.040836577117443096,True
30,mobilevit_s,GradCAM,0.0613444241695106,0.1493211787194014,0.08797675454989079,False
30,mobilevit_s,IntegratedGradients,0.01385485331338714,0.15586771592497828,0.14201286261159113,False
30,mobilevit_s,Random,0.05181476735670004,0.056022725524235296,0.004207958167535254,False
30,resnet50,GradCAM,0.00815269693848677,0.011744673410430548,0.0035919764719437777,False
30,resnet50,IntegratedGradients,0.03249648828059435,0.00650606865528971,-0.025990419625304642,True
30,resnet50,LRP,0.012454013084061443,0.0085304623702541,-0.003923550713807343,True
30,resnet50,Random,0.04614796503446997,0.0542043524910696,0.008056387456599631,False
30,vit_base,Chefer-LRP,0.015082625532522799,0.11011692024767401,0.09503429471515121,False
30,vit_base,GradCAM,0.012159212928963827,0.1536395214498043,0.14148030852084048,False
30,vit_base,IntegratedGradients,0.04744483483955264,0.12499866932630538,0.07755383448675274,False
30,vit_base,Random,0.11818344034254552,0.08897774694487454,-0.029205693397670984,True
31,mobilevit_s,GradCAM,0.06586935026571154,0.14154440797865392,0.07567505771294238,False
31,mobilevit_s,IntegratedGradients,0.041870990072493446,0.2030417148023844,0.16117072472989094,False
31,mobilevit_s,Random,0.1694716786398203,0.2536121103912592,0.0841404317514389,False
31,resnet50,GradCAM,0.019260131558985448,0.17181560620665548,0.15255547464767003,False
31,resnet50,IntegratedGradients,0.015086397534469142,0.3086011499166489,0.2935147523821797,False
31,resnet50,LRP,0.01147943968535401,0.2119973838329315,0.2005179441475775,False
31,resnet50,Random,0.10359959732741118,0.047422338550677526,-0.05617725877673366,True
31,vit_base,Chefer-LRP,0.08298073624027894,0.25875514149665835,0.1757744052563794,False
31,vit_base,GradCAM,0.11446814918890595,0.2616835065186024,0.14721535732969643,False
31,vit_base,IntegratedGradients,0.12352412464097143,0.2402569591999054,0.11673283455893396,False
31,vit_base,Random,0.11911245871451684,0.1957067420706153,0.07659428335609847,False
32,mobilevit_s,GradCAM,0.17419742657803,0.4813646972179413,0.3071672706399113,False
32,mobilevit_s,IntegratedGradients,0.13594417911954226,0.48731724768877027,0.351373068569228,False
32,mobilevit_s,Random,0.3505705127492547,0.41440322920680045,0.06383271645754574,False
32,resnet50,GradCAM,0.16834263331256807,0.4998817846179009,0.33153915130533285,False
32,resnet50,IntegratedGradients,0.16932075107470157,0.49991003274917606,0.3305892816744745,False
32,resnet50,LRP,0.10984061073395425,0.499867658317089,0.3900270475831348,False
32,resnet50,Random,0.24233095552772282,0.30677724279230467,0.06444628726458185,False
32,vit_base,Chefer-LRP,0.17870058683911338,0.35845528990030295,0.17975470306118957,False
32,vit_base,GradCAM,0.1633245756616816,0.3439098596572876,0.180585283995606,False
32,vit_base,IntegratedGradients,0.3574568219482899,0.3403722561895847,-0.017084565758705206,True
32,vit_base,Random,0.41065972596406936,0.3960176944732666,-0.014642031490802732,True
33,mobilevit_s,GradCAM,0.3514774478971958,0.3822859197854996,0.030808471888303768,False
33,mobilevit_s,IntegratedGradients,0.353838630951941,0.3631053954362869,0.00926676448434588,False
33,mobilevit_s,Random,0.2840844865888358,0.28713942987378693,0.0030549432849511504,False
33,resnet50,GradCAM,0.4605515062808991,0.4992656320333481,0.038714125752449036,False
33,resnet50,IntegratedGradients,0.3865009501576424,0.49473022967576974,0.10822927951812733,False
33,resnet50,LRP,0.264021345146466,0.4971392124891282,0.23311786734266216,False
33,resnet50,Random,0.1697755032568239,0.21578844439645764,0.04601294113963375,False
33,vit_base,Chefer-LRP,0.230509028211236,0.27650516033172606,0.04599613212049006,False
33,vit_base,GradCAM,0.2688432104885578,0.2556114852428436,-0.013231725245714199,True
33,vit_base,IntegratedGradients,0.19759490266442298,0.3362456440925598,0.13865074142813683,False
33,vit_base,Random,0.2537694156169892,0.2739554543048144,0.020186038687825203,False
34,mobilevit_s,GradCAM,0.32172015234828,0.44087970107793806,0.11915954872965806,False
34,mobilevit_s,IntegratedGradients,0.2753699882741785,0.4123451367020607,0.13697514842788217,False
34,mobilevit_s,Random,0.15701015248123443,0.147186950014293,-0.009823202466941433,True
34,resnet50,GradCAM,0.49200772196054454,0.49998601377010354,0.007978291809559002,False
34,resnet50,IntegratedGradients,0.4999401271343231,0.4896471902728081,-0.010292936861515,True
34,resnet50,LRP,0.3674118289840408,0.49998782873153685,0.13257599974749606,False
34,resnet50,Random,0.3416073040891206,0.19241459868062522,-0.14919270540849539,True
34,vit_base,Chefer-LRP,0.4352221682667733,0.4065597280859947,-0.02866244018077857,True
34,vit_base,GradCAM,0.43152113705873485,0.4226566880941391,-0.008864448964595761,True
34,vit_base,IntegratedGradients,0.404620572924614,0.4303707912564278,0.02575021833181379,False
34,vit_base,Random,0.3611958891153336,0.3223678424954414,-0.0388280466198922,True
35,mobilevit_s,GradCAM,0.00031043622839206365,0.34077769771683963,0.3404672614884476,False
35,mobilevit_s,IntegratedGradients,0.00036354421272335454,0.006066898518474773,0.005703354305751418,False
35,mobilevit_s,Random,0.0004842320946409018,0.0002973745512463211,-0.0001868575433945807,True
35,resnet50,GradCAM,0.004038321301686665,0.42818094082176683,0.42414261952008014,False
35,resnet50,IntegratedGradients,0.004534916271313704,0.15521678142249584,0.15068186515118215,False
35,resnet50,LRP,0.005606558267209038,0.13351355530321599,0.12790699703600694,False
35,resnet50,Random,0.004265651492096368,0.01749211806336462,0.013226466571268252,False
35,vit_base,Chefer-LRP,0.0037274931091815233,0.014161702897399663,0.01043420978821814,False
35,vit_base,GradCAM,0.0022354527609422803,0.11606144849210977,0.11382599573116749,False
35,vit_base,IntegratedGradients,0.004669217288028449,0.010561898211017252,0.005892680922988803,False
35,vit_base,Random,0.0014870634360704571,0.001956248651549686,0.00046918521547922886,False
36,mobilevit_s,GradCAM,0.0320030820555985,0.08284402787685395,0.05084094582125545,False
36,mobilevit_s,IntegratedGradients,0.016029281995724887,0.03820254942402243,0.022173267428297543,False
36,mobilevit_s,Random,0.019383300514891746,0.015632511873263866,-0.0037507886416278807,True
36,resnet50,GradCAM,0.1408905664458871,0.49583563059568403,0.35494506414979693,False
36,resnet50,IntegratedGradients,0.15850202813744543,0.4884538039565086,0.3299517758190632,False
36,resnet50,LRP,0.07917830450460316,0.4919808074831963,0.4128025029785931,False
36,resnet50,Random,0.2213094737380743,0.2848791611613706,0.06356968742329627,False
36,vit_base,Chefer-LRP,0.060555642284452926,0.12296828180551529,0.062412639521062366,False
36,vit_base,GradCAM,0.055500420904718344,0.14838706701993942,0.09288664611522107,False
36,vit_base,IntegratedGradients,0.06462399000301958,0.08491980433464051,0.020295814331620934,False
36,vit_base,Random,0.08121138494461774,0.08329442907124757,0.002083044126629824,False
37,mobilevit_s,GradCAM,0.028509463703085203,0.18966734409332273,0.1611578803902375,False
37,mobilevit_s,IntegratedGradients,0.011018888358739787,0.18952103182673458,0.17850214346799478,False
37,mobilevit_s,Random,0.0910318830254255,0.1256215951347258,0.034589712109300286,False
37,resnet50,GradCAM,0.019302766048349445,0.09752117265015839,0.07821840660180894,False
37,resnet50,IntegratedGradients,0.004381538566667588,0.010481742466799913,0.006100203900132326,False
37,resnet50,LRP,0.0035351281403563917,0.029545695427805187,0.026010567287448796,False
37,resnet50,Random,0.031866469100350514,0.020660586334997788,-0.011205882765352726,True
37,vit_base,Chefer-LRP,0.023017064410669263,0.14404996186494828,0.12103289745427902,False
37,vit_base,GradCAM,0.022924484859686345,0.145334642380476,0.12241015752078965,False
37,vit_base,IntegratedGradients,0.03427280413452536,0.1367869846522808,0.10251418051775546,False
37,vit_base,Random,0.10937660693889485,0.11951241623610258,0.010135809297207726,False
38,mobilevit_s,GradCAM,0.4459859758615494,0.4119514629244805,-0.03403451293706894,True
38,mobilevit_s,IntegratedGradients,0.08145776634191863,0.465823544561863,0.38436577821994433,False
38,mobilevit_s,Random,0.13403193417107104,0.08273885759772384,-0.051293076573347196,True
38,resnet50,GradCAM,0.22326974086463452,0.4995486080646515,0.276278867200017,False
38,resnet50,IntegratedGradients,0.2484176676720381,0.49917394220829014,0.25075627453625204,False
38,resnet50,LRP,0.10910395551472903,0.4991153359413147,0.3900113804265857,False
38,resnet50,Random,0.31429440904175865,0.2185229522641748,-0.09577145677758384,True
38,vit_base,Chefer-LRP,0.3075510665774346,0.44274792075157166,0.13519685417413707,False
38,vit_base,GradCAM,0.33411510586738585,0.4551315784454346,0.12101647257804876,False
38,vit_base,IntegratedGradients,0.42501761168241503,0.4346416056156158,0.009623993933200792,False
38,vit_base,Random,0.3730242758989334,0.36739270985126493,-0.005631566047668457,True
39,mobilevit_s,GradCAM,0.2528826449066401,0.20904977545142173,-0.04383286945521836,True
39,mobilevit_s,IntegratedGradients,0.1054210914124269,0.13946297727525236,0.03404188586282546,False
39,mobilevit_s,Random,0.1488895385700744,0.18248176309280098,0.03359222452272659,False
39,resnet50,GradCAM,0.1573491087416187,0.4972140341997147,0.339864925458096,False
39,resnet50,IntegratedGradients,0.15277153626084328,0.4973795413970948,0.3446080051362515,False
39,resnet50,LRP,0.16352634057402612,0.49887133538722994,0.3353449948132038,False
39,resnet50,Random,0.140910790667337,0.11713444341314132,-0.02377634725419568,True
39,vit_base,Chefer-LRP,0.11131640831008553,0.27875801175832743,0.16744160344824188,False
39,vit_base,GradCAM,0.11934895701706408,0.241970344632864,0.12262138761579991,False
39,vit_base,IntegratedGradients,0.09239785708487033,0.26138862520456313,0.1689907681196928,False
39,vit_base,Random,0.19172261115163566,0.2373419907409698,0.045619379589334125,False
40,mobilevit_s,GradCAM,0.44560870379209516,0.47697185128927233,0.03136314749717717,False
40,mobilevit_s,IntegratedGradients,0.3235874328762293,0.46911257952451707,0.14552514664828775,False
40,mobilevit_s,Random,0.27049152078107,0.26996560702100403,-0.0005259137600659991,True
40,resnet50,GradCAM,0.4510675579309464,0.49999903142452234,0.04893147349357596,False
40,resnet50,IntegratedGradients,0.31066982466727494,0.49999861419200897,0.18932878952473403,False
40,resnet50,LRP,0.24967330256477,0.4999983251094818,0.2503250225447118,False
40,resnet50,Random,0.3064559124904918,0.27417697738274,-0.032278935107751816,True
40,vit_base,Chefer-LRP,0.341128432750702,0.43209062367677686,0.09096219092607488,False
40,vit_base,GradCAM,0.39867168478667736,0.4297713190317154,0.031099634245038033,False
40,vit_base,IntegratedGradients,0.3916912332177162,0.44629370719194406,0.05460247397422785,False
40,vit_base,Random,0.38474597036838526,0.420024599134922,0.03527862876653676,False
41,mobilevit_s,GradCAM,0.3764921918511391,0.4672078341245652,0.0907156422734261,False
41,mobilevit_s,IntegratedGradients,0.15399210394898546,0.4734227642416954,0.31943066029270994,False
41,mobilevit_s,Random,0.18558087912861085,0.17924601633494608,-0.0063348627936647695,True
41,resnet50,GradCAM,0.2964828187599778,0.4999909609556198,0.203508142195642,False
41,resnet50,IntegratedGradients,0.1810291277602913,0.4871134340763092,0.3060843063160179,False
41,resnet50,LRP,0.05400311419480204,0.49992023855447765,0.4459171243596756,False
41,resnet50,Random,0.12448811648996003,0.12377386342879873,-0.0007142530611612963,True
41,vit_base,Chefer-LRP,0.15318563424516474,0.4376801505684853,0.28449451632332057,False
41,vit_base,GradCAM,0.12259288104251029,0.4363768965005875,0.3137840154580772,False
41,vit_base,IntegratedGradients,0.37383599802851675,0.4349098041653633,0.06107380613684654,False
41,vit_base,Random,0.30662908218801027,0.3270352989435196,0.020406216755509354,False
42,mobilevit_s,GradCAM,0.0014424306544242426,0.0026427746284753088,0.0012003439740510661,False
42,mobilevit_s,IntegratedGradients,0.0001508928696239309,0.05359067741082982,0.05343978454120589,False
42,mobilevit_s,Random,0.0028123613265051968,0.0007750349577690941,-0.0020373263687361027,True
42,resnet50,GradCAM,0.0033621743374169463,0.019452435278799383,0.016090260941382436,False
42,resnet50,IntegratedGradients,0.0017468758749600965,0.0014720052133725403,-0.0002748706615875562,True
42,resnet50,LRP,0.009334370619264207,0.002247947065188783,-0.007086423554075424,True
42,resnet50,Random,0.00034570150264698893,0.00016396028677583276,-0.00018174121587115618,True
42,vit_base,Chefer-LRP,0.031041984073817728,0.3810082376003265,0.34996625352650873,False
42,vit_base,GradCAM,0.027444202429614963,0.3373780980706216,0.3099338956410066,False
42,vit_base,IntegratedGradients,0.040589349018409854,0.3350024756044149,0.29441312658600505,False
42,vit_base,Random,0.22300480557605623,0.13672030772577276,-0.08628449785028347,True
43,mobilevit_s,GradCAM,0.25525322457979205,0.46513039022684094,0.2098771656470489,False
43,mobilevit_s,IntegratedGradients,0.1709206666200771,0.4499257743358612,0.2790051077157841,False
43,mobilevit_s,Random,0.45827126055955886,0.3556249692046549,-0.10264629135490394,True
43,resnet50,GradCAM,0.3108873359800782,0.4999957859516144,0.1891084499715362,False
43,resnet50,IntegratedGradients,0.49223889261484144,0.49999444484710687,0.007755552232265428,False
43,resnet50,LRP,0.1290441841556458,0.49999265372753143,0.37094846957188565,False
43,resnet50,Random,0.4043581036385149,0.49996866285800934,0.09561055921949446,False
43,vit_base,Chefer-LRP,0.15373988510109488,0.37468035966157914,0.22094047456048427,False
43,vit_base,GradCAM,0.18869232822326013,0.3701790466904641,0.18148671846720396,False
43,vit_base,IntegratedGradients,0.3292253375053406,0.303306820988655,-0.025918516516685586,True
43,vit_base,Random,0.24063890054821968,0.2666625700891018,0.026023669540882144,False
44,mobilevit_s,GradCAM,0.0049035836476832625,0.02438047130126506,0.019476887653581798,False
44,mobilevit_s,IntegratedGradients,0.03063797320355661,0.00615958403213881,-0.0244783891714178,True
44,mobilevit_s,Random,0.024588984204456207,0.08057152284309269,0.055982538638636475,False
44,resnet50,GradCAM,0.004048834680361323,0.027166357560781763,0.02311752288042044,False
44,resnet50,IntegratedGradients,0.024262790725333615,0.0004908491678179417,-0.023771941557515674,True
44,resnet50,LRP,0.02287118720705621,0.0028619052143767478,-0.020009281992679463,True
44,resnet50,Random,0.018093298753956336,0.010326555889332668,-0.007766742864623668,True
44,vit_base,Chefer-LRP,0.15886348336935047,0.16545705497264865,0.006593571603298182,False
44,vit_base,GradCAM,0.10869740881025791,0.11593297505751252,0.0072355662472546045,False
44,vit_base,IntegratedGradients,0.17268549827858806,0.14347480684518815,-0.02921069143339991,True
44,vit_base,Random,0.06044837993104011,0.08208703084383161,0.021638650912791497,False
45,mobilevit_s,GradCAM,0.0663484524935484,0.019260083043991474,-0.047088369449556924,True
45,mobilevit_s,IntegratedGradients,0.01696367587637724,0.1019691452383995,0.08500546936202227,False
45,mobilevit_s,Random,0.018176662344376385,0.012068021183404198,-0.006108641160972187,True
45,resnet50,GradCAM,0.11738188381714282,0.39096861034631725,0.27358672652917443,False
45,resnet50,IntegratedGradients,0.13195143118500713,0.2831903361948207,0.15123890500981357,False
45,resnet50,LRP,0.043993489688728,0.40965960323810574,0.3656661135493777,False
45,resnet50,Random,0.1377361381717947,0.09647275951827315,-0.041263378653521546,True
45,vit_base,Chefer-LRP,0.012661999720148741,0.10724745951592923,0.0945854597957805,False
45,vit_base,GradCAM,0.026929638348519802,0.03291271501220763,0.005983076663687831,False
45,vit_base,IntegratedGradients,0.0290821397502441,0.10201457254588604,0.07293243279564195,False
45,vit_base,Random,0.058657339122146365,0.053732624731492255,-0.00492471439065411,True
46,mobilevit_s,GradCAM,0.07036364892164784,0.47489116489887234,0.40452751597722447,False
46,mobilevit_s,IntegratedGradients,0.07770553618556733,0.4750926837325096,0.39738714754694227,False
46,mobilevit_s,Random,0.1114425160587416,0.0791550145193469,-0.032287501539394706,True
46,resnet50,GradCAM,0.23763778083848594,0.49983621537685397,0.262198434538368,False
46,resnet50,IntegratedGradients,0.225531825471262,0.49978742599487297,0.274255600523611,False
46,resnet50,LRP,0.12560849059300383,0.49970963448286054,0.3741011438898567,False
46,resnet50,Random,0.2906408471753821,0.13584833378702685,-0.15479251338835523,True
46,vit_base,Chefer-LRP,0.1419767535568099,0.29792760014534003,0.15595084658853015,False
46,vit_base,GradCAM,0.1600194784557971,0.3333967953920365,0.1733773169362394,False
46,vit_base,IntegratedGradients,0.13998554740683178,0.37128637284040455,0.23130082543357278,False
46,vit_base,Random,0.2053156575188041,0.24247935031307863,0.03716369279427453,False
47,mobilevit_s,GradCAM,0.10999339267145845,0.48563825339078903,0.37564486071933056,False
47,mobilevit_s,IntegratedGradients,0.03577030175947585,0.4865105241537093,0.4507402223942335,False
47,mobilevit_s,Random,0.32121909085472,0.3674865773427882,0.04626748648806822,False
47,resnet50,GradCAM,0.2753432082012296,0.4999998062849045,0.22465659808367489,False
47,resnet50,IntegratedGradients,0.19524037364753896,0.49999911487102516,0.30475874122348623,False
47,resnet50,LRP,0.16596789337927478,0.4999996274709701,0.3340317340916953,False
47,resnet50,Random,0.2362703062244691,0.22783662679958072,-0.008433679424888374,True
47,vit_base,Chefer-LRP,0.10841163080185652,0.3603424370288849,0.2519308062270284,False
47,vit_base,GradCAM,0.12881698505952954,0.39413626194000245,0.2653192768804729,False
47,vit_base,IntegratedGradients,0.3594781793653965,0.35087829977273943,-0.008599879592657067,True
47,vit_base,Random,0.33273935280740263,0.36127013862133023,0.028530785813927595,False
48,mobilevit_s,GradCAM,0.46774310767650606,0.4724517792463302,0.00470867156982413,False
48,mobilevit_s,IntegratedGradients,0.4729136735200882,0.4733767807483673,0.000463107228279136,False
48,mobilevit_s,Random,0.428905925503932,0.44676812291145324,0.017862197407521263,False
48,resnet50,GradCAM,0.499845863878727,0.5,0.00015413612127301857,False
48,resnet50,IntegratedGradients,0.4999988824129105,0.5,1.117587089483063e-06,False
48,resnet50,LRP,0.4676436081528663,0.5,0.03235639184713368,False
48,resnet50,Random,0.48966264128684994,0.46808713162317866,-0.021575509663671277,True
48,vit_base,Chefer-LRP,0.4406535118818283,0.4148742839694023,-0.025779227912425984,True
48,vit_base,GradCAM,0.44604513347148894,0.41536495089530945,-0.030680182576179493,True
48,vit_base,IntegratedGradients,0.44515904337167744,0.4175903648138047,-0.02756867855787276,True
48,vit_base,Random,0.43019762933254246,0.41547858566045764,-0.01471904367208482,True
49,mobilevit_s,GradCAM,0.18867196663049984,0.4684040665626526,0.27973209993215276,False
49,mobilevit_s,IntegratedGradients,0.33314556144468954,0.4696473777294159,0.13650181628472635,False
49,mobilevit_s,Random,0.28412171947857134,0.3362093609845034,0.052087641505932036,False
49,resnet50,GradCAM,0.34434161667304586,0.49999989271163936,0.1556582760385935,False
49,resnet50,IntegratedGradients,0.3411573549732566,0.49999997317790984,0.15884261820465323,False
49,resnet50,LRP,0.2309660965125659,0.4999999672174454,0.2690338707048795,False
49,resnet50,Random,0.44219035953283314,0.3031717877835035,-0.13901857174932963,True
49,vit_base,Chefer-LRP,0.34622858017683034,0.4164589807391167,0.07023040056228635,False
49,vit_base,GradCAM,0.38050778582692146,0.4208393007516861,0.04033151492476461,False
49,vit_base,IntegratedGradients,0.4276984751224518,0.42113853543996815,-0.00655993968248364,True
49,vit_base,Random,0.36066889613866804,0.39622999876737597,0.03556110262870793,False
50,mobilevit_s,GradCAM,0.19222797260154037,0.3260742172598839,0.13384624465834352,False
50,mobilevit_s,IntegratedGradients,0.10538288737880065,0.37620460987091064,0.27082172249211,False
50,mobilevit_s,Random,0.05681707243493293,0.0381005045332131,-0.018716567901719834,True
50,resnet50,GradCAM,0.49658283740282055,0.4999580889940262,0.0033752515912056635,False
50,resnet50,IntegratedGradients,0.4146479800343513,0.4995545282959939,0.08490654826164257,False
50,resnet50,LRP,0.32065029561053965,0.4998448356986046,0.17919454008806496,False
50,resnet50,Random,0.18390715304994956,0.16277799836825582,-0.02112915468169374,True
50,vit_base,Chefer-LRP,0.3769150167703629,0.4187754362821579,0.04186041951179503,False
50,vit_base,GradCAM,0.39522780478000646,0.42132633924484253,0.026098534464836065,False
50,vit_base,IntegratedGradients,0.3854587629437446,0.4196393132209778,0.03418055027723321,False
50,vit_base,Random,0.3466315168887377,0.33692414313554764,-0.009707373753190085,True
51,mobilevit_s,GradCAM,0.12858967542706526,0.47060923427343365,0.34201955884636837,False
51,mobilevit_s,IntegratedGradients,0.22838720217114317,0.4727512314915657,0.24436402932042256,False
51,mobilevit_s,Random,0.22577190697193147,0.24137697014957668,0.015605063177645206,False
51,resnet50,GradCAM,0.2343432452529669,0.49999809563159936,0.26565485037863246,False
51,resnet50,IntegratedGradients,0.09216462932527066,0.4999985873699188,0.40783395804464817,False
51,resnet50,LRP,0.1401284522842616,0.49999822974205016,0.3598697774577886,False
51,resnet50,Random,0.247903021839511,0.4120268935337663,0.16412387169425532,False
51,vit_base,Chefer-LRP,0.15133595962543042,0.4087043792009354,0.25736841957550494,False
51,vit_base,GradCAM,0.14245290979743003,0.42155139297246935,0.2790984831750393,False
51,vit_base,IntegratedGradients,0.2276244960492477,0.4334112450480461,0.20578674899879842,False
51,vit_base,Random,0.3523527152836323,0.309431665763259,-0.042921049520373344,True
52,mobilevit_s,GradCAM,0.008909081164165401,0.02155490890145302,0.01264582773728762,False
52,mobilevit_s,IntegratedGradients,0.006487404469953617,0.014881832897663117,0.008394428427709499,False
52,mobilevit_s,Random,0.011410865864309016,0.01531363002577564,0.0039027641614666243,False
52,resnet50,GradCAM,0.0158265961043071,0.001903307839529589,-0.013923288264777511,True
52,resnet50,IntegratedGradients,0.018355940183391796,0.00048624349947203884,-0.01786969668391976,True
52,resnet50,LRP,0.009495201002573594,0.000675087992567569,-0.008820113010006025,True
52,resnet50,Random,0.004090339058893732,0.007432018534746019,0.0033416794758522866,False
52,vit_base,Chefer-LRP,0.037336757633602245,0.060390180349349974,0.02305342271574773,False
52,vit_base,GradCAM,0.06087611326947809,0.03671081773936749,-0.024165295530110598,True
52,vit_base,IntegratedGradients,0.0651665116660297,0.046401232481002815,-0.018765279185026885,True
52,vit_base,Random,0.041067116335034376,0.05910090934485197,0.018033793009817597,False
53,mobilevit_s,GradCAM,0.07579846596345308,0.2289545342326164,0.15315606826916334,False
53,mobilevit_s,IntegratedGradients,0.04151004273444414,0.19958385080099106,0.15807380806654692,False
53,mobilevit_s,Random,0.1045091106556356,0.11062001902610065,0.006110908370465046,False
53,resnet50,GradCAM,0.363358358014375,0.49976229667663574,0.13640393866226075,False
53,resnet50,IntegratedGradients,0.3041409574914723,0.49916099309921264,0.19502003560774034,False
53,resnet50,LRP,0.22706578919314785,0.49950030893087394,0.2724345197377261,False
53,resnet50,Random,0.29402418322861196,0.3054033901542425,0.011379206925630547,False
53,vit_base,Chefer-LRP,0.23079795544035736,0.40769324898719783,0.17689529354684047,False
53,vit_base,GradCAM,0.27811164949089284,0.3975635334849357,0.11945188399404288,False
53,vit_base,IntegratedGradients,0.36662608981132505,0.40274776220321656,0.03612167239189151,False
53,vit_base,Random,0.32613177746534344,0.3504726231098175,0.024340845644474085,False
54,mobilevit_s,GradCAM,0.01932249327564932,0.4410377755761146,0.4217152823004653,False
54,mobilevit_s,IntegratedGradients,0.1343280380293436,0.40565479546785355,0.27132675743851,False
54,mobilevit_s,Random,0.20726498083495246,0.20522279941233137,-0.002042181422621081,True
54,resnet50,GradCAM,0.024763341714606212,0.48981813788413997,0.46505479616953377,False
54,resnet50,IntegratedGradients,0.025001311428786723,0.4873822197318077,0.462380908303021,False
54,resnet50,LRP,0.02545556109762401,0.4878208503127098,0.46236528921508574,False
54,resnet50,Random,0.16502745572433927,0.029805592668890317,-0.13522186305544895,True
54,vit_base,Chefer-LRP,0.015899347671074794,0.2651750028133392,0.24927565514226444,False
54,vit_base,GradCAM,0.03179238368174993,0.2811765484511852,0.2493841647694353,False
54,vit_base,IntegratedGradients,0.06018412528792396,0.28977658897638325,0.2295924636884593,False
54,vit_base,Random,0.25399567522108557,0.14875003285706045,-0.10524564236402512,True
55,mobilevit_s,GradCAM,0.013427282706834374,0.003360062828869559,-0.010067219877964816,True
55,mobilevit_s,IntegratedGradients,0.001848062033241149,0.0505587044171989,0.04871064238395775,False
55,mobilevit_s,Random,0.0029274440930748824,0.0034191508668300237,0.0004917067737551413,False
55,resnet50,GradCAM,0.0008174924965715035,0.009645313560031352,0.008827821063459848,False
55,resnet50,IntegratedGradients,0.006059291469864548,0.002191718708490953,-0.003867572761373595,True
55,resnet50,LRP,0.02419661763124168,0.0012737811102851992,-0.02292283652095648,True
55,resnet50,Random,0.003922114684246481,0.0006413384275219869,-0.0032807762567244937,True
55,vit_base,Chefer-LRP,0.0056395146355498575,0.13249684292823077,0.12685732829268093,False
55,vit_base,GradCAM,0.06934077497571708,0.14852695297449825,0.07918617799878117,False
55,vit_base,IntegratedGradients,0.014181225793436171,0.1155560551211238,0.10137482932768763,False
55,vit_base,Random,0.009784689953085037,0.009703336632810535,-8.135332027450239e-05,True
56,mobilevit_s,GradCAM,0.013134582043858246,0.007664495368953795,-0.005470086674904451,True
56,mobilevit_s,IntegratedGradients,0.004636037728778319,0.010668218228965999,0.00603218050018768,False
56,mobilevit_s,Random,0.004835720016853884,0.01868244202778442,0.013846722010930537,False
56,resnet50,GradCAM,0.00577832288108766,0.01398751160595566,0.008209188724868,False
56,resnet50,IntegratedGradients,0.02167489305138588,0.014243413077201696,-0.0074314799741841825,True
56,resnet50,LRP,0.0032305424758305888,0.013010623608715834,0.009780081132885244,False
56,resnet50,Random,0.020746220578439535,0.00489941145060584,-0.015846809127833695,True
56,vit_base,Chefer-LRP,0.09458662951365114,0.3992851465940475,0.30469851708039636,False
56,vit_base,GradCAM,0.07463506034109743,0.38922565728425984,0.3145905969431624,False
56,vit_base,IntegratedGradients,0.18947111628949645,0.3881604194641113,0.19868930317461483,False
56,vit_base,Random,0.26767122722230857,0.16174329849891364,-0.10592792872339493,True
57,mobilevit_s,GradCAM,0.1638277719554026,0.13384598544798793,-0.029981786507414676,True
57,mobilevit_s,IntegratedGradients,0.025622462625688062,0.2481271378695965,0.22250467524390843,False
57,mobilevit_s,Random,0.08239397827419453,0.030827709157529172,-0.05156626911666536,True
57,resnet50,GradCAM,0.08640948990359902,0.4939756065607071,0.40756611665710807,False
57,resnet50,IntegratedGradients,0.08491170583292841,0.4922436326742172,0.4073319268412888,False
57,resnet50,LRP,0.0726316844811663,0.4980364218354225,0.4254047373542562,False
57,resnet50,Random,0.16926533056539483,0.2672350739158446,0.09796974335044978,False
57,vit_base,Chefer-LRP,0.10276738535612823,0.3851617544889451,0.28239436913281685,False
57,vit_base,GradCAM,0.0694749975576997,0.3623687356710434,0.2928937381133437,False
57,vit_base,IntegratedGradients,0.11398627907037735,0.3617978483438492,0.24781156927347187,False
57,vit_base,Random,0.32539483942091463,0.29928247788921,-0.026112361531704653,True
58,mobilevit_s,GradCAM,0.007555118409800344,0.28152546659111977,0.27397034818131943,False
58,mobilevit_s,IntegratedGradients,0.0635754092474599,0.28256245478987696,0.21898704554241705,False
58,mobilevit_s,Random,0.26160450056195256,0.175110663014857,-0.08649383754709555,True
58,resnet50,GradCAM,0.003569183942454402,0.01797075434587896,0.014401570403424557,False
58,resnet50,IntegratedGradients,0.0020945980188116667,0.03691104548051953,0.03481644746170787,False
58,resnet50,LRP,0.0017714564222842456,0.010792475356720387,0.009021018934436142,False
58,resnet50,Random,0.009073339129099621,0.016777182661462577,0.007703843532362956,False
58,vit_base,Chefer-LRP,0.03847672904375941,0.1859282270073891,0.1474514979636297,False
58,vit_base,GradCAM,0.02935959204623941,0.181415144354105,0.15205555230786558,False
58,vit_base,IntegratedGradients,0.05623014979064466,0.1771726433187723,0.12094249352812764,False
58,vit_base,Random,0.16745674163103105,0.17893981188535696,0.011483070254325906,False
59,mobilevit_s,GradCAM,0.23785350620746615,0.2911562539637089,0.053302747756242774,False
59,mobilevit_s,IntegratedGradients,0.1469569555745693,0.470897313952446,0.3239403583778767,False
59,mobilevit_s,Random,0.26569347279146316,0.4256013233214617,0.15990785052999856,False
59,resnet50,GradCAM,0.3936601870693267,0.4984959319233895,0.10483574485406277,False
59,resnet50,IntegratedGradients,0.47204617857933046,0.48676803410053254,0.014721855521202087,False
59,resnet50,LRP,0.1750302833504975,0.4984140515327454,0.3233837681822479,False
59,resnet50,Random,0.36729227658361197,0.3333605858031661,-0.03393169078044589,True
59,vit_base,Chefer-LRP,0.19431785620981828,0.36826195269823075,0.17394409648841247,False
59,vit_base,GradCAM,0.24154540156014268,0.3546013027429581,0.11305590118281542,False
59,vit_base,IntegratedGradients,0.3668711051344872,0.29546009302139287,-0.07141101211309431,True
59,vit_base,Random,0.35459745749831195,0.3574082627892494,0.002810805290937468,False
60,mobilevit_s,GradCAM,0.1982990228570998,0.2898521736264229,0.0915531507693231,False
60,mobilevit_s,IntegratedGradients,0.051593349172617306,0.2864458829164505,0.2348525337438332,False
60,mobilevit_s,Random,0.08268992751654879,0.1751652244187426,0.09247529690219382,False
60,resnet50,GradCAM,0.4409975768998266,0.4994936138391495,0.05849603693932287,False
60,resnet50,IntegratedGradients,0.34212384046986705,0.4965644657611847,0.15444062529131763,False
60,resnet50,LRP,0.27111734636127954,0.49905702918767925,0.2279396828263997,False
60,resnet50,Random,0.1582559830392711,0.1446328826015815,-0.013623100437689606,True
60,vit_base,Chefer-LRP,0.12984749320894481,0.13859385661780835,0.008746363408863533,False
60,vit_base,GradCAM,0.20274858549237249,0.1267605435103178,-0.0759880419820547,True
60,vit_base,IntegratedGradients,0.1943271428346634,0.13644429594278337,-0.05788284689188003,True
60,vit_base,Random,0.13882278203964232,0.140882596001029,0.002059813961386686,False
61,mobilevit_s,GradCAM,0.2544676721096039,0.43917932361364365,0.18471165150403973,False
61,mobilevit_s,IntegratedGradients,0.08229611590504649,0.3815241515636444,0.2992280356585979,False
61,mobilevit_s,Random,0.14765184298157694,0.13260198049247265,-0.015049862489104282,True
61,resnet50,GradCAM,0.17925463067367675,0.48147763460874554,0.3022230039350688,False
61,resnet50,IntegratedGradients,0.07170529668219389,0.3735998749732971,0.3018945782911032,False
61,resnet50,LRP,0.13323427420109513,0.43260625153779986,0.29937197733670473,False
61,resnet50,Random,0.13929831501081938,0.2400027231293279,0.10070440811850853,False
61,vit_base,Chefer-LRP,0.08336366526782513,0.3870085805654526,0.3036449152976275,False
61,vit_base,GradCAM,0.09698435999453067,0.3658195838332176,0.26883522383868697,False
61,vit_base,IntegratedGradients,0.10518740462139249,0.36345077455043795,0.25826336992904547,False
61,vit_base,Random,0.29020398668944836,0.35670458376407627,0.06650059707462791,False
62,mobilevit_s,GradCAM,0.004588459001388401,0.1349119359627366,0.1303234769613482,False
62,mobilevit_s,IntegratedGradients,0.004110306430084166,0.023213489510817455,0.019103183080733287,False
62,mobilevit_s,Random,0.009072759666014462,0.00916518877420458,9.24291081901181e-05,False
62,resnet50,GradCAM,9.455295166844736e-05,0.07152097246653284,0.07142641951486439,False
62,resnet50,IntegratedGradients,0.0007623608864378183,0.00011989701652055373,-0.0006424638699172647,True
62,resnet50,LRP,0.00021458223836816616,0.0007716326486843172,0.000557050410316151,False
62,resnet50,Random,0.0010883119723530399,0.00026295105599274395,-0.0008253609163602959,True
62,vit_base,Chefer-LRP,0.004018793566501699,0.05311595834791661,0.04909716478141491,False
62,vit_base,GradCAM,0.003447704933932982,0.05291508529335259,0.04946738035941961,False
62,vit_base,IntegratedGradients,0.0027723788647563198,0.03926454605534673,0.03649216719059041,False
62,vit_base,Random,0.030565541097894312,0.020622338517569005,-0.009943202580325307,True
63,mobilevit_s,GradCAM,0.012390589908136462,0.2912837989628315,0.27889320905469506,False
63,mobilevit_s,IntegratedGradients,0.013436584823648446,0.19311245083808903,0.17967586601444058,False
63,mobilevit_s,Random,0.051740395103115594,0.11710953417496056,0.06536913907184497,False
63,resnet50,GradCAM,0.10357201956212522,0.47735534608364105,0.3737833265215158,False
63,resnet50,IntegratedGradients,0.19340696435247084,0.46624244749546057,0.2728354831429897,False
63,resnet50,LRP,0.0751307003578404,0.4647152870893479,0.3895845867315075,False
63,resnet50,Random,0.21800185688091464,0.353799042198807,0.13579718531789234,False
63,vit_base,Chefer-LRP,0.05057760369963944,0.27621593624353413,0.2256383325438947,False
63,vit_base,GradCAM,0.027313711715396493,0.2717192955315113,0.24440558381611482,False
63,vit_base,IntegratedGradients,0.15894863251596694,0.17679523276165127,0.017846600245684324,False
63,vit_base,Random,0.14713735468685626,0.14552727937698368,-0.0016100753098725884,True
64,mobilevit_s,GradCAM,0.043737301864166515,0.40750294923782354,0.363765647373657,False
64,mobilevit_s,IntegratedGradients,0.031780666265694896,0.3870446830987931,0.35526401683309816,False
64,mobilevit_s,Random,0.025755445576942294,0.03747640073561343,0.011720955158671137,False
64,resnet50,GradCAM,0.028315908658260013,0.49366496801376347,0.46534905935550347,False
64,resnet50,IntegratedGradients,0.028032037557568404,0.4925438225269318,0.4645117849693634,False
64,resnet50,LRP,0.0307764746947214,0.4964357241988182,0.4656592495040968,False
64,resnet50,Random,0.03783115536498372,0.06584729666064959,0.028016141295665868,False
64,vit_base,Chefer-LRP,0.056052681559231134,0.35393655300140386,0.2978838714421727,False
64,vit_base,GradCAM,0.05502169184037484,0.377901928126812,0.32288023628643714,False
64,vit_base,IntegratedGradients,0.10291042316239328,0.4032713904976845,0.3003609673352912,False
64,vit_base,Random,0.2596692696213722,0.347452125325799,0.08778285570442679,False
65,mobilevit_s,GradCAM,0.01821449130075052,0.03973127035424113,0.021516779053490608,False
65,mobilevit_s,IntegratedGradients,0.23442344348877667,0.07123922053724527,-0.1631842229515314,True
65,mobilevit_s,Random,0.12444860851392149,0.07796558896079658,-0.04648301955312491,True
65,resnet50,GradCAM,0.049862258369103074,0.10126346256583929,0.05140120419673622,False
65,resnet50,IntegratedGradients,0.008169575671490749,0.05898474156856537,0.05081516589707462,False
65,resnet50,LRP,0.008662208879832179,0.0638050775974989,0.05514286871766672,False
65,resnet50,Random,0.02032742725219663,0.011270815939019485,-0.009056611313177145,True
65,vit_base,Chefer-LRP,0.13083860650658607,0.1884626463055611,0.05762403979897501,False
65,vit_base,GradCAM,0.17742480114102363,0.17063223123550414,-0.006792569905519491,True
65,vit_base,IntegratedGradients,0.18481248319149018,0.16937983483076094,-0.015432648360729245,True
65,vit_base,Random,0.20137591958045958,0.15487089231610296,-0.046505027264356624,True
66,mobilevit_s,GradCAM,0.16923412788892167,0.4825811222195625,0.31334699433064084,False
66,mobilevit_s,IntegratedGradients,0.043007750913966455,0.473996527493,0.4309887765790335,False
66,mobilevit_s,Random,0.24048635562648996,0.220483495015651,-0.020002860610838946,True
66,resnet50,GradCAM,0.18499828691128645,0.49997582584619527,0.3149775389349088,False
66,resnet50,IntegratedGradients,0.1415401726961136,0.4999640002846718,0.3584238275885582,False
66,resnet50,LRP,0.13121184425544927,0.49998122751712804,0.36876938326167874,False
66,resnet50,Random,0.17577047426020728,0.29811523202806717,0.12234475776785989,False
66,vit_base,Chefer-LRP,0.2003458710387349,0.36906073689460756,0.16871486585587264,False
66,vit_base,GradCAM,0.20266020889393985,0.3682240024209023,0.16556379352696246,False
66,vit_base,IntegratedGradients,0.31863100454211235,0.33677819222211836,0.018147187680006005,False
66,vit_base,Random,0.347856405377388,0.34079457223415377,-0.00706183314323422,True
67,mobilevit_s,GradCAM,0.1938975368830143,0.4295579940080642,0.2356604571250499,False
67,mobilevit_s,IntegratedGradients,0.33742441316135224,0.3860305309295654,0.048606117768213164,False
67,mobilevit_s,Random,0.2850212843797636,0.2094694230232563,-0.0755518613565073,True
67,resnet50,GradCAM,0.40514659318141644,0.4993470922112464,0.09420049902982996,False
67,resnet50,IntegratedGradients,0.46449543461203574,0.44945373982191084,-0.015041694790124904,True
67,resnet50,LRP,0.28465195968092305,0.49833057224750515,0.2136786125665821,False
67,resnet50,Random,0.3975052265646809,0.2540459562325851,-0.14345927033209582,True
67,vit_base,Chefer-LRP,0.30347038973122836,0.3851837903261185,0.08171340059489013,False
67,vit_base,GradCAM,0.1724453460148652,0.3802069202065468,0.2077615741916816,False
67,vit_base,IntegratedGradients,0.3509558968245984,0.3578827477991581,0.006926850974559695,False
67,vit_base,Random,0.23927318155765534,0.2988963767886162,0.05962319523096085,False
68,mobilevit_s,GradCAM,0.07340534133836628,0.44640303105115886,0.37299768971279257,False
68,mobilevit_s,IntegratedGradients,0.08316324666666335,0.45113237053155897,0.3679691238648956,False
68,mobilevit_s,Random,0.16494926259692874,0.2748565625246556,0.10990729992772688,False
68,resnet50,GradCAM,0.3424202010035515,0.49999998807907103,0.1575797870755195,False
68,resnet50,IntegratedGradients,0.370984847843647,0.49947814941406254,0.12849330157041555,False
68,resnet50,LRP,0.17219686203170567,0.5,0.3278031379682943,False
68,resnet50,Random,0.22717948579811492,0.3872184287989512,0.16003894300083626,False
68,vit_base,Chefer-LRP,0.11573132132180035,0.4440322026610375,0.3283008813392371,False
68,vit_base,GradCAM,0.2552492207847536,0.43127347677946093,0.17602425599470733,False
68,vit_base,IntegratedGradients,0.09539315598085522,0.42083260118961335,0.3254394452087581,False
68,vit_base,Random,0.30638425215147436,0.3811289960518479,0.07474474390037356,False
69,mobilevit_s,GradCAM,0.13348456020466987,0.47677629292011264,0.3432917327154428,False
69,mobilevit_s,IntegratedGradients,0.4590256676077843,0.41116089671850203,-0.04786477088928226,True
69,mobilevit_s,Random,0.19270752624142917,0.20173645250906708,0.009028926267637905,False
69,resnet50,GradCAM,0.3940847618505359,0.5,0.10591523814946407,False
69,resnet50,IntegratedGradients,0.4175098199688364,0.4999792069196701,0.08246938695083372,False
69,resnet50,LRP,0.22935449780488854,0.5,0.27064550219511146,False
69,resnet50,Random,0.32836268863757145,0.2766469731461257,-0.05171571549144577,True
69,vit_base,Chefer-LRP,0.336558499187231,0.41203834563493735,0.07547984644770633,False
69,vit_base,GradCAM,0.42819868624210355,0.3928626701235771,-0.03533601611852644,True
69,vit_base,IntegratedGradients,0.39448873102664955,0.40105662643909457,0.006567895412445013,False
69,vit_base,Random,0.37612851411104203,0.394022724032402,0.017894209921359983,False
70,mobilevit_s,GradCAM,0.2915512786188628,0.4423127546906471,0.1507614760717843,False
70,mobilevit_s,IntegratedGradients,0.1567950594937429,0.4405549168586731,0.2837598573649302,False
70,mobilevit_s,Random,0.21936106160283092,0.46495808362960817,0.24559702202677725,False
70,resnet50,GradCAM,0.33538267686963086,0.49999190866947174,0.16460923179984088,False
70,resnet50,IntegratedGradients,0.4901837661862374,0.49921637475490577,0.009032608568668388,False
70,resnet50,LRP,0.08427252453984692,0.4999933481216431,0.4157208235817962,False
70,resnet50,Random,0.4754999637603759,0.438287279009819,-0.03721268475055689,True
70,vit_base,Chefer-LRP,0.2144499574089423,0.43732396364212034,0.22287400623317805,False
70,vit_base,GradCAM,0.20153100603783972,0.43760251849889753,0.23607151246105781,False
70,vit_base,IntegratedGradients,0.43959839791059496,0.3737426236271859,-0.06585577428340905,True
70,vit_base,Random,0.3548760667443276,0.3951838627457619,0.040307796001434304,False
71,mobilevit_s,GradCAM,0.021603820424206794,0.4023138061165809,0.38070998569237413,False
71,mobilevit_s,IntegratedGradients,0.023969542097984235,0.4033314615488053,0.37936191945082104,False
71,mobilevit_s,Random,0.3232050043996424,0.24522400796413424,-0.07798099643550815,True
71,resnet50,GradCAM,0.19222108593676243,0.4999833345413208,0.30776224860455836,False
71,resnet50,IntegratedGradients,0.19025130830705167,0.4999402776360512,0.30968896932899953,False
71,resnet50,LRP,0.03548360651766416,0.4999771773815155,0.46449357086385135,False
71,resnet50,Random,0.23863840184640142,0.34869098730559933,0.11005258545919791,False
71,vit_base,Chefer-LRP,0.08446399737149478,0.39451028406620026,0.31004628669470546,False
71,vit_base,GradCAM,0.07174568827904296,0.3795199364423752,0.3077742481633322,False
71,vit_base,IntegratedGradients,0.2728298272006214,0.4004099428653717,0.1275801156647503,False
71,vit_base,Random,0.3654879562556744,0.3460210412740707,-0.01946691498160369,True
72,mobilevit_s,GradCAM,0.11948268572741655,0.4841526359319687,0.3646699502045522,False
72,mobilevit_s,IntegratedGradients,0.11070104490609084,0.4807941854000092,0.37009314049391834,False
72,mobilevit_s,Random,0.27876284843077886,0.33639649897813795,0.05763365054735908,False
72,resnet50,GradCAM,0.2419338401523419,0.4999603360891342,0.2580264959367923,False
72,resnet50,IntegratedGradients,0.24550226172432302,0.4999714314937592,0.25446916976943623,False
72,resnet50,LRP,0.1192075381812174,0.499966475367546,0.3807589371863286,False
72,resnet50,Random,0.32861403510905807,0.30122597310692073,-0.027388062002137337,True
72,vit_base,Chefer-LRP,0.21190408516267778,0.45127101987600327,0.23936693471332549,False
72,vit_base,GradCAM,0.24698433931916958,0.44652846157550813,0.19954412225633855,False
72,vit_base,IntegratedGradients,0.4407570809125901,0.4434986069798469,0.0027415260672568054,False
72,vit_base,Random,0.4497351229190827,0.40071070939302444,-0.04902441352605824,True
73,mobilevit_s,GradCAM,0.06864206682512303,0.4491963714361191,0.3805543046109961,False
73,mobilevit_s,IntegratedGradients,0.10645608868608179,0.3384120531147346,0.2319559644286528,False
73,mobilevit_s,Random,0.11157510128541619,0.0699556879713782,-0.041619413314037984,True
73,resnet50,GradCAM,0.12237185478067421,0.49998461604118344,0.37761276126050924,False
73,resnet50,IntegratedGradients,0.025004515153035946,0.4999846696853638,0.4749801545323279,False
73,resnet50,LRP,0.0716586865866134,0.49997852742671967,0.42831984084010627,False
73,resnet50,Random,0.2683511589479167,0.30056639471731617,0.03221523576939944,False
73,vit_base,Chefer-LRP,0.10356187513098122,0.385191735625267,0.28162986049428573,False
73,vit_base,GradCAM,0.07855413606157527,0.39548371285200123,0.316929576790426,False
73,vit_base,IntegratedGradients,0.12941121003823355,0.32686209529638294,0.19745088525814938,False
73,vit_base,Random,0.1768754170960165,0.1488282633945346,-0.02804715370148192,True
74,mobilevit_s,GradCAM,0.23762434050440792,0.3470545023679733,0.10943016186356538,False
74,mobilevit_s,IntegratedGradients,0.20887682366010268,0.3296405300498009,0.12076370638969819,False
74,mobilevit_s,Random,0.27734802663326263,0.29095317497849466,0.013605148345232021,False
74,resnet50,GradCAM,0.26541393250226974,0.45967629700899115,0.1942623645067214,False
74,resnet50,IntegratedGradients,0.28908028155565263,0.4558786302804947,0.16679834872484206,False
74,resnet50,LRP,0.18243884090334178,0.4629489302635193,0.2805100893601775,False
74,resnet50,Random,0.42428196370601656,0.4180757269263267,-0.006206236779689844,True
74,vit_base,Chefer-LRP,0.1647417776286602,0.2587957367300987,0.09405395910143849,False
74,vit_base,GradCAM,0.13838913515210152,0.2577868640422821,0.1193977288901806,False
74,vit_base,IntegratedGradients,0.20177593082189563,0.2759390369057655,0.07416310608386986,False
74,vit_base,Random,0.256854660063982,0.27296524569392205,0.016110585629940055,False
75,mobilevit_s,GradCAM,0.14039479109924288,0.3652915000915527,0.22489670899230982,False
75,mobilevit_s,IntegratedGradients,0.2800906121730804,0.2719007097184658,-0.008189902454614595,True
75,mobilevit_s,Random,0.2668992176651955,0.22919109761714934,-0.037708120048046134,True
75,resnet50,GradCAM,0.11912281417753548,0.45529828816652296,0.3361754739889875,False
75,resnet50,IntegratedGradients,0.322090570628643,0.4474655583500862,0.12537498772144323,False
75,resnet50,LRP,0.06906685695612397,0.4505296006798744,0.38146274372375044,False
75,resnet50,Random,0.420951996743679,0.3965124234557152,-0.02443957328796381,True
75,vit_base,Chefer-LRP,0.08139338679611684,0.2537052467465401,0.17231185995042325,False
75,vit_base,GradCAM,0.09167594546452167,0.2804052859544754,0.1887293404899537,False
75,vit_base,IntegratedGradients,0.2955500826239586,0.2322599723935127,-0.0632901102304459,True
75,vit_base,Random,0.25500172972679136,0.22431161105632783,-0.030690118670463534,True
76,mobilevit_s,GradCAM,0.05970825813710688,0.025067248474806545,-0.03464100966230034,True
76,mobilevit_s,IntegratedGradients,0.021825076978893777,0.04360803617164493,0.021782959192751153,False
76,mobilevit_s,Random,0.05187686090284843,0.031238431666861292,-0.02063842923598714,True
76,resnet50,GradCAM,0.010471215471625326,0.0010309504810720681,-0.009440264990553258,True
76,resnet50,IntegratedGradients,0.007945393791851529,0.001267758451285772,-0.006677635340565757,True
76,resnet50,LRP,0.01368796210590517,0.0019712706329301,-0.01171669147297507,True
76,resnet50,Random,0.02684684665873647,0.026262483646860346,-0.0005843630118761226,True
76,vit_base,Chefer-LRP,0.007746502387453802,0.010076651396229864,0.0023301490087760616,False
76,vit_base,GradCAM,0.009697055758442732,0.009998193010687828,0.00030113725224509627,False
76,vit_base,IntegratedGradients,0.013760701939463616,0.010807071253657341,-0.002953630685806275,True
76,vit_base,Random,0.026333991484716532,0.014399302517995236,-0.011934688966721296,True
77,mobilevit_s,GradCAM,0.04572455170564354,0.0222702943283366,-0.02345425737730694,True
77,mobilevit_s,IntegratedGradients,0.019197352759215396,0.0465171623043716,0.027319809545156202,False
77,mobilevit_s,Random,0.025115375527047946,0.023069772567851036,-0.00204560295919691,True
77,resnet50,GradCAM,0.00016023064081309711,0.002709584979493229,0.002549354338680132,False
77,resnet50,IntegratedGradients,0.0038070290569521595,0.0016264870408122076,-0.002180542016139952,True
77,resnet50,LRP,0.015968036915910488,9.503994133410742e-05,-0.01587299697457638,True
77,resnet50,Random,0.0022857320918774357,0.0058200952140396115,0.0035343631221621758,False
77,vit_base,Chefer-LRP,0.014710682042641567,0.02867220938205719,0.013961527339415622,False
77,vit_base,GradCAM,0.026380367569800004,0.01970130437985063,-0.006679063189949375,True
77,vit_base,IntegratedGradients,0.04000614192336798,0.03408718351274729,-0.005918958410620692,True
77,vit_base,Random,0.025939039653167132,0.026028433628380296,8.93939752131638e-05,False
78,mobilevit_s,GradCAM,0.19440898671746254,0.38610320389270786,0.19169421717524532,False
78,mobilevit_s,IntegratedGradients,0.06396387349814177,0.3562313511967659,0.29226747769862416,False
78,mobilevit_s,Random,0.2566876875236631,0.2399301178287715,-0.016757569694891616,True
78,resnet50,GradCAM,0.2618885774165392,0.415624637901783,0.1537360604852438,False
78,resnet50,IntegratedGradients,0.18582188701257113,0.2509991027414799,0.06517721572890878,False
78,resnet50,LRP,0.15439272150397298,0.3238392375409603,0.1694465160369873,False
78,resnet50,Random,0.2742803428322077,0.12741090789495502,-0.14686943493725269,True
78,vit_base,Chefer-LRP,0.29716666936874386,0.3923074275255204,0.09514075815677653,False
78,vit_base,GradCAM,0.3128368310630322,0.3857528045773506,0.07291597351431844,False
78,vit_base,IntegratedGradients,0.37574506103992467,0.3961791351437569,0.020434074103832245,False
78,vit_base,Random,0.29548582509160043,0.30502327606081964,0.009537450969219208,False
79,mobilevit_s,GradCAM,0.41529777348041536,0.27707268465310336,-0.138225088827312,True
79,mobilevit_s,IntegratedGradients,0.06417450830340385,0.4107373982667923,0.34656288996338847,False
79,mobilevit_s,Random,0.2203952496987768,0.373672466725111,0.1532772170263342,False
79,resnet50,GradCAM,0.26433763140812516,0.4936663940548897,0.22932876264676455,False
79,resnet50,IntegratedGradients,0.2377218917012215,0.4888669550418854,0.2511450633406639,False
79,resnet50,LRP,0.23058919254690413,0.4934910774230957,0.2629018848761916,False
79,resnet50,Random,0.35478598242625603,0.4085154354572297,0.05372945303097365,False
79,vit_base,Chefer-LRP,0.17669382877647877,0.33858075439929963,0.16188692562282087,False
79,vit_base,GradCAM,0.18475872911512853,0.326096223294735,0.14133749417960645,False
79,vit_base,IntegratedGradients,0.34630600512027737,0.305416389554739,-0.040889615565538384,True
79,vit_base,Random,0.3084384731948375,0.3149154961109161,0.006477022916078601,False
80,mobilevit_s,GradCAM,0.024035764172367635,0.44094562083482747,0.41690985666245983,False
80,mobilevit_s,IntegratedGradients,0.024547005298518346,0.4533437624573708,0.42879675715885246,False
80,mobilevit_s,Random,0.03123387827072293,0.02725072492612526,-0.0039831533445976695,True
80,resnet50,GradCAM,0.03905324492661748,0.49838520288467403,0.45933195795805654,False
80,resnet50,IntegratedGradients,0.02551674636224561,0.4943521589040757,0.4688354125418301,False
80,resnet50,LRP,0.02650292008129327,0.49737785458564754,0.47087493450435425,False
80,resnet50,Random,0.11381608690135181,0.03450038953305921,-0.07931569736829261,True
80,vit_base,Chefer-LRP,0.10441515331622214,0.4290982112288475,0.32468305791262536,False
80,vit_base,GradCAM,0.06997549511143006,0.4200980857014656,0.3501225905900356,False
80,vit_base,IntegratedGradients,0.07370457050856204,0.44018001407384877,0.3664754435652867,False
80,vit_base,Random,0.42119731456041337,0.37084865793585775,-0.05034865662455562,True
81,mobilevit_s,GradCAM,0.2621967584360391,0.4433615997433663,0.18116484130732718,False
81,mobilevit_s,IntegratedGradients,0.1749995581281837,0.43129366636276245,0.25629410823457877,False
81,mobilevit_s,Random,0.1321951845602598,0.3656733229756356,0.2334781384153758,False
81,resnet50,GradCAM,0.26444482719525697,0.4999847143888474,0.23553988719359042,False
81,resnet50,IntegratedGradients,0.09187347827246416,0.499948026239872,0.40807454796740783,False
81,resnet50,LRP,0.13283251619432124,0.49998070001602174,0.3671481838217005,False
81,resnet50,Random,0.46584397852420806,0.45185858234763143,-0.013985396176576625,True
81,vit_base,Chefer-LRP,0.09287795466370881,0.3619378343224525,0.26905987965874373,False
81,vit_base,GradCAM,0.07066140229580924,0.3747459083795547,0.30408450608374543,False
81,vit_base,IntegratedGradients,0.030560289893765007,0.376740200817585,0.34617991092382,False
81,vit_base,Random,0.3334663084708155,0.33973075747489934,0.00626444900408385,False
82,mobilevit_s,GradCAM,0.003288865332433489,0.04239196106791496,0.03910309573548147,False
82,mobilevit_s,IntegratedGradients,0.020311062146811314,0.05272103389725089,0.03240997175043958,False
82,mobilevit_s,Random,0.09161539431661367,0.07595934327691793,-0.015656051039695737,True
82,resnet50,GradCAM,0.03740901956334711,0.09506000168621542,0.057650982122868316,False
82,resnet50,IntegratedGradients,0.02841476043686271,0.1041323695331812,0.07571760909631849,False
82,resnet50,LRP,0.05488605303689837,0.06844437159597874,0.013558318559080372,False
82,resnet50,Random,0.05223445855081081,0.024895337969064714,-0.027339120581746097,True
82,vit_base,Chefer-LRP,0.07689271764829755,0.15301451906561853,0.07612180141732097,False
82,vit_base,GradCAM,0.06976737966760994,0.11872988231480121,0.048962502647191264,False
82,vit_base,IntegratedGradients,0.12773365154862404,0.1260161653161049,-0.0017174862325191331,True
82,vit_base,Random,0.09070400930941107,0.09280761945992708,0.002103610150516008,False
83,mobilevit_s,GradCAM,4.977470950962015e-05,0.00015693243385612733,0.00010715772434650718,False
83,mobilevit_s,IntegratedGradients,0.00010579795143712546,0.00012863537303928752,2.283742160216206e-05,False
83,mobilevit_s,Random,0.00014486174904959628,9.446826556995801e-05,-5.039348347963827e-05,True
83,resnet50,GradCAM,0.0002766340665402822,0.00036910614289809024,9.247207635780806e-05,False
83,resnet50,IntegratedGradients,0.0005482246342580765,0.0004222872936225031,-0.00012593734063557347,True
83,resnet50,LRP,0.0019446232108748518,0.00042431041947565973,-0.001520312791399192,True
83,resnet50,Random,0.00033662214991636574,0.00033575194393051786,-8.702059858478823e-07,True
83,vit_base,Chefer-LRP,0.0022913816588697954,0.0008790710882749409,-0.0014123105705948545,True
83,vit_base,GradCAM,0.0007663492666324601,0.0015049631212605164,0.0007386138546280563,False
83,vit_base,IntegratedGradients,0.0011446920252637935,0.000871681605349295,-0.00027301041991449853,True
83,vit_base,Random,0.0009078224218683317,0.0006700310477754102,-0.00023779137409292146,True
84,mobilevit_s,GradCAM,0.4665495455265045,0.4823654055595398,0.015815860033035256,False
84,mobilevit_s,IntegratedGradients,0.3076540487352759,0.4835973262786865,0.1759432775434106,False
84,mobilevit_s,Random,0.46840693801641464,0.44385137408971786,-0.024555563926696777,True
84,resnet50,GradCAM,0.16354695047484713,0.49988274425268175,0.3363357937778346,False
84,resnet50,IntegratedGradients,0.24712295851204547,0.4999501585960388,0.25282720008399334,False
84,resnet50,LRP,0.08114925075205975,0.4999038472771645,0.41875459652510477,False
84,resnet50,Random,0.49957879036664965,0.4723953455686569,-0.02718344479799273,True
84,vit_base,Chefer-LRP,0.20700611975044014,0.40842229276895525,0.2014161730185151,False
84,vit_base,GradCAM,0.1957197612151504,0.3885183990001679,0.1927986377850175,False
84,vit_base,IntegratedGradients,0.38203074038028717,0.41407194584608076,0.03204120546579359,False
84,vit_base,Random,0.41303665935993195,0.42494708150625227,0.01191042214632032,False
85,mobilevit_s,GradCAM,0.3616078123450279,0.424332982301712,0.06272516995668409,False
85,mobilevit_s,IntegratedGradients,0.2675363999325782,0.30380477327853445,0.03626837334595623,False
85,mobilevit_s,Random,0.2835994482040405,0.3891023010015488,0.10550285279750832,False
85,resnet50,GradCAM,0.27217884728452196,0.49997819364070895,0.22779934635618698,False
85,resnet50,IntegratedGradients,0.18934419199067637,0.49997245967388154,0.3106282676832052,False
85,resnet50,LRP,0.15065752053633333,0.49998297095298766,0.3493254504166543,False
85,resnet50,Random,0.47633420769125223,0.477774352952838,0.0014401452615857568,False
85,vit_base,Chefer-LRP,0.23983424436300999,0.3775685042142868,0.1377342598512768,False
85,vit_base,GradCAM,0.2596716236323119,0.3900393426418305,0.1303677190095186,False
85,vit_base,IntegratedGradients,0.2724329322576523,0.3659120708703995,0.0934791386127472,False
85,vit_base,Random,0.43733959048986437,0.4108101069927216,-0.026529483497142792,True
86,mobilevit_s,GradCAM,0.4114691365510226,0.41849849075078965,0.007029354199767079,False
86,mobilevit_s,IntegratedGradients,0.19443570615258068,0.4038268454372883,0.20939113928470762,False
86,mobilevit_s,Random,0.2529733384842985,0.26684930417686703,0.013875965692568548,False
86,resnet50,GradCAM,0.30966352132381875,0.4998419165611267,0.19017839523730795,False
86,resnet50,IntegratedGradients,0.4994472056627273,0.4984408527612686,-0.0010063529014587291,True
86,resnet50,LRP,0.26242852403083816,0.49987520426511767,0.2374466802342795,False
86,resnet50,Random,0.3237864540715236,0.3746459101123037,0.05085945604078007,False
86,vit_base,Chefer-LRP,0.32147387792356313,0.4242029249668121,0.10272904704324898,False
86,vit_base,GradCAM,0.301842582738027,0.4271964341402053,0.1253538514021783,False
86,vit_base,IntegratedGradients,0.41604233533143997,0.42146342694759364,0.005421091616153673,False
86,vit_base,Random,0.370659901201725,0.3871824249625206,0.016522523760795604,False
87,mobilevit_s,GradCAM,0.4534827589988708,0.40511627942323686,-0.04836647957563395,True
87,mobilevit_s,IntegratedGradients,0.027461100979417095,0.43694656193256376,0.40948546095314664,False
87,mobilevit_s,Random,0.2684279546248035,0.1921508893515693,-0.07627706527323422,True
87,resnet50,GradCAM,0.12566007622517644,0.49997816383838656,0.3743180876132101,False
87,resnet50,IntegratedGradients,0.15988888777792457,0.49997263550758364,0.3400837477296591,False
87,resnet50,LRP,0.03842752047348767,0.4999829739332199,0.4615554534597322,False
87,resnet50,Random,0.4864451974630356,0.47234021639451385,-0.01410498106852176,True
87,vit_base,Chefer-LRP,0.19313149489462375,0.4343730092048645,0.24124151431024074,False
87,vit_base,GradCAM,0.27957807183265687,0.43310882747173307,0.1535307556390762,False
87,vit_base,IntegratedGradients,0.4016177423298359,0.42355286777019496,0.021935125440359082,False
87,vit_base,Random,0.432111269235611,0.3788255013525486,-0.053285767883062385,True
88,mobilevit_s,GradCAM,0.22556674671359364,0.44708792120218277,0.22152117448858913,False
88,mobilevit_s,IntegratedGradients,0.2576465394900879,0.4478942394256592,0.19024769993557128,False
88,mobilevit_s,Random,0.37998748968821017,0.3191599192054128,-0.060827570482797355,True
88,resnet50,GradCAM,0.2912165187299252,0.4916680246591568,0.2004515059292316,False
88,resnet50,IntegratedGradients,0.45097561776638034,0.4844723880290985,0.033496770262718134,False
88,resnet50,LRP,0.13978365156799558,0.48629275262355803,0.34650910105556243,False
88,resnet50,Random,0.3963304067961872,0.3767691066255793,-0.01956130017060792,True
88,vit_base,Chefer-LRP,0.17424658983945845,0.3308721899986267,0.15662560015916827,False
88,vit_base,GradCAM,0.14547744616866115,0.3337922155857086,0.18831476941704745,False
88,vit_base,IntegratedGradients,0.34106466472148894,0.3404028296470642,-0.0006618350744247437,True
88,vit_base,Random,0.31230636686086655,0.2698744211345911,-0.042431945726275455,True
89,mobilevit_s,GradCAM,0.10934740491211414,0.12459534779191017,0.015247942879796028,False
89,mobilevit_s,IntegratedGradients,0.08665324454195797,0.08804337568581105,0.001390131143853085,False
89,mobilevit_s,Random,0.11922021955251694,0.0949231021106243,-0.02429711744189264,True
89,resnet50,GradCAM,0.07510133906034754,0.1669366553425789,0.09183531628223136,False
89,resnet50,IntegratedGradients,0.08229755773209035,0.12794561125338078,0.04564805352129042,False
89,resnet50,LRP,0.04397565138060599,0.12400927990674972,0.08003362852614374,False
89,resnet50,Random,0.07458682782016696,0.05860961352009326,-0.0159772143000737,True
89,vit_base,Chefer-LRP,0.06278384008910508,0.08216007966548204,0.019376239576376963,False
89,vit_base,GradCAM,0.061206343979574744,0.07497613523155452,0.01376979125197978,False
89,vit_base,IntegratedGradients,0.08887879773974419,0.09381498545408248,0.0049361877143382915,False
89,vit_base,Random,0.08272369541227817,0.07642143368721009,-0.0063022617250680785,True
90,mobilevit_s,GradCAM,0.4653524085879326,0.47396320104599,0.008610792458057404,False
90,mobilevit_s,IntegratedGradients,0.19035663437680345,0.4768776267766952,0.28652099239989176,False
90,mobilevit_s,Random,0.3617111665662378,0.4756407290697098,0.11392956250347197,False
90,resnet50,GradCAM,0.3220376187935472,0.4999985277652741,0.1779609089717269,False
90,resnet50,IntegratedGradients,0.1978505245409906,0.4999990612268448,0.3021485366858542,False
90,resnet50,LRP,0.24297904265113174,0.4999988168478013,0.25701977419666955,False
90,resnet50,Random,0.39439282044768337,0.4996712446212769,0.10527842417359351,False
90,vit_base,Chefer-LRP,0.25290160663425926,0.4122089758515359,0.15930736921727662,False
90,vit_base,GradCAM,0.2785016931593418,0.43597752451896676,0.15747583135962495,False
90,vit_base,IntegratedGradients,0.37091815397143363,0.4295934721827507,0.05867531821131705,False
90,vit_base,Random,0.414968004822731,0.4135502934455872,-0.0014177113771438044,True
91,mobilevit_s,GradCAM,0.4758979395031929,0.48048554509878155,0.004587605595588629,False
91,mobilevit_s,IntegratedGradients,0.41750177145004275,0.47252748161554337,0.05502571016550062,False
91,mobilevit_s,Random,0.41875956356525423,0.47872773110866546,0.05996816754341122,False
91,resnet50,GradCAM,0.4268294434994459,0.49999981820583345,0.07317037470638754,False
91,resnet50,IntegratedGradients,0.2658034374937415,0.49999976754188535,0.23419633004814383,False
91,resnet50,LRP,0.24661238673143088,0.4999998390674591,0.2533874523360282,False
91,resnet50,Random,0.499737697839737,0.49983110129833225,9.340345859526478e-05,False
91,vit_base,Chefer-LRP,0.2960246779024601,0.4354250505566597,0.13940037265419958,False
91,vit_base,GradCAM,0.39647004157304766,0.4266422301530838,0.03017218858003612,False
91,vit_base,IntegratedGradients,0.3840670511126519,0.4353460714221001,0.0512790203094482,False
91,vit_base,Random,0.4282067283987999,0.4280734434723854,-0.00013328492641451195,True
92,mobilevit_s,GradCAM,0.46045445203781127,0.4507001653313637,-0.009754286706447568,True
92,mobilevit_s,IntegratedGradients,0.345127355006116,0.4684466466307641,0.12331929162464805,False
92,mobilevit_s,Random,0.24347559844318312,0.2788525220239535,0.03537692358077038,False
92,resnet50,GradCAM,0.4999999523162842,0.49999985098838806,-1.0132789612926629e-07,True
92,resnet50,IntegratedGradients,0.4999988108873367,0.49999961256980896,8.016824722401061e-07,False
92,resnet50,LRP,0.38245576767949396,0.49999923110008243,0.11754346342058847,False
92,resnet50,Random,0.3843331839190796,0.2362325054949906,-0.148100678424089,True
92,vit_base,Chefer-LRP,0.43461557775735854,0.43824809491634376,0.0036325171589852157,False
92,vit_base,GradCAM,0.4451171278953553,0.4421307161450386,-0.0029864117503166643,True
92,vit_base,IntegratedGradients,0.43005207329988476,0.4239740982651711,-0.00607797503471369,True
92,vit_base,Random,0.41221256256103517,0.4372302755713463,0.025017713010311138,False
93,mobilevit_s,GradCAM,0.17441970371583015,0.4805615350604058,0.3061418313445756,False
93,mobilevit_s,IntegratedGradients,0.3724170619389042,0.47941847890615463,0.1070014169672504,False
93,mobilevit_s,Random,0.3704489444658975,0.3638016952098042,-0.0066472492560932794,True
93,resnet50,GradCAM,0.34425186049193146,0.4999970227479934,0.15574516225606194,False
93,resnet50,IntegratedGradients,0.36662479043006896,0.49999903142452246,0.1333742409944535,False
93,resnet50,LRP,0.2546792602166534,0.4999985635280609,0.2453193033114075,False
93,resnet50,Random,0.4094179133317084,0.372491717338562,-0.03692619599314639,True
93,vit_base,Chefer-LRP,0.29054738676641134,0.40963307768106455,0.11908569091465321,False
93,vit_base,GradCAM,0.287641579285264,0.420328326523304,0.13268674723803997,False
93,vit_base,IntegratedGradients,0.4198596447706223,0.4210939481854439,0.0012343034148215581,False
93,vit_base,Random,0.41712701320648193,0.41323511451482775,-0.003891898691654183,True
94,mobilevit_s,GradCAM,0.1856941760517657,0.4695417866110802,0.2838476105593145,False
94,mobilevit_s,IntegratedGradients,0.08142912139010151,0.4619905531406402,0.3805614317505387,False
94,mobilevit_s,Random,0.3913801029324532,0.4463198080658912,0.054939705133438044,False
94,resnet50,GradCAM,0.248101865593344,0.4999951094388962,0.25189324384555223,False
94,resnet50,IntegratedGradients,0.15194533485919243,0.49999200999736787,0.34804667513817544,False
94,resnet50,LRP,0.24681447856128216,0.49999103248119353,0.25317655391991134,False
94,resnet50,Random,0.4998324483633041,0.4874815955758095,-0.012350852787494593,True
94,vit_base,Chefer-LRP,0.20111509319394827,0.42930929511785504,0.22819420192390677,False
94,vit_base,GradCAM,0.2532917722128331,0.432510045170784,0.1792182729579509,False
94,vit_base,IntegratedGradients,0.43447379916906353,0.4256958097219467,-0.00877798944711683,True
94,vit_base,Random,0.4465491592884063,0.45089952498674396,0.004350365698337633,False
95,mobilevit_s,GradCAM,0.36918900758028034,0.4451465860009193,0.07595757842063894,False
95,mobilevit_s,IntegratedGradients,0.033601083047688,0.47481077760457996,0.44120969455689196,False
95,mobilevit_s,Random,0.1459804951562546,0.15648814533415134,0.010507650177896732,False
95,resnet50,GradCAM,0.4733511984348297,0.4999699771404267,0.02661877870559698,False
95,resnet50,IntegratedGradients,0.4955427721142769,0.49993522465229034,0.004392452538013458,False
95,resnet50,LRP,0.3934454506263137,0.4999456584453583,0.10650020781904462,False
95,resnet50,Random,0.4336657145991922,0.4836907461285591,0.05002503152936694,False
95,vit_base,Chefer-LRP,0.43188870772719384,0.4289180964231491,-0.0029706113040447457,True
95,vit_base,GradCAM,0.4403761506080627,0.42678178399801253,-0.013594366610050146,True
95,vit_base,IntegratedGradients,0.43319716304540634,0.39163315594196324,-0.0415640071034431,True
95,vit_base,Random,0.3736930176615715,0.3802038125693798,0.006510794907808315,False
96,mobilevit_s,GradCAM,0.08549210586352275,0.46064474135637284,0.3751526354928501,False
96,mobilevit_s,IntegratedGradients,0.10483850241216716,0.4204181298613548,0.31557962744918766,False
96,mobilevit_s,Random,0.2054166363734112,0.14392982467106777,-0.061486811702343436,True
96,resnet50,GradCAM,0.24113513355841862,0.5,0.25886486644158135,False
96,resnet50,IntegratedGradients,0.17977628162188922,0.5,0.3202237183781108,False
96,resnet50,LRP,0.18318421073490754,0.5,0.31681578926509246,False
96,resnet50,Random,0.4325443219859153,0.3456018906599639,-0.08694243132595142,True
96,vit_base,Chefer-LRP,0.13038013987243177,0.423126745223999,0.29274660535156727,False
96,vit_base,GradCAM,0.14376551628811288,0.42032908648252487,0.276563570194412,False
96,vit_base,IntegratedGradients,0.24382146797142923,0.42572603225708006,0.18190456428565083,False
96,vit_base,Random,0.37821698784828184,0.3977284863591194,0.019511498510837555,False
97,mobilevit_s,GradCAM,0.2578075683675707,0.4674884960055351,0.20968092763796442,False
97,mobilevit_s,IntegratedGradients,0.13534666785185437,0.46036974489688876,0.3250230770450344,False
97,mobilevit_s,Random,0.08099746725347359,0.2691891845242936,0.18819171727081999,False
97,resnet50,GradCAM,0.3844701937399805,0.4999990940093994,0.11552890026941892,False
97,resnet50,IntegratedGradients,0.22722377590835097,0.4999977737665176,0.27277399785816664,False
97,resnet50,LRP,0.2952754386933521,0.4999986499547958,0.20472321126144372,False
97,resnet50,Random,0.17941215010469025,0.1561772792978445,-0.023234870806845748,True
97,vit_base,Chefer-LRP,0.2292608787305653,0.4045153290033341,0.17525445027276879,False
97,vit_base,GradCAM,0.21166475256904962,0.40735304802656175,0.19568829545751212,False
97,vit_base,IntegratedGradients,0.26721104887546976,0.4045572638511658,0.13734621497569605,False
97,vit_base,Random,0.34917934238910675,0.30886432256083934,-0.04031501982826741,True
98,mobilevit_s,GradCAM,0.47074550837278367,0.362123353779316,-0.10862215459346769,True
98,mobilevit_s,IntegratedGradients,0.23229241706430911,0.48242031186819073,0.25012789480388165,False
98,mobilevit_s,Random,0.23595073314500042,0.280423548645922,0.04447281550092158,False
98,resnet50,GradCAM,0.2937175483442843,0.49999990165233615,0.20628235330805184,False
98,resnet50,IntegratedGradients,0.41846170648932457,0.49999938011169437,0.0815376736223698,False
98,resnet50,LRP,0.24130781721323727,0.49999985396862034,0.2586920367553831,False
98,resnet50,Random,0.3339939111669082,0.4713949384167791,0.1374010272498709,False
98,vit_base,Chefer-LRP,0.35630150660872456,0.4165129199624062,0.06021141335368163,False
98,vit_base,GradCAM,0.3609824882820249,0.41253355890512466,0.05155107062309977,False
98,vit_base,IntegratedGradients,0.4088687166571617,0.41234817057847983,0.003479453921318154,False
98,vit_base,Random,0.2850146658718586,0.34774650484323505,0.06273183897137646,False
99,mobilevit_s,GradCAM,0.4652188077569008,0.4718957677483559,0.0066769599914551225,False
99,mobilevit_s,IntegratedGradients,0.33443851098418237,0.47302621304988857,0.1385877020657062,False
99,mobilevit_s,Random,0.31140302650164814,0.3833714012056589,0.07196837470401074,False
99,resnet50,GradCAM,0.37189016453921797,0.49999348521232606,0.1281033206731081,False
99,resnet50,IntegratedGradients,0.36625538533553487,0.4999691024422645,0.13371371710672963,False
99,resnet50,LRP,0.23406841140240436,0.49998990893363954,0.2659214975312352,False
99,resnet50,Random,0.4668461330235004,0.49596016705036167,0.029114034026861246,False
99,vit_base,Chefer-LRP,0.3453106596134603,0.4341263383626938,0.08881567874923352,False
99,vit_base,GradCAM,0.3486097276210785,0.43559868037700655,0.08698895275592805,False
99,vit_base,IntegratedGradients,0.4256302401423454,0.43380850553512573,0.008178265392780326,False
99,vit_base,Random,0.45904706716537474,0.4449606075882912,-0.014086459577083543,True
100,mobilevit_s,GradCAM,0.47359426468610766,0.4809612795710564,0.0073670148849487305,False
100,mobilevit_s,IntegratedGradients,0.24647716274484993,0.45335218906402586,0.20687502631917593,False
100,mobilevit_s,Random,0.343484221088147,0.25792137358948825,-0.08556284749865878,True
100,resnet50,GradCAM,0.32252838239073756,0.4999786913394928,0.17745030894875524,False
100,resnet50,IntegratedGradients,0.3784561997046695,0.4999755173921585,0.12151931768748903,False
100,resnet50,LRP,0.19382767071947457,0.4999658793210983,0.3061382086016238,False
100,resnet50,Random,0.38517857398837807,0.3983370860107244,0.013158512022346303,False
100,vit_base,Chefer-LRP,0.3174123831093312,0.42348113358020784,0.10606875047087666,False
100,vit_base,GradCAM,0.33494841456413266,0.41523287296295164,0.08028445839881898,False
100,vit_base,IntegratedGradients,0.39218489527702327,0.4017821177840233,0.009597222507000014,False
100,vit_base,Random,0.425702728331089,0.414646615087986,-0.011056113243103016,True
101,mobilevit_s,GradCAM,0.4709331512451172,0.45795279592275623,-0.01298035532236097,True
101,mobilevit_s,IntegratedGradients,0.3851930972014088,0.4734224736690521,0.08822937646764328,False
101,mobilevit_s,Random,0.352406234137743,0.3980792005662806,0.045672966428537576,False
101,resnet50,GradCAM,0.4800195083022118,0.4998400524258613,0.01982054412364953,False
101,resnet50,IntegratedGradients,0.43893777672201395,0.4997982457280159,0.06086046900600195,False
101,resnet50,LRP,0.47018880769610405,0.4997855007648468,0.02959669306874274,False
101,resnet50,Random,0.3061680427868851,0.44274216010235246,0.13657411731546737,False
101,vit_base,Chefer-LRP,0.3810500014573336,0.4224449664354325,0.041394964978098914,False
101,vit_base,GradCAM,0.4089483246207237,0.4171137601137161,0.008165435492992368,False
101,vit_base,IntegratedGradients,0.4358387440443039,0.4323635593056679,-0.0034751847386360057,True
101,vit_base,Random,0.41633121520280836,0.4328635156154632,0.016532300412654855,False
102,mobilevit_s,GradCAM,0.24790775388682962,0.47635671496391296,0.22844896107708335,False
102,mobilevit_s,IntegratedGradients,0.38712970837950705,0.4650858581066131,0.07795614972710607,False
102,mobilevit_s,Random,0.3690363539208193,0.3214402709621937,-0.04759608295862561,True
102,resnet50,GradCAM,0.4340923517942429,0.49999981224536894,0.06590746045112605,False
102,resnet50,IntegratedGradients,0.34257629513740545,0.4999994963407517,0.15742320120334624,False
102,resnet50,LRP,0.3630257699638605,0.49999985992908474,0.13697408996522425,False
102,resnet50,Random,0.42907700575888164,0.4734158594161272,0.04433885365724555,False
102,vit_base,Chefer-LRP,0.3544321525841952,0.41509744226932527,0.060665289685130075,False
102,vit_base,GradCAM,0.4401065438985824,0.4388655483722687,-0.0012409955263136818,True
102,vit_base,IntegratedGradients,0.4394007012248039,0.4110106602311135,-0.028390040993690413,True
102,vit_base,Random,0.4453525483608246,0.4427616059780121,-0.002590942382812489,True
103,mobilevit_s,GradCAM,0.02340858295137878,0.15234859762713313,0.12894001467575433,False
103,mobilevit_s,IntegratedGradients,0.029863626118094542,0.2019398282049224,0.17207620208682786,False
103,mobilevit_s,Random,0.13769828765653075,0.08405102058568446,-0.053647267070846286,True
103,resnet50,GradCAM,0.030096385135038872,0.4116700276732445,0.38157364253820564,False
103,resnet50,IntegratedGradients,0.02688169922275847,0.4470579087734223,0.4201762095506638,False
103,resnet50,LRP,0.057850827652873714,0.4686709716916084,0.4108201440387347,False
103,resnet50,Random,0.08834799465257674,0.04457688969559968,-0.043771104956977065,True
103,vit_base,Chefer-LRP,0.1403798207116779,0.4240171357989312,0.2836373150872533,False
103,vit_base,GradCAM,0.1468697027958115,0.3974306881427765,0.250560985346965,False
103,vit_base,IntegratedGradients,0.07561057650746081,0.4313315212726594,0.35572094476519855,False
103,vit_base,Random,0.3587705880403519,0.22805011607706546,-0.13072047196328643,True
104,mobilevit_s,GradCAM,0.36533736512064935,0.15738287669373677,-0.20795448842691258,True
104,mobilevit_s,IntegratedGradients,0.0934291528308677,0.4319064423441887,0.338477289513321,False
104,mobilevit_s,Random,0.23016373004065827,0.08554492681105332,-0.14461880322960496,True
104,resnet50,GradCAM,0.2971952885389328,0.49999940693378453,0.20280411839485174,False
104,resnet50,IntegratedGradients,0.22356083430349827,0.49999864101409913,0.27643780671060086,False
104,resnet50,LRP,0.290492631867528,0.4999992668628692,0.20950663499534122,False
104,resnet50,Random,0.3268944116309285,0.48706334829330444,0.16016893666237592,False
104,vit_base,Chefer-LRP,0.29615793824195863,0.4296745553612709,0.1335166171193123,False
104,vit_base,GradCAM,0.3447181485593319,0.4355849206447601,0.0908667720854282,False
104,vit_base,IntegratedGradients,0.42676701247692106,0.43576490581035615,0.008997893333435092,False
104,vit_base,Random,0.4416454568505287,0.43862457275390626,-0.0030208840966224337,True
105,mobilevit_s,GradCAM,0.312048477679491,0.45897677391767505,0.14692829623818404,False
105,mobilevit_s,IntegratedGradients,0.20465307908598335,0.46800081133842464,0.2633477322524413,False
105,mobilevit_s,Random,0.21426230843935629,0.2409226697869599,0.026660361347603606,False
105,resnet50,GradCAM,0.21660827552550474,0.4999987781047821,0.28339050257927734,False
105,resnet50,IntegratedGradients,0.12351712305098773,0.4999986976385117,0.37648157458752396,False
105,resnet50,LRP,0.09417106976325158,0.49999882876873014,0.40582775900547857,False
105,resnet50,Random,0.44662954099476343,0.36082356208935384,-0.08580597890540959,True
105,vit_base,Chefer-LRP,0.27526966035366063,0.43546060621738436,0.16019094586372373,False
105,vit_base,GradCAM,0.3612635135650635,0.4305912509560585,0.06932773739099501,False
105,vit_base,IntegratedGradients,0.26397756524384025,0.4333774745464325,0.16939990930259224,False
105,vit_base,Random,0.4217704623937607,0.4397216007113456,0.01795113831758488,False
106,mobilevit_s,GradCAM,0.150538940820843,0.3157351538538933,0.1651962130330503,False
106,mobilevit_s,IntegratedGradients,0.10351164769381285,0.3064129680395126,0.20290132034569977,False
106,mobilevit_s,Random,0.2572837046929635,0.12724818838760257,-0.13003551630536095,True
106,resnet50,GradCAM,0.28083014928197375,0.4999792248010636,0.21914907551908985,False
106,resnet50,IntegratedGradients,0.19614418930141256,0.4999692261219024,0.3038250368204899,False
106,resnet50,LRP,0.2377754584807917,0.49995117783546444,0.26217571935467276,False
106,resnet50,Random,0.34048511870205406,0.3011749471537769,-0.03931017154827715,True
106,vit_base,Chefer-LRP,0.31030367692001176,0.42369270920753477,0.113389032287523,False
106,vit_base,GradCAM,0.24917081357561985,0.4244630694389343,0.17529225586331446,False
106,vit_base,IntegratedGradients,0.27725518187507986,0.4496704638004303,0.17241528192535044,False
106,vit_base,Random,0.41037944704294205,0.2800558568909764,-0.13032359015196565,True
107,mobilevit_s,GradCAM,0.4802688494324684,0.4908266499638558,0.010557800531387385,False
107,mobilevit_s,IntegratedGradients,0.36862355968914934,0.4902513980865478,0.12162783839739844,False
107,mobilevit_s,Random,0.48369487971067426,0.4738810271024704,-0.009813852608203888,True
107,resnet50,GradCAM,0.49927560836076734,0.49999642670154576,0.0007208183407784174,False
107,resnet50,IntegratedGradients,0.39285745527595284,0.49999098777771,0.10713353250175717,False
107,resnet50,LRP,0.2949279017280787,0.49999541044235235,0.20506750871427365,False
107,resnet50,Random,0.4999195918440819,0.4972133442759513,-0.002706247568130593,True
107,vit_base,Chefer-LRP,0.41327212378382683,0.3915435940027237,-0.021728529781103123,True
107,vit_base,GradCAM,0.39043954387307167,0.3851023942232132,-0.005337149649858486,True
107,vit_base,IntegratedGradients,0.43058420568704603,0.423908594250679,-0.006675611436367024,True
107,vit_base,Random,0.41370835006237033,0.4017404451966286,-0.01196790486574173,True
108,mobilevit_s,GradCAM,0.3882279655663297,0.46812861263751987,0.07990064707119016,False
108,mobilevit_s,IntegratedGradients,0.37102458961308,0.4637879267334938,0.09276333712041379,False
108,mobilevit_s,Random,0.4549433708190918,0.4660749800503253,0.011131609231233519,False
108,resnet50,GradCAM,0.4223531580530107,0.49998934566974645,0.07763618761673574,False
108,resnet50,IntegratedGradients,0.47258954774588346,0.499989578127861,0.027400030381977525,False
108,resnet50,LRP,0.25714761596173047,0.4999799400568009,0.24283232409507044,False
108,resnet50,Random,0.49222005754709247,0.37894990296335895,-0.11327015458373352,True
108,vit_base,Chefer-LRP,0.3253638304769993,0.4294632956385612,0.10409946516156193,False
108,vit_base,GradCAM,0.3994993826374412,0.4378531202673912,0.03835373762994998,False
108,vit_base,IntegratedGradients,0.438505032658577,0.4404478192329407,0.0019427865743636974,False
108,vit_base,Random,0.4371723115444183,0.4322607591748237,-0.004911552369594618,True
109,mobilevit_s,GradCAM,0.4344725705683231,0.4549183666706085,0.020445796102285363,False
109,mobilevit_s,IntegratedGradients,0.3817561335745268,0.41808556467294694,0.03632943109842013,False
109,mobilevit_s,Random,0.3814468629658222,0.3668012604117394,-0.014645602554082815,True
109,resnet50,GradCAM,0.35710356608033184,0.4999968230724334,0.1428932569921016,False
109,resnet50,IntegratedGradients,0.4064120477996767,0.4999941498041153,0.09358210200443856,False
109,resnet50,LRP,0.2516604784410447,0.49999608993530276,0.24833561149425804,False
109,resnet50,Random,0.4637708101421595,0.42375385817140343,-0.040016951970756054,True
109,vit_base,Chefer-LRP,0.25564983310177924,0.389223162829876,0.13357332972809677,False
109,vit_base,GradCAM,0.31202423176728195,0.4004133298993111,0.08838909813202916,False
109,vit_base,IntegratedGradients,0.42082372009754176,0.4307887583971024,0.009965038299560636,False
109,vit_base,Random,0.42691564857959746,0.42367619872093204,-0.003239449858665422,True
110,mobilevit_s,GradCAM,0.07490742779336869,0.4380817070603371,0.36317427926696844,False
110,mobilevit_s,IntegratedGradients,0.1589249470329378,0.37860772758722305,0.21968278055428525,False
110,mobilevit_s,Random,0.19342154301994016,0.17725914466136605,-0.01616239835857411,True
110,resnet50,GradCAM,0.15560906050959603,0.4999208718538284,0.3443118113442324,False
110,resnet50,IntegratedGradients,0.13702207221067514,0.49867065995931625,0.3616485877486411,False
110,resnet50,LRP,0.06848590145818889,0.49960493445396426,0.43111903299577536,False
110,resnet50,Random,0.17910482024890373,0.24763244256610054,0.0685276223171968,False
110,vit_base,Chefer-LRP,0.14302173499017956,0.4161732107400894,0.27315147574990983,False
110,vit_base,GradCAM,0.13546487237326804,0.39998147785663607,0.26451660548336803,False
110,vit_base,IntegratedGradients,0.2032323907071259,0.4261252731084824,0.22289288240135652,False
110,vit_base,Random,0.32803102098405357,0.3665231049060822,0.03849208392202863,False
111,mobilevit_s,GradCAM,0.29610940915881656,0.4469025507569313,0.15079314159811474,False
111,mobilevit_s,IntegratedGradients,0.4280295833945274,0.4625010371208191,0.03447145372629168,False
111,mobilevit_s,Random,0.3546456232783385,0.33347059013322,-0.021175033145118483,True
111,resnet50,GradCAM,0.49922522008419035,0.49997946619987493,0.000754246115684587,False
111,resnet50,IntegratedGradients,0.4998451262712479,0.49976181983947754,-8.330643177034691e-05,True
111,resnet50,LRP,0.3586627465672791,0.4999574318528176,0.1412946852855385,False
111,resnet50,Random,0.3724111270625144,0.49534366428852084,0.12293253722600644,False
111,vit_base,Chefer-LRP,0.3765355862677098,0.39864972084760664,0.02211413457989686,False
111,vit_base,GradCAM,0.4156397141516209,0.41228326559066775,-0.003356448560953129,True
111,vit_base,IntegratedGradients,0.4041686668992043,0.37546977698802947,-0.028698889911174807,True
111,vit_base,Random,0.37754016071558005,0.3956216245889664,0.018081463873386328,False
112,mobilevit_s,GradCAM,0.15846983008086682,0.04181692536553784,-0.11665290471532898,True
112,mobilevit_s,IntegratedGradients,0.020383730696994458,0.20992807098664343,0.18954434028964898,False
112,mobilevit_s,Random,0.06286064544692635,0.03467501128552613,-0.02818563416140022,True
112,resnet50,GradCAM,0.028144753072410822,0.3561496093869209,0.3280048563145101,False
112,resnet50,IntegratedGradients,0.027001738315448165,0.23941953331232077,0.2124177949968726,False
112,resnet50,LRP,0.03520202590152622,0.44737306833267215,0.41217104243114594,False
112,resnet50,Random,0.047926915758580435,0.019599383277818558,-0.028327532480761877,True
112,vit_base,Chefer-LRP,0.11752151232212783,0.39977242052555084,0.282250908203423,False
112,vit_base,GradCAM,0.11474727094173431,0.3867799952626229,0.2720327243208886,False
112,vit_base,IntegratedGradients,0.11905300766229629,0.383722722530365,0.2646697148680687,False
112,vit_base,Random,0.42100313007831575,0.3226479068398476,-0.09835522323846813,True
113,mobilevit_s,GradCAM,0.011076506541576235,0.15079014254733925,0.139713636005763,False
113,mobilevit_s,IntegratedGradients,0.00863418977241963,0.19030297584831712,0.18166878607589748,False
113,mobilevit_s,Random,0.03526677010231651,0.07122667056537467,0.03595990046305816,False
113,resnet50,GradCAM,0.10148183118435554,0.4994740828871727,0.39799225170281716,False
113,resnet50,IntegratedGradients,0.06498979668831455,0.4995022311806679,0.4345124344923533,False
113,resnet50,LRP,0.08078383184038106,0.499562320113182,0.41877848827280095,False
113,resnet50,Random,0.34262894401326777,0.4597210869193077,0.11709214290603992,False
113,vit_base,Chefer-LRP,0.15787288080900908,0.38864592611789706,0.23077304530888798,False
113,vit_base,GradCAM,0.1273140102159232,0.39741549640893936,0.27010148619301616,False
113,vit_base,IntegratedGradients,0.16147063430398703,0.360505311191082,0.19903467688709495,False
113,vit_base,Random,0.3705219700932503,0.32673011049628264,-0.04379185959696763,True
114,mobilevit_s,GradCAM,0.2526899268268608,0.466776092350483,0.2140861655236222,False
114,mobilevit_s,IntegratedGradients,0.30398299247026445,0.4757343411445618,0.17175134867429737,False
114,mobilevit_s,Random,0.3975954606663436,0.4430341625586152,0.045438701892271616,False
114,resnet50,GradCAM,0.4968923032283783,0.49999988973140713,0.0031075865030288363,False
114,resnet50,IntegratedGradients,0.2838791372720152,0.4999999314546585,0.2161207941826433,False
114,resnet50,LRP,0.37903052173787727,0.49999968707561493,0.12096916533773766,False
114,resnet50,Random,0.3269673553761095,0.3851729527115822,0.0582055973354727,False
114,vit_base,Chefer-LRP,0.40505343526601795,0.40745924264192585,0.002405807375907898,False
114,vit_base,GradCAM,0.37139139026403434,0.41853481233119966,0.04714342206716532,False
114,vit_base,IntegratedGradients,0.39750258177518843,0.412790860235691,0.015288278460502569,False
114,vit_base,Random,0.42351193577051166,0.4129912033677101,-0.010520732402801547,True
115,mobilevit_s,GradCAM,0.18054810892281237,0.42343016266822814,0.24288205374541577,False
115,mobilevit_s,IntegratedGradients,0.1400169269181788,0.4021705485880375,0.2621536216698587,False
115,mobilevit_s,Random,0.1343028920950019,0.09406168720470306,-0.04024120489029884,True
115,resnet50,GradCAM,0.09804212404415011,0.49943791478872296,0.4013957907445729,False
115,resnet50,IntegratedGradients,0.4291884131729603,0.49924066513776777,0.07005225196480747,False
115,resnet50,LRP,0.0987953034164093,0.498963488638401,0.4001681852219917,False
115,resnet50,Random,0.4161819646484219,0.2768341039540246,-0.1393478606943973,True
115,vit_base,Chefer-LRP,0.18562355657631996,0.4120582610368729,0.22643470446055292,False
115,vit_base,GradCAM,0.17549833046796268,0.40997006446123124,0.23447173399326857,False
115,vit_base,IntegratedGradients,0.4139882180839777,0.33826571255922316,-0.07572250552475451,True
115,vit_base,Random,0.32506834566593173,0.33870820254087447,0.013639856874942735,False
116,mobilevit_s,GradCAM,0.4235107660293579,0.44519360959529874,0.021682843565940857,False
116,mobilevit_s,IntegratedGradients,0.41258398443460464,0.442156782746315,0.029572798311710335,False
116,mobilevit_s,Random,0.24660798005716061,0.2116644553068909,-0.03494352475026971,True
116,resnet50,GradCAM,0.49999962747097015,0.4999988913536072,-7.361173629538698e-07,True
116,resnet50,IntegratedGradients,0.4983376950025559,0.49999949932098386,0.0016618043184279396,False
116,resnet50,LRP,0.4996409088373184,0.4999970495700836,0.00035614073276524216,False
116,resnet50,Random,0.44759032726287845,0.49939295202493666,0.051802624762058214,False
116,vit_base,Chefer-LRP,0.4349681153893471,0.4375745460391044,0.0026064306497572964,False
116,vit_base,GradCAM,0.4299193352460861,0.4188680112361908,-0.011051324009895336,True
116,vit_base,IntegratedGradients,0.41468812376260755,0.4300913810729981,0.01540325731039055,False
116,vit_base,Random,0.3720555528998375,0.3849675297737122,0.012911976873874687,False
117,mobilevit_s,GradCAM,0.35093115754425525,0.4384655699133873,0.08753441236913206,False
117,mobilevit_s,IntegratedGradients,0.15857965423201678,0.411348643898964,0.25276898966694716,False
117,mobilevit_s,Random,0.1852605352065439,0.15682634645072538,-0.028434188755818518,True
117,resnet50,GradCAM,0.02798862094496144,0.4904893770813942,0.4625007561364327,False
117,resnet50,IntegratedGradients,0.04736408310709522,0.31674979701638223,0.269385713909287,False
117,resnet50,LRP,0.06419623866677285,0.4797552108764649,0.41555897220969207,False
117,resnet50,Random,0.20324535598047083,0.14099569369573148,-0.062249662284739354,True
117,vit_base,Chefer-LRP,0.19252551818499342,0.3902410939335823,0.1977155757485889,False
117,vit_base,GradCAM,0.16846410757862035,0.3866273552179336,0.21816324763931327,False
117,vit_base,IntegratedGradients,0.2101651439676061,0.36360484361648565,0.15343969964887955,False
117,vit_base,Random,0.2134854305535555,0.25412959668319673,0.040644166129641224,False
118,mobilevit_s,GradCAM,0.02683422412374057,0.35859033316373823,0.33175610903999764,False
118,mobilevit_s,IntegratedGradients,0.02106663739396027,0.2255108527839184,0.2044442153899581,False
118,mobilevit_s,Random,0.05698265380051453,0.045256422006059435,-0.011726231794455096,True
118,resnet50,GradCAM,0.036855243044556125,0.4998621091246605,0.4630068660801044,False
118,resnet50,IntegratedGradients,0.025637146028748253,0.49987486749887466,0.47423772147012644,False
118,resnet50,LRP,0.02552696863131132,0.4999182254076004,0.47439125677628907,False
118,resnet50,Random,0.1122485846332623,0.03191375876817801,-0.0803348258650843,True
118,vit_base,Chefer-LRP,0.06897744951420463,0.38426477164030076,0.3152873221260961,False
118,vit_base,GradCAM,0.06613814867450857,0.3789505988359452,0.3128124501614366,False
118,vit_base,IntegratedGradients,0.07904103458276951,0.28491244241595265,0.20587140783318314,False
118,vit_base,Random,0.259263235211256,0.16130525067565035,-0.09795798453560564,True
119,mobilevit_s,GradCAM,0.20777431183814768,0.44030343592166904,0.23252912408352136,False
119,mobilevit_s,IntegratedGradients,0.1264561763731763,0.4522207573056221,0.3257645809324458,False
119,mobilevit_s,Random,0.3257703087758273,0.3202348336577415,-0.005535475118085775,True
119,resnet50,GradCAM,0.4468244241550565,0.49999987185001377,0.053175447694957245,False
119,resnet50,IntegratedGradients,0.4712852329015732,0.4999843329191208,0.028699100017547607,False
119,resnet50,LRP,0.23840390499681235,0.49999982714653013,0.2615959221497178,False
119,resnet50,Random,0.2982791269692825,0.4037308990955353,0.10545177212625279,False
119,vit_base,Chefer-LRP,0.3611443296074867,0.41812696903944013,0.05698263943195342,False
119,vit_base,GradCAM,0.4147973090410232,0.4176766470074654,0.002879337966442186,False
119,vit_base,IntegratedGradients,0.44801370352506636,0.37298268675804136,-0.075031016767025,True
119,vit_base,Random,0.37750493437051774,0.4012627437710763,0.02375780940055855,False
120,mobilevit_s,GradCAM,0.09344255174510183,0.4181886434555053,0.3247460917104035,False
120,mobilevit_s,IntegratedGradients,0.2246777527034283,0.42333033382892604,0.19865258112549775,False
120,mobilevit_s,Random,0.23111215744283986,0.18327633754815909,-0.047835819894680776,True
120,resnet50,GradCAM,0.19035679304506634,0.4938940912485123,0.303537298203446,False
120,resnet50,IntegratedGradients,0.4859467908740044,0.49387289583683014,0.007926104962825753,False
120,resnet50,LRP,0.18439532113261525,0.4953133940696717,0.3109180729370564,False
120,resnet50,Random,0.4791296675801277,0.48788270205259326,0.00875303447246556,False
120,vit_base,Chefer-LRP,0.22034673234447838,0.3550532966852189,0.13470656434074052,False
120,vit_base,GradCAM,0.2204501154832542,0.34517941027879717,0.12472929479554298,False
120,vit_base,IntegratedGradients,0.35564580261707307,0.33100840821862226,-0.024637394398450807,True
120,vit_base,Random,0.26398200914263725,0.1901201337575913,-0.07386187538504596,True
121,mobilevit_s,GradCAM,0.1938511522486806,0.3707237735390663,0.17687262129038572,False
121,mobilevit_s,IntegratedGradients,0.39673410207033155,0.3512256518006325,-0.045508450269699074,True
121,mobilevit_s,Random,0.30433089099824434,0.32808764027431603,0.023756749276071687,False
121,resnet50,GradCAM,0.038428929614019586,0.42467472106218335,0.38624579144816373,False
121,resnet50,IntegratedGradients,0.43000328242778785,0.208030503988266,-0.22197277843952185,True
121,resnet50,LRP,0.04663547892123461,0.35090239495038983,0.30426691602915523,False
121,resnet50,Random,0.31991039523854853,0.3160589385777712,-0.0038514566607773526,True
121,vit_base,Chefer-LRP,0.1593048106878996,0.1779904156923294,0.01868560500442981,False
121,vit_base,GradCAM,0.17971214987337591,0.1965356171131134,0.01682346723973749,False
121,vit_base,IntegratedGradients,0.14437083676457407,0.19111312553286552,0.04674228876829145,False
121,vit_base,Random,0.13945578411221504,0.14811854511499403,0.00866276100277899,False
122,mobilevit_s,GradCAM,0.43937758058309556,0.4572157070040703,0.017838126420974765,False
122,mobilevit_s,IntegratedGradients,0.45513498187065127,0.46307614743709563,0.007941165566444364,False
122,mobilevit_s,Random,0.4120775651186705,0.43828504271805285,0.026207477599382356,False
122,resnet50,GradCAM,0.4999991774559021,0.4999999850988388,8.076429366954407e-07,False
122,resnet50,IntegratedGradients,0.49999912381172185,0.49999788701534276,-1.2367963790893555e-06,True
122,resnet50,LRP,0.4999581515789032,0.49999855756759637,4.040598869314849e-05,False
122,resnet50,Random,0.49903993755578996,0.4754272922873497,-0.023612645268440258,True
122,vit_base,Chefer-LRP,0.4354385241866112,0.4213170066475868,-0.014121517539024409,True
122,vit_base,GradCAM,0.44195382893085483,0.43646891564130785,-0.005484913289546978,True
122,vit_base,IntegratedGradients,0.4367903470993042,0.43593784868717195,-0.0008524984121322521,True
122,vit_base,Random,0.425851334631443,0.42683674544095995,0.0009854108095169734,False
123,mobilevit_s,GradCAM,0.35505145899951457,0.4394479766488075,0.08439651764929296,False
123,mobilevit_s,IntegratedGradients,0.42614345997571945,0.4457621172070503,0.019618657231330827,False
123,mobilevit_s,Random,0.27657380698219647,0.2728212669608183,-0.003752540021378148,True
123,resnet50,GradCAM,0.4999552547931671,0.4999809473752975,2.5692582130421027e-05,False
123,resnet50,IntegratedGradients,0.49989460706710814,0.49988949596881865,-5.111098289489746e-06,True
123,resnet50,LRP,0.4998545125126838,0.49989513456821444,4.062205553062581e-05,False
123,resnet50,Random,0.49964185059070587,0.49793925732374195,-0.0017025932669639254,True
123,vit_base,Chefer-LRP,0.4397403061389923,0.43384571820497514,-0.005894587934017148,True
123,vit_base,GradCAM,0.450933076441288,0.43341146707534794,-0.01752160936594005,True
123,vit_base,IntegratedGradients,0.43167025148868565,0.4390599206089974,0.007389669120311748,False
123,vit_base,Random,0.43579056560993196,0.4440080597996712,0.008217494189739216,False
124,mobilevit_s,GradCAM,0.15399635750800375,0.4531064361333847,0.29911007862538097,False
124,mobilevit_s,IntegratedGradients,0.1274947292651632,0.4686053603887558,0.3411106311235926,False
124,mobilevit_s,Random,0.3438425020469368,0.3139519747677696,-0.02989052727916719,True
124,resnet50,GradCAM,0.2442781013436616,0.49700442105531695,0.2527263197116554,False
124,resnet50,IntegratedGradients,0.49629504978656763,0.4748153086751699,-0.02147974111139772,True
124,resnet50,LRP,0.049144517234526584,0.49909465610980985,0.4499501388752833,False
124,resnet50,Random,0.38014489011839037,0.4397850945591927,0.059640204440802314,False
124,vit_base,Chefer-LRP,0.22009467221796514,0.3582804337143898,0.13818576149642464,False
124,vit_base,GradCAM,0.24143242035061122,0.37491613775491717,0.13348371740430595,False
124,vit_base,IntegratedGradients,0.37109512537717826,0.35366461053490633,-0.017430514842271927,True
124,vit_base,Random,0.32543597966432575,0.3478733755648136,0.022437395900487878,False
125,mobilevit_s,GradCAM,0.14093061946332452,0.43313335329294206,0.29220273382961753,False
125,mobilevit_s,IntegratedGradients,0.2685725626535714,0.43800174146890647,0.1694291788153351,False
125,mobilevit_s,Random,0.40705829709768293,0.2833238938823342,-0.12373440321534873,True
125,resnet50,GradCAM,0.172915923781693,0.49996941685676577,0.3270534930750728,False
125,resnet50,IntegratedGradients,0.08942693210119615,0.4999569416046143,0.4105300095034181,False
125,resnet50,LRP,0.09907619934529066,0.4999071598052979,0.4008309604600072,False
125,resnet50,Random,0.45469216704368587,0.33462845952126374,-0.12006370752242213,True
125,vit_base,Chefer-LRP,0.14645829861983656,0.3887639954686165,0.24230569684877995,False
125,vit_base,GradCAM,0.12899580523371698,0.3967319160699844,0.26773611083626747,False
125,vit_base,IntegratedGradients,0.21281977742910388,0.38610175251960754,0.17328197509050366,False
125,vit_base,Random,0.26566260010004045,0.34330980107188225,0.0776472009718418,False
126,mobilevit_s,GradCAM,0.2290570193785243,0.48152283728122713,0.25246581790270284,False
126,mobilevit_s,IntegratedGradients,0.2036596533609554,0.48976439386606213,0.2861047405051067,False
126,mobilevit_s,Random,0.36054330561310055,0.2997249811887741,-0.06081832442432644,True
126,resnet50,GradCAM,0.443001365661621,0.5,0.056998634338378984,False
126,resnet50,IntegratedGradients,0.49999967217445374,0.4999627217650413,-3.695040941242844e-05,True
126,resnet50,LRP,0.4206845536828041,0.5,0.07931544631719589,False
126,resnet50,Random,0.4947870224714279,0.49999869167804717,0.005211669206619252,False
126,vit_base,Chefer-LRP,0.36411649286746983,0.4125672116875648,0.048450718820094996,False
126,vit_base,GradCAM,0.33431103974580767,0.4164977118372917,0.082186672091484,False
126,vit_base,IntegratedGradients,0.42805151939392083,0.41935273706912995,-0.008698782324790877,True
126,vit_base,Random,0.4186143532395363,0.41655857414007186,-0.0020557790994644165,True
127,mobilevit_s,GradCAM,0.4527604147791862,0.4125115093775094,-0.040248905401676804,True
127,mobilevit_s,IntegratedGradients,0.1931541429134086,0.4403069242835045,0.2471527813700959,False
127,mobilevit_s,Random,0.05934812411724124,0.02895097373111639,-0.03039715038612485,True
127,resnet50,GradCAM,0.4999999463558197,0.5,5.364418032005602e-08,False
127,resnet50,IntegratedGradients,0.49999980032444,0.5,1.9967555997535413e-07,False
127,resnet50,LRP,0.3873208584263921,0.5,0.11267914157360792,False
127,resnet50,Random,0.49995107352733614,0.4957861676812172,-0.004164905846118949,True
127,vit_base,Chefer-LRP,0.44379941523075106,0.45170637816190723,0.00790696293115617,False
127,vit_base,GradCAM,0.4171883940696717,0.4531605258584023,0.0359721317887306,False
127,vit_base,IntegratedGradients,0.458804589509964,0.45315767377614974,-0.005646915733814262,True
127,vit_base,Random,0.44058589637279516,0.4530000656843186,0.012414169311523449,False
128,mobilevit_s,GradCAM,0.4552398189902306,0.4678492441773415,0.01260942518711089,False
128,mobilevit_s,IntegratedGradients,0.4566661313176156,0.4483113825321197,-0.008354748785495858,True
128,mobilevit_s,Random,0.25684329386276666,0.21181944550116896,-0.0450238483615977,True
128,resnet50,GradCAM,0.4998418867588043,0.4999990493059158,0.00015716254711151123,False
128,resnet50,IntegratedGradients,0.4999780520796776,0.4999671056866646,-1.0946393013022693e-05,True
128,resnet50,LRP,0.4113178715109826,0.49999904334545137,0.08868117183446877,False
128,resnet50,Random,0.453334859572351,0.41998212635517124,-0.03335273321717974,True
128,vit_base,Chefer-LRP,0.3936186574399471,0.43531960546970366,0.041700948029756546,False
128,vit_base,GradCAM,0.4125726446509361,0.4343927547335624,0.0218201100826263,False
128,vit_base,IntegratedGradients,0.430731588602066,0.43952914476394656,0.008797556161880549,False
128,vit_base,Random,0.42544518411159515,0.37444060295820236,-0.05100458115339279,True
129,mobilevit_s,GradCAM,0.04752347127068788,0.4503520265221596,0.4028285552514717,False
129,mobilevit_s,IntegratedGradients,0.023365285334875814,0.2599358463659883,0.23657056103111251,False
129,mobilevit_s,Random,0.054563994776435726,0.06430689896892545,0.00974290419248973,False
129,resnet50,GradCAM,0.17377925119362772,0.49998992085456845,0.3262106696609407,False
129,resnet50,IntegratedGradients,0.21721290593850429,0.4999955683946609,0.28278266245615663,False
129,resnet50,LRP,0.044872306007891896,0.49998823702335354,0.45511593101546166,False
129,resnet50,Random,0.24487650434020908,0.2809718102100306,0.036095305869821515,False
129,vit_base,Chefer-LRP,0.11401764971378725,0.38745840191841124,0.273440752204624,False
129,vit_base,GradCAM,0.07819786776672118,0.3820699721574784,0.30387210439075724,False
129,vit_base,IntegratedGradients,0.33193487375974656,0.36335471123456964,0.031419837474823076,False
129,vit_base,Random,0.26049569247988985,0.2758827330661006,0.015387040586210765,False
130,mobilevit_s,GradCAM,0.0814252651296556,0.4444935962557792,0.36306833112612363,False
130,mobilevit_s,IntegratedGradients,0.11025401051738302,0.4428251028060913,0.33257109228870824,False
130,mobilevit_s,Random,0.17088402325753127,0.15306650061174878,-0.017817522645782485,True
130,resnet50,GradCAM,0.14064850695431233,0.4999855726957321,0.35933706574141977,False
130,resnet50,IntegratedGradients,0.21087851077318193,0.4999899834394455,0.2891114726662636,False
130,resnet50,LRP,0.1262651614844799,0.49997200667858127,0.37370684519410136,False
130,resnet50,Random,0.28819443779066206,0.3716232992184815,0.08342886142781941,False
130,vit_base,Chefer-LRP,0.17446020245552063,0.41927943676710133,0.2448192343115807,False
130,vit_base,GradCAM,0.2044400053098798,0.4063198953866959,0.2018798900768161,False
130,vit_base,IntegratedGradients,0.28001391221769156,0.4048546120524406,0.12484069983474905,False
130,vit_base,Random,0.35126820504665374,0.3611689254641533,0.009900720417499564,False
131,mobilevit_s,GradCAM,0.2034900834783912,0.39112545549869543,0.18763537202030423,False
131,mobilevit_s,IntegratedGradients,0.03228023156989366,0.4518510773777962,0.4195708458079025,False
131,mobilevit_s,Random,0.047306264843791725,0.0857297579292208,0.03842349308542908,False
131,resnet50,GradCAM,0.16373197101056577,0.5,0.3362680289894342,False
131,resnet50,IntegratedGradients,0.08599094981400414,0.4999999642372131,0.414009014423209,False
131,resnet50,LRP,0.08013788722455502,0.4999999821186066,0.4198620948940516,False
131,resnet50,Random,0.21748784178919262,0.3373960383609756,0.11990819657178298,False
131,vit_base,Chefer-LRP,0.08889615898951889,0.39323412626981735,0.3043379672802985,False
131,vit_base,GradCAM,0.0643174584954977,0.3668061643838883,0.3024887058883906,False
131,vit_base,IntegratedGradients,0.08018130708951506,0.4280018985271454,0.34782059143763033,False
131,vit_base,Random,0.3000538126565516,0.40038743428885937,0.10033362163230775,False
132,mobilevit_s,GradCAM,0.11605056310072541,0.4308936610817909,0.31484309798106547,False
132,mobilevit_s,IntegratedGradients,0.03454106473582215,0.45879677832126614,0.424255713585444,False
132,mobilevit_s,Random,0.048894977092277254,0.15419644874054936,0.10530147164827211,False
132,resnet50,GradCAM,0.2342676017433405,0.4999863162636757,0.2657187145203352,False
132,resnet50,IntegratedGradients,0.18606618382036688,0.4990594163537026,0.3129932325333357,False
132,resnet50,LRP,0.1994230567943305,0.47876408472657206,0.2793410279322416,False
132,resnet50,Random,0.2083482456597512,0.12082742562765328,-0.08752082003209793,True
132,vit_base,Chefer-LRP,0.11558585651218892,0.44243084639310837,0.3268449898809195,False
132,vit_base,GradCAM,0.20877231061458587,0.4474938124418259,0.23872150182724003,False
132,vit_base,IntegratedGradients,0.09682487612590193,0.44054332375526434,0.34371844762936243,False
132,vit_base,Random,0.21880269176326694,0.2471532221883535,0.028350530425086562,False
133,mobilevit_s,GradCAM,0.022544359757739583,0.4165918290615082,0.3940474693037686,False
133,mobilevit_s,IntegratedGradients,0.021036363026360052,0.35064103305339817,0.32960467002703814,False
133,mobilevit_s,Random,0.06574045429078978,0.11982030545914313,0.05407985116835334,False
133,resnet50,GradCAM,0.0400287599535659,0.49953116029500966,0.45950240034144374,False
133,resnet50,IntegratedGradients,0.04198834709241055,0.49922374784946444,0.4572354007570539,False
133,resnet50,LRP,0.03475759217399172,0.4994835987687111,0.4647260065947194,False
133,resnet50,Random,0.13176888662495262,0.17621590991204206,0.04444702328708944,False
133,vit_base,Chefer-LRP,0.04546602056361735,0.41363354921340945,0.3681675286497921,False
133,vit_base,GradCAM,0.05457972148433328,0.40208222121000287,0.3475024997256696,False
133,vit_base,IntegratedGradients,0.03086755126714706,0.4065556213259697,0.3756880700588226,False
133,vit_base,Random,0.21879321646410974,0.2519487995537929,0.033155583089683166,False
134,mobilevit_s,GradCAM,0.35198073374049277,0.4710779383778572,0.11909720463736445,False
134,mobilevit_s,IntegratedGradients,0.25004228283651175,0.4583989605307579,0.20835667769424615,False
134,mobilevit_s,Random,0.19880602027951683,0.21834019074594835,0.019534170466431522,False
134,resnet50,GradCAM,0.2797824211389525,0.4999999046325684,0.22021748349361586,False
134,resnet50,IntegratedGradients,0.4999993473291397,0.3325077515328303,-0.1674915957963094,True
134,resnet50,LRP,0.12682053570752036,0.4999999165534973,0.3731793808459769,False
134,resnet50,Random,0.3662605868186802,0.44512637779116626,0.07886579097248608,False
134,vit_base,Chefer-LRP,0.24769441336393355,0.34624474495649343,0.09855033159255988,False
134,vit_base,GradCAM,0.24116851565195246,0.39217521995306015,0.15100670430110769,False
134,vit_base,IntegratedGradients,0.38631002604961395,0.22512518018484115,-0.1611848458647728,True
134,vit_base,Random,0.319004838168621,0.24989550926256926,-0.06910932890605176,True
135,mobilevit_s,GradCAM,0.19029688343871387,0.4691123098134995,0.2788154263747856,False
135,mobilevit_s,IntegratedGradients,0.22871683696284892,0.4520124033093452,0.2232955663464963,False
135,mobilevit_s,Random,0.2064408187630761,0.1094566974003101,-0.096984121362766,True
135,resnet50,GradCAM,0.4997071638703346,0.5,0.00029283612966540806,False
135,resnet50,IntegratedGradients,0.5,0.4999233722686767,-7.66277313232755e-05,True
135,resnet50,LRP,0.4770206525921822,0.4999999821186066,0.022979329526424397,False
135,resnet50,Random,0.3511777380947024,0.41204383792355664,0.06086609982885427,False
135,vit_base,Chefer-LRP,0.42085437774658196,0.4281138941645623,0.007259516417980338,False
135,vit_base,GradCAM,0.44521698653697966,0.439201882481575,-0.006015104055404674,True
135,vit_base,IntegratedGradients,0.41943076699972154,0.41423610448837284,-0.005194662511348702,True
135,vit_base,Random,0.39174567013978956,0.39112634733319285,-0.0006193228065967116,True
136,mobilevit_s,GradCAM,0.12321328464895488,0.3005553826689721,0.1773420980200172,False
136,mobilevit_s,IntegratedGradients,0.08078119228594005,0.09380345176905394,0.01302225948311389,False
136,mobilevit_s,Random,0.061577475280500955,0.048285582056269045,-0.01329189322423191,True
136,resnet50,GradCAM,0.49132846146821973,0.4920542731881142,0.0007258117198944425,False
136,resnet50,IntegratedGradients,0.4661888644099235,0.45806183740496637,-0.008127027004957155,True
136,resnet50,LRP,0.2442510435474105,0.49413931965827945,0.24988827611086895,False
136,resnet50,Random,0.24022319421637806,0.35380231398157774,0.11357911976519969,False
136,vit_base,Chefer-LRP,0.2309214336797595,0.3873507738113403,0.1564293401315808,False
136,vit_base,GradCAM,0.23099912242032591,0.3804512172937394,0.14945209487341346,False
136,vit_base,IntegratedGradients,0.3184752605855465,0.3479427576065064,0.02946749702095991,False
136,vit_base,Random,0.3290260910987854,0.3881910815834999,0.05916499048471452,False
137,mobilevit_s,GradCAM,0.0540508983496693,0.29769210703670984,0.24364120868704053,False
137,mobilevit_s,IntegratedGradients,0.04026746167719466,0.32106241807341573,0.2807949563962211,False
137,mobilevit_s,Random,0.08050246003767826,0.06165404148596281,-0.01884841855171545,True
137,resnet50,GradCAM,0.4993974640965462,0.4976630538702011,-0.0017344102263450734,True
137,resnet50,IntegratedGradients,0.3164366859942675,0.4910044401884079,0.1745677541941404,False
137,resnet50,LRP,0.10596456135372137,0.4927340954542159,0.3867695341004945,False
137,resnet50,Random,0.17533375589118805,0.1836920546986221,0.00835829880743405,False
137,vit_base,Chefer-LRP,0.1632296460622456,0.3295406401157379,0.1663109940534923,False
137,vit_base,GradCAM,0.11708777755848132,0.36082866787910467,0.24374089032062335,False
137,vit_base,IntegratedGradients,0.1767764378571883,0.3470739379525185,0.1702975000953302,False
137,vit_base,Random,0.25847119522513823,0.1432006298651686,-0.11527056535996963,True
138,mobilevit_s,GradCAM,0.45910046249628067,0.3535267442464829,-0.10557371824979778,True
138,mobilevit_s,IntegratedGradients,0.18075620448216795,0.38099351450800895,0.200237310025841,False
138,mobilevit_s,Random,0.21331956462236126,0.23106609254027716,0.017746527917915894,False
138,resnet50,GradCAM,0.42433958053588866,0.4999800071120262,0.07564042657613756,False
138,resnet50,IntegratedGradients,0.4786717891693115,0.4255721226334571,-0.053099666535854406,True
138,resnet50,LRP,0.31980947852134706,0.49777465015649797,0.1779651716351509,False
138,resnet50,Random,0.21806790028840622,0.15774586027546322,-0.060322040012943,True
138,vit_base,Chefer-LRP,0.41593713909387586,0.3829916641116142,-0.032945474982261636,True
138,vit_base,GradCAM,0.4301998928189278,0.4091184258460999,-0.021081466972827867,True
138,vit_base,IntegratedGradients,0.4259377643465996,0.3860841736197472,-0.039853590726852406,True
138,vit_base,Random,0.4305673196911812,0.42722874879837036,-0.003338570892810866,True
139,mobilevit_s,GradCAM,0.26009098514914514,0.26407980248332025,0.00398881733417511,False
139,mobilevit_s,IntegratedGradients,0.25351740304249687,0.18030880180886016,-0.0732086012336367,True
139,mobilevit_s,Random,0.097864483792182,0.04495693657190714,-0.05290754722027486,True
139,resnet50,GradCAM,0.40254615992307663,0.4999960750341415,0.09744991511106488,False
139,resnet50,IntegratedGradients,0.4465366743505001,0.4765163972973823,0.029979722946882226,False
139,resnet50,LRP,0.31555650439113386,0.4966851428151131,0.18112863842397925,False
139,resnet50,Random,0.21899504711182088,0.22621007268317042,0.007215025571349537,False
139,vit_base,Chefer-LRP,0.30476826727390294,0.3589949488639832,0.05422668159008026,False
139,vit_base,GradCAM,0.28834182114806034,0.38997602909803397,0.10163420794997363,False
139,vit_base,IntegratedGradients,0.3568289995193481,0.32061651870608326,-0.036212480813264836,True
139,vit_base,Random,0.3283501744270325,0.3211986660957336,-0.007151508331298906,True
140,mobilevit_s,GradCAM,0.06910443176748231,0.40106061398983,0.3319561822223477,False
140,mobilevit_s,IntegratedGradients,0.13797919091011865,0.35236900746822364,0.214389816558105,False
140,mobilevit_s,Random,0.12626052742566574,0.07594669321770199,-0.050313834207963745,True
140,resnet50,GradCAM,0.08612030772492289,0.4998776316642761,0.4137573239393532,False
140,resnet50,IntegratedGradients,0.1391299695707858,0.49811549633741375,0.358985526766628,False
140,resnet50,LRP,0.05943517563864589,0.49985406547784805,0.4404188898392022,False
140,resnet50,Random,0.3255938169517322,0.30356142939417624,-0.022032387557555932,True
140,vit_base,Chefer-LRP,0.1665531175211072,0.3601716995239258,0.1936185820028186,False
140,vit_base,GradCAM,0.10022641187533736,0.3739919975399971,0.27376558566465975,False
140,vit_base,IntegratedGradients,0.26275493670254946,0.36684126108884807,0.10408632438629861,False
140,vit_base,Random,0.32691506841219964,0.329385318281129,0.002470249868929353,False
141,mobilevit_s,GradCAM,0.39098310060799124,0.47133220136165616,0.08034910075366491,False
141,mobilevit_s,IntegratedGradients,0.36141612888313834,0.46580092906951903,0.10438480018638069,False
141,mobilevit_s,Random,0.3891117376973853,0.41462038489989933,0.025508647202514056,False
141,resnet50,GradCAM,0.4902656063437461,0.49998992383480073,0.009724317491054624,False
141,resnet50,IntegratedGradients,0.4998911917209625,0.49967642575502397,-0.000214765965938557,True
141,resnet50,LRP,0.3676322339102626,0.4999617233872414,0.13232948947697876,False
141,resnet50,Random,0.36845929992741167,0.3189961585212132,-0.04946314140619845,True
141,vit_base,Chefer-LRP,0.3667290303856135,0.398871810734272,0.03214278034865853,False
141,vit_base,GradCAM,0.37413424476981166,0.4131412774324417,0.03900703266263006,False
141,vit_base,IntegratedGradients,0.41155325025320055,0.406928177177906,-0.004625073075294528,True
141,vit_base,Random,0.4037845969200135,0.4094012230634689,0.005616626143455372,False
142,mobilevit_s,GradCAM,0.0677420767096919,0.4406702563166618,0.3729281796069699,False
142,mobilevit_s,IntegratedGradients,0.04693647397143649,0.4483383357524872,0.40140186178105075,False
142,mobilevit_s,Random,0.22827445545699449,0.2907597049605101,0.06248524950351564,False
142,resnet50,GradCAM,0.17725374886067582,0.49997494518756863,0.3227211963268928,False
142,resnet50,IntegratedGradients,0.11843730085529389,0.49997361898422243,0.3815363181289285,False
142,resnet50,LRP,0.08948809572029859,0.4999669760465622,0.4104788803262636,False
142,resnet50,Random,0.39894354045391084,0.499802964925766,0.10085942447185514,False
142,vit_base,Chefer-LRP,0.1318554279860109,0.3691367328166961,0.2372813048306852,False
142,vit_base,GradCAM,0.10798624081071466,0.35533265769481664,0.24734641688410197,False
142,vit_base,IntegratedGradients,0.3313075646758079,0.40965449362993234,0.07834692895412443,False
142,vit_base,Random,0.3788297340273857,0.4030476033687591,0.024217869341373433,False
143,mobilevit_s,GradCAM,0.22393531370908026,0.3993724092841148,0.17543709557503456,False
143,mobilevit_s,IntegratedGradients,0.13705387152731419,0.38396370857954026,0.24690983705222608,False
143,mobilevit_s,Random,0.26491690578404814,0.22942920196801425,-0.03548770381603389,True
143,resnet50,GradCAM,0.4207014039158822,0.4996199935674668,0.0789185896515846,False
143,resnet50,IntegratedGradients,0.45389545559883115,0.499597592651844,0.04570213705301285,False
143,resnet50,LRP,0.34704164974391466,0.4996908023953438,0.15264915265142914,False
143,resnet50,Random,0.49968648254871373,0.4628516543656587,-0.036834828183055,True
143,vit_base,Chefer-LRP,0.3499010371044278,0.39036823511123653,0.0404671980068087,False
143,vit_base,GradCAM,0.30329162124544384,0.4007771536707878,0.09748553242534397,False
143,vit_base,IntegratedGradients,0.42036258280277256,0.40411659926176074,-0.01624598354101181,True
143,vit_base,Random,0.3631298795342446,0.4114860996603966,0.04835622012615204,False
144,mobilevit_s,GradCAM,0.26986997137719304,0.4515985861420631,0.18172861476487007,False
144,mobilevit_s,IntegratedGradients,0.11622491546149834,0.4476167187094688,0.33139180324797046,False
144,mobilevit_s,Random,0.45080843716859814,0.4481443762779236,-0.0026640608906745578,True
144,resnet50,GradCAM,0.19842821927741175,0.49916824847459795,0.30074002919718623,False
144,resnet50,IntegratedGradients,0.3242655810900032,0.49915035814046854,0.17488477705046535,False
144,resnet50,LRP,0.23979927512118598,0.49913520365953445,0.25933592853834847,False
144,resnet50,Random,0.4948418796062469,0.3923389992676676,-0.10250288033857935,True
144,vit_base,Chefer-LRP,0.19885726417414845,0.40973408520221716,0.2108768210280687,False
144,vit_base,GradCAM,0.16177253362257032,0.3972551926970482,0.23548265907447785,False
144,vit_base,IntegratedGradients,0.3214188009500504,0.41448888182640076,0.09307008087635038,False
144,vit_base,Random,0.4348444238305092,0.42939618825912473,-0.005448235571384463,True
145,mobilevit_s,GradCAM,0.38228772562288216,0.455008952319622,0.07272122669673986,False
145,mobilevit_s,IntegratedGradients,0.29086515351664277,0.4346601963043213,0.14379504278767852,False
145,mobilevit_s,Random,0.26828917459934026,0.2806370711899945,0.012347896590654217,False
145,resnet50,GradCAM,0.3271232391125523,0.4998839810490608,0.17276074193650848,False
145,resnet50,IntegratedGradients,0.31139763614628463,0.49989618062973024,0.1884985444834456,False
145,resnet50,LRP,0.18065277006244287,0.4998903512954712,0.31923758123302837,False
145,resnet50,Random,0.33921788642182954,0.4121987989638001,0.07298091254197053,False
145,vit_base,Chefer-LRP,0.26957340498920523,0.38910263031721115,0.11952922532800592,False
145,vit_base,GradCAM,0.2458983470918611,0.38951734304428104,0.14361899595241995,False
145,vit_base,IntegratedGradients,0.37863088995218275,0.41179551631212236,0.03316462635993961,False
145,vit_base,Random,0.41582909077405933,0.3622987106442451,-0.0535303801298142,True
146,mobilevit_s,GradCAM,0.4851802840828896,0.47735649049282075,-0.00782379359006885,True
146,mobilevit_s,IntegratedGradients,0.21991954280201753,0.4748531609773636,0.25493361817534604,False
146,mobilevit_s,Random,0.2308152019046247,0.3380685610696673,0.10725335916504261,False
146,resnet50,GradCAM,0.49996594935655586,0.4999968826770782,3.0933320522341656e-05,False
146,resnet50,IntegratedGradients,0.4999997586011886,0.4999992072582245,-5.513429641168521e-07,True
146,resnet50,LRP,0.29722947524860505,0.49999352395534513,0.20276404870674009,False
146,resnet50,Random,0.4774551048874855,0.49930067658424376,0.02184557169675827,False
146,vit_base,Chefer-LRP,0.3748965999111533,0.42465419769287105,0.04975759778171773,False
146,vit_base,GradCAM,0.34758160323835907,0.41851689964532846,0.07093529640696938,False
146,vit_base,IntegratedGradients,0.42881125062704084,0.40810787081718447,-0.02070337980985637,True
146,vit_base,Random,0.4384382873773575,0.43256311714649204,-0.0058751702308654785,True
147,mobilevit_s,GradCAM,0.47283404469490053,0.48717895746231077,0.014344912767410234,False
147,mobilevit_s,IntegratedGradients,0.36392194293439395,0.4632090166211128,0.09928707368671885,False
147,mobilevit_s,Random,0.14462146006990226,0.15292975301854314,0.008308292948640883,False
147,resnet50,GradCAM,0.49999743700027466,0.4999993622303009,1.925230026234015e-06,False
147,resnet50,IntegratedGradients,0.4999986767768859,0.49999670982360844,-1.9669532774768683e-06,True
147,resnet50,LRP,0.46892019659280776,0.49999760687351225,0.031077410280704487,False
147,resnet50,Random,0.42055020555853845,0.46141081433743236,0.040860608778893914,False
147,vit_base,Chefer-LRP,0.3990460589528084,0.4144367158412933,0.0153906568884849,False
147,vit_base,GradCAM,0.4099504351615906,0.40875343829393385,-0.00119699686765673,True
147,vit_base,IntegratedGradients,0.4042573899030686,0.3900566503405571,-0.0142007395625115,True
147,vit_base,Random,0.42595178037881853,0.4187547743320465,-0.0071970060467720365,True
148,mobilevit_s,GradCAM,0.45678607076406474,0.31348067373037347,-0.14330539703369127,True
148,mobilevit_s,IntegratedGradients,0.24284373890986902,0.45016649216413496,0.20732275325426594,False
148,mobilevit_s,Random,0.12904982446598298,0.17702837390133938,0.0479785494353564,False
148,resnet50,GradCAM,0.21174306720495228,0.4999811470508575,0.2882380798459052,False
148,resnet50,IntegratedGradients,0.1891365519259125,0.49998413622379306,0.31084758429788056,False
148,resnet50,LRP,0.10561423427425326,0.49998032748699184,0.3943660932127386,False
148,resnet50,Random,0.4211840055882931,0.3914741563028657,-0.029709849285427414,True
148,vit_base,Chefer-LRP,0.29775223825126895,0.4113691002130508,0.11361686196178183,False
148,vit_base,GradCAM,0.35438399240374563,0.4257640153169632,0.07138002291321754,False
148,vit_base,IntegratedGradients,0.4393388584256172,0.42756339758634565,-0.011775460839271557,True
148,vit_base,Random,0.4265617460012436,0.42572018951177604,-0.0008415564894675431,True
149,mobilevit_s,GradCAM,0.47365573048591614,0.4518179357051849,-0.021837794780731223,True
149,mobilevit_s,IntegratedGradients,0.3211334886029363,0.46926587671041486,0.14813238810747859,False
149,mobilevit_s,Random,0.4130086570978165,0.4492637634277344,0.03625510632991791,False
149,resnet50,GradCAM,0.3315538693219423,0.49999740421772004,0.16844353489577774,False
149,resnet50,IntegratedGradients,0.32491526308003815,0.4999965608119965,0.17508129773195835,False
149,resnet50,LRP,0.26440631900914013,0.49999756813049323,0.2355912491213531,False
149,resnet50,Random,0.4239901028806344,0.4919597521424293,0.06796964926179494,False
149,vit_base,Chefer-LRP,0.2444929226301611,0.4084721490740776,0.1639792264439165,False
149,vit_base,GradCAM,0.22432457581162454,0.40325597375631334,0.1789313979446888,False
149,vit_base,IntegratedGradients,0.40111734569072727,0.3951295047998429,-0.005987840890884388,True
149,vit_base,Random,0.3818208441138268,0.382750415802002,0.0009295716881752014,False
150,mobilevit_s,GradCAM,0.32654047384858137,0.4520305722951889,0.12549009844660752,False
150,mobilevit_s,IntegratedGradients,0.02497852885062457,0.4495651334524155,0.42458660460179093,False
150,mobilevit_s,Random,0.19722186928738666,0.11828542301809648,-0.07893644626929018,True
150,resnet50,GradCAM,0.3028203349560499,0.49999978244304655,0.19717944748699667,False
150,resnet50,IntegratedGradients,0.18314177733846013,0.4999995112419129,0.31685773390345273,False
150,resnet50,LRP,0.16519318580394615,0.4999994784593582,0.33480629265541206,False
150,resnet50,Random,0.2655875720301993,0.47315313033759593,0.20756555830739665,False
150,vit_base,Chefer-LRP,0.24524402488023042,0.4229852959513664,0.177741271071136,False
150,vit_base,GradCAM,0.25347296604886654,0.4097616717219353,0.15628870567306874,False
150,vit_base,IntegratedGradients,0.42343349754810333,0.4075238421559334,-0.01590965539216993,True
150,vit_base,Random,0.4187117725610733,0.34942986625246697,-0.06928190630860631,True
151,mobilevit_s,GradCAM,0.4604452952742577,0.4639083772897721,0.0034630820155143738,False
151,mobilevit_s,IntegratedGradients,0.35093851834535605,0.4636025637388229,0.11266404539346686,False
151,mobilevit_s,Random,0.4192169770598412,0.33786893188953404,-0.08134804517030714,True
151,resnet50,GradCAM,0.31707881335169075,0.4999994367361069,0.18292062338441617,False
151,resnet50,IntegratedGradients,0.23034049496054654,0.4999979645013809,0.26965746954083436,False
151,resnet50,LRP,0.3052372828125954,0.4999989956617355,0.19476171284914012,False
151,resnet50,Random,0.4463788919150829,0.4563875198364258,0.010008627921342883,False
151,vit_base,Chefer-LRP,0.27180963754653936,0.4214542910456658,0.14964465349912642,False
151,vit_base,GradCAM,0.23280272483825684,0.4294776812195778,0.19667495638132096,False
151,vit_base,IntegratedGradients,0.3590614691376687,0.42589606046676637,0.06683459132909769,False
151,vit_base,Random,0.42413417249917984,0.40168010443449026,-0.02245406806468958,True
152,mobilevit_s,GradCAM,0.15484158639301315,0.4534963294863701,0.29865474309335693,False
152,mobilevit_s,IntegratedGradients,0.12879067116882656,0.4551792666316033,0.32638859546277676,False
152,mobilevit_s,Random,0.36822755755856634,0.23639774625335128,-0.13182981130521507,True
152,resnet50,GradCAM,0.15213117042439994,0.49911609739065166,0.3469849269662517,False
152,resnet50,IntegratedGradients,0.19544035412836822,0.49931802302598954,0.30387766889762136,False
152,resnet50,LRP,0.1289903239347041,0.4993236184120179,0.3703332944773138,False
152,resnet50,Random,0.3471277511751396,0.3967314251698554,0.04960367399471577,False
152,vit_base,Chefer-LRP,0.18704631961882112,0.35802074372768405,0.17097442410886293,False
152,vit_base,GradCAM,0.14639851876418106,0.391207928955555,0.24480941019137395,False
152,vit_base,IntegratedGradients,0.38726567178964616,0.40446011722087866,0.017194445431232497,False
152,vit_base,Random,0.39087480604648595,0.38146795630455016,-0.009406849741935785,True
153,mobilevit_s,GradCAM,0.22538667411863572,0.4897679537534714,0.26438127963483565,False
153,mobilevit_s,IntegratedGradients,0.1313542758813128,0.490467780828476,0.3591135049471632,False
153,mobilevit_s,Random,0.4823938116431236,0.43065566197037697,-0.05173814967274665,True
153,resnet50,GradCAM,0.26002774965600106,0.4999992728233338,0.23997152316733272,False
153,resnet50,IntegratedGradients,0.49990430474281317,0.4999994546175003,9.514987468711711e-05,False
153,resnet50,LRP,0.2656620110734366,0.4999990522861481,0.23433704121271148,False
153,resnet50,Random,0.4828989639878272,0.46966103166341777,-0.013237932324409452,True
153,vit_base,Chefer-LRP,0.26349361342727207,0.4255387902259826,0.16204517679871056,False
153,vit_base,GradCAM,0.2565616031351965,0.43491864949464804,0.17835704635945154,False
153,vit_base,IntegratedGradients,0.44839482754468923,0.43951676934957506,-0.008878058195114169,True
153,vit_base,Random,0.44936192929744717,0.45553969442844383,0.00617776513099666,False
154,mobilevit_s,GradCAM,0.4864948287606239,0.44376615751534704,-0.04272867124527685,True
154,mobilevit_s,IntegratedGradients,0.19147652671672405,0.4849754378199578,0.29349891110323373,False
154,mobilevit_s,Random,0.39633785262703897,0.38183910101652146,-0.014498751610517502,True
154,resnet50,GradCAM,0.4330347999930382,0.5,0.06696520000696182,False
154,resnet50,IntegratedGradients,0.3451678708195686,0.4999999672174454,0.15483209639787676,False
154,resnet50,LRP,0.3429443314671517,0.499999937415123,0.1570556059479713,False
154,resnet50,Random,0.2506696026699046,0.456339821300935,0.20567021863103035,False
154,vit_base,Chefer-LRP,0.2436701886355877,0.43950481563806537,0.19583462700247767,False
154,vit_base,GradCAM,0.2262907178141177,0.43094022721052166,0.20464950939640397,False
154,vit_base,IntegratedGradients,0.37997891157865527,0.44579582512378696,0.0658169135451317,False
154,vit_base,Random,0.42030766606330866,0.4244959831237793,0.0041883170604706255,False
155,mobilevit_s,GradCAM,0.4780053794384003,0.4839168474078178,0.005911467969417494,False
155,mobilevit_s,IntegratedGradients,0.45154817802831526,0.48166108876466746,0.030112910736352194,False
155,mobilevit_s,Random,0.47636157572269444,0.4631367977883202,-0.013224777934374266,True
155,resnet50,GradCAM,0.4999999970197678,0.4999999195337296,-7.748603819690558e-08,True
155,resnet50,IntegratedGradients,0.48493587374687197,0.4999999314546585,0.015064057707786516,False
155,resnet50,LRP,0.3275051259901375,0.4999998152256012,0.17249468923546374,False
155,resnet50,Random,0.4281922268681228,0.4999948352575302,0.07180260838940739,False
155,vit_base,Chefer-LRP,0.4457567274570465,0.4214095816016197,-0.0243471458554268,True
155,vit_base,GradCAM,0.4507831364870072,0.43015315383672714,-0.020629982650280043,True
155,vit_base,IntegratedGradients,0.43873203098773955,0.41959871500730517,-0.019133315980434384,True
155,vit_base,Random,0.423145717382431,0.4285764575004578,0.0054307401180268,False
156,mobilevit_s,GradCAM,0.4342811554670334,0.37737363278865815,-0.05690752267837523,True
156,mobilevit_s,IntegratedGradients,0.14868427844412507,0.4071707710623741,0.258486492618249,False
156,mobilevit_s,Random,0.20869350539287554,0.34621763792820276,0.13752413253532722,False
156,resnet50,GradCAM,0.17790737229224762,0.49999619424343106,0.32208882195118343,False
156,resnet50,IntegratedGradients,0.14349811735664844,0.49997907578945155,0.35648095843280314,False
156,resnet50,LRP,0.1148570325342007,0.49999559819698336,0.38513856566278265,False
156,resnet50,Random,0.22955647252747438,0.346186710143229,0.11663023761575461,False
156,vit_base,Chefer-LRP,0.27024391228333117,0.4002744808793068,0.13003056859597562,False
156,vit_base,GradCAM,0.31964236497879034,0.4126337230205536,0.09299135804176328,False
156,vit_base,IntegratedGradients,0.30561916921287774,0.4017388314008713,0.09611966218799356,False
156,vit_base,Random,0.4071514651179314,0.40379023849964135,-0.0033612266182900252,True
157,mobilevit_s,GradCAM,0.4347601071000099,0.4471372127532959,0.01237710565328598,False
157,mobilevit_s,IntegratedGradients,0.300730858703173,0.4502182751893997,0.1494874164862267,False
157,mobilevit_s,Random,0.244198331914231,0.2987673447656562,0.05456901285142521,False
157,resnet50,GradCAM,0.4172664346173406,0.4999999165534973,0.0827334819361567,False
157,resnet50,IntegratedGradients,0.47890822440385816,0.49999992847442626,0.021091704070568096,False
157,resnet50,LRP,0.2878222717437893,0.4999998420476913,0.212177570303902,False
157,resnet50,Random,0.42929075807332995,0.43789047885220506,0.008599720778875108,False
157,vit_base,Chefer-LRP,0.3852793246507645,0.4308132991194725,0.04553397446870805,False
157,vit_base,GradCAM,0.3176321335136891,0.4257033675909042,0.10807123407721514,False
157,vit_base,IntegratedGradients,0.4218361184000969,0.4342189431190491,0.01238282471895219,False
157,vit_base,Random,0.4246074005961418,0.4043102264404297,-0.02029717415571214,True
158,mobilevit_s,GradCAM,0.38486103117465975,0.4658564984798431,0.08099546730518337,False
158,mobilevit_s,IntegratedGradients,0.1636327043408528,0.42863745093345634,0.26500474659260354,False
158,mobilevit_s,Random,0.4349463120102882,0.33374143176479265,-0.10120488024549557,True
158,resnet50,GradCAM,0.31393253146670763,0.49999546706676484,0.1860629356000572,False
158,resnet50,IntegratedGradients,0.182245082128793,0.49999611675739286,0.3177510346285999,False
158,resnet50,LRP,0.23444104595109821,0.49999503493309017,0.26555398898199195,False
158,resnet50,Random,0.4843360707163811,0.4927878245711327,0.008451753854751609,False
158,vit_base,Chefer-LRP,0.20857247812673452,0.3996851935982704,0.1911127154715359,False
158,vit_base,GradCAM,0.19636902110651136,0.4104562520980835,0.21408723099157215,False
158,vit_base,IntegratedGradients,0.3771625474095345,0.4044182553887367,0.027255707979202237,False
158,vit_base,Random,0.38561068624258044,0.3971363693475723,0.011525683104991857,False
159,mobilevit_s,GradCAM,0.36505631431937213,0.4319538936018944,0.06689757928252227,False
159,mobilevit_s,IntegratedGradients,0.1054727650509449,0.45147944837808607,0.3460066833271412,False
159,mobilevit_s,Random,0.19138075679074976,0.24664068548881918,0.05525992869806942,False
159,resnet50,GradCAM,0.16273943018168213,0.49992442280054095,0.3371849926188588,False
159,resnet50,IntegratedGradients,0.13375809825956822,0.49987980127334597,0.3661217030137778,False
159,resnet50,LRP,0.0956381600117311,0.49989146888256075,0.40425330887082966,False
159,resnet50,Random,0.43426276966929434,0.4617147669196129,0.02745199725031855,False
159,vit_base,Chefer-LRP,0.11423332821577788,0.429706560075283,0.31547323185950515,False
159,vit_base,GradCAM,0.14953331956639887,0.43139482885599134,0.28186150928959247,False
159,vit_base,IntegratedGradients,0.16982706878334286,0.441033424437046,0.27120635565370316,False
159,vit_base,Random,0.41318091154098513,0.43080384433269503,0.0176229327917099,False
160,mobilevit_s,GradCAM,0.44914718568325046,0.454163122177124,0.005015936493873552,False
160,mobilevit_s,IntegratedGradients,0.16410137354250764,0.44127942621707916,0.2771780526745715,False
160,mobilevit_s,Random,0.2667675840377342,0.3152827895246447,0.04851520548691052,False
160,resnet50,GradCAM,0.27262871824204926,0.49999897480010985,0.2273702565580606,False
160,resnet50,IntegratedGradients,0.14379627034068107,0.49999852776527404,0.356202257424593,False
160,resnet50,LRP,0.15944228768348695,0.4999982714653015,0.34055598378181456,False
160,resnet50,Random,0.4846031606197357,0.448379348218441,-0.036223812401294686,True
160,vit_base,Chefer-LRP,0.23219409994781018,0.43983487486839296,0.20764077492058278,False
160,vit_base,GradCAM,0.3266999365761876,0.43855649381875994,0.11185655724257232,False
160,vit_base,IntegratedGradients,0.24367115683853627,0.4436917960643768,0.20002063922584054,False
160,vit_base,Random,0.4392955839633941,0.43304480612277985,-0.00625077784061423,True
161,mobilevit_s,GradCAM,0.2625338783000189,0.45605117529630657,0.19351729699628767,False
161,mobilevit_s,IntegratedGradients,0.11427654710532809,0.482127220928669,0.3678506738233409,False
161,mobilevit_s,Random,0.11944511700858132,0.16627474588749463,0.046829628878913315,False
161,resnet50,GradCAM,0.26099213305860763,0.4999919027090073,0.23899976965039965,False
161,resnet50,IntegratedGradients,0.3249694042839111,0.4998015120625496,0.1748321077786385,False
161,resnet50,LRP,0.15817842133910748,0.4999921232461929,0.34181370190708543,False
161,resnet50,Random,0.2086984286739607,0.24898861780529846,0.04029018913133775,False
161,vit_base,Chefer-LRP,0.14350831352639942,0.39345576316118247,0.24994744963478305,False
161,vit_base,GradCAM,0.20560349656734617,0.41325012594461447,0.2076466293772683,False
161,vit_base,IntegratedGradients,0.4306404173374176,0.30057293353893333,-0.13006748379848426,True
161,vit_base,Random,0.3057636264711619,0.3722323253750801,0.06646869890391821,False
162,mobilevit_s,GradCAM,0.4504963595420122,0.43465793430805205,-0.015838425233960174,True
162,mobilevit_s,IntegratedGradients,0.17107658572494988,0.454591503739357,0.2835149180144071,False
162,mobilevit_s,Random,0.45327637195587156,0.4505696266889573,-0.002706745266914279,True
162,resnet50,GradCAM,0.14192204531282188,0.4999994575977325,0.35807741228491063,False
162,resnet50,IntegratedGradients,0.1224350370001048,0.49999842047691345,0.3775633834768086,False
162,resnet50,LRP,0.12250550615281101,0.4999992698431015,0.3774937636902905,False
162,resnet50,Random,0.4998946160078049,0.495528607070446,-0.0043660089373588895,True
162,vit_base,Chefer-LRP,0.09275297578424217,0.43387788236141206,0.3411249065771699,False
162,vit_base,GradCAM,0.16354069411754607,0.4368642821907997,0.27332358807325363,False
162,vit_base,IntegratedGradients,0.4480887427926063,0.425411818921566,-0.02267692387104031,True
162,vit_base,Random,0.4484944403171539,0.4444289490580559,-0.0040654912590979975,True
163,mobilevit_s,GradCAM,0.256328259408474,0.29073690909426664,0.03440864968579266,False
163,mobilevit_s,IntegratedGradients,0.03395821912054089,0.346673096716404,0.31271487759586314,False
163,mobilevit_s,Random,0.20846797656267882,0.1882970635779202,-0.02017091298475862,True
163,resnet50,GradCAM,0.030954891187138855,0.4999972075223923,0.46904231633525345,False
163,resnet50,IntegratedGradients,0.04510858182329685,0.4999953120946884,0.45488673027139154,False
163,resnet50,LRP,0.028382868747576142,0.49999592304229734,0.4716130542947212,False
163,resnet50,Random,0.48304937109351154,0.4755081225186586,-0.007541248574852943,True
163,vit_base,Chefer-LRP,0.05952695347368717,0.4184532642364502,0.358926310762763,False
163,vit_base,GradCAM,0.06749814916402101,0.4222306445240974,0.3547324953600764,False
163,vit_base,IntegratedGradients,0.2747123340144753,0.38258249759674073,0.10787016358226542,False
163,vit_base,Random,0.4317335799336433,0.44294124841690063,0.011207668483257327,False
164,mobilevit_s,GradCAM,0.269174724817276,0.42528361380100255,0.15610888898372655,False
164,mobilevit_s,IntegratedGradients,0.027583201110246595,0.4243608072400094,0.3967776061297628,False
164,mobilevit_s,Random,0.19805831215599032,0.14004623254804757,-0.058012079607942746,True
164,resnet50,GradCAM,0.37595574557781225,0.49999352395534513,0.12403777837753288,False
164,resnet50,IntegratedGradients,0.3758981615304947,0.4999751955270767,0.12407703399658199,False
164,resnet50,LRP,0.2907218217849732,0.49998141825199127,0.20925959646701808,False
164,resnet50,Random,0.18556185446213933,0.2785700036503841,0.09300814918824477,False
164,vit_base,Chefer-LRP,0.371038693189621,0.3872686818242074,0.016229988634586356,False
164,vit_base,GradCAM,0.4036230251193047,0.38935772478580477,-0.01426530033349993,True
164,vit_base,IntegratedGradients,0.35191775113344187,0.4314411416649819,0.07952339053154,False
164,vit_base,Random,0.41497139260172844,0.348980326205492,-0.06599106639623642,True
165,mobilevit_s,GradCAM,0.09778720010654068,0.33741759657859804,0.23963039647205736,False
165,mobilevit_s,IntegratedGradients,0.02382538993952039,0.1502416052477202,0.12641621530819983,False
165,mobilevit_s,Random,0.02502414547570879,0.06844264120868504,0.04341849573297625,False
165,resnet50,GradCAM,0.04625650816014968,0.3820310406386853,0.3357745324785356,False
165,resnet50,IntegratedGradients,0.028782359973411078,0.10301565071567895,0.07423329074226787,False
165,resnet50,LRP,0.03140529686934315,0.4064888343214988,0.3750835374521556,False
165,resnet50,Random,0.026817442043829944,0.0216268833988579,-0.005190558644972042,True
165,vit_base,Chefer-LRP,0.1175084648653865,0.44194425642490387,0.32443579155951735,False
165,vit_base,GradCAM,0.19279913604259494,0.44038616120815277,0.24758702516555783,False
165,vit_base,IntegratedGradients,0.19719614475034178,0.4306239068508148,0.23342776210047303,False
165,vit_base,Random,0.2820351206697524,0.33742408342659475,0.05538896275684235,False
166,mobilevit_s,GradCAM,0.09159287866204978,0.403172254562378,0.3115793759003282,False
166,mobilevit_s,IntegratedGradients,0.21363872066140177,0.40481391847133635,0.19117519780993458,False
166,mobilevit_s,Random,0.1851337388157845,0.105362740252167,-0.07977099856361748,True
166,resnet50,GradCAM,0.17648197691887618,0.49544719904661183,0.31896522212773565,False
166,resnet50,IntegratedGradients,0.14594089322490622,0.494685497879982,0.3487446046550758,False
166,resnet50,LRP,0.10808537798002363,0.4958425521850586,0.38775717420503497,False
166,resnet50,Random,0.36510251746512956,0.31674502408131955,-0.04835749338381001,True
166,vit_base,Chefer-LRP,0.0852391037158668,0.22644111663103106,0.14120201291516427,False
166,vit_base,GradCAM,0.13755589611828326,0.23332438915967943,0.09576849304139617,False
166,vit_base,IntegratedGradients,0.15243128957226876,0.21621420979499817,0.06378292022272941,False
166,vit_base,Random,0.1663641631603241,0.14079891555011273,-0.025565247610211367,True
167,mobilevit_s,GradCAM,0.07333250955562107,0.46168952137231833,0.38835701181669724,False
167,mobilevit_s,IntegratedGradients,0.1663877668499481,0.42828422412276274,0.26189645727281463,False
167,mobilevit_s,Random,0.07756136617972516,0.11892288724484389,0.04136152106511873,False
167,resnet50,GradCAM,0.22025344590656462,0.4996721222996712,0.2794186763931066,False
167,resnet50,IntegratedGradients,0.23027752022026113,0.4998510554432869,0.26957353522302574,False
167,resnet50,LRP,0.11272496276651509,0.49983538687229156,0.38711042410577645,False
167,resnet50,Random,0.3511554440308828,0.2667054111137986,-0.0844500329170842,True
167,vit_base,Chefer-LRP,0.05450654055457563,0.3467877954244614,0.29228125486988576,False
167,vit_base,GradCAM,0.10828049636911602,0.36380247175693514,0.2555219753878191,False
167,vit_base,IntegratedGradients,0.11444308348000051,0.32638194411993027,0.21193886063992975,False
167,vit_base,Random,0.17254939228296282,0.238986436277628,0.06643704399466518,False
168,mobilevit_s,GradCAM,0.09894347831141204,0.4698375418782234,0.37089406356681137,False
168,mobilevit_s,IntegratedGradients,0.20279177368065576,0.347327296435833,0.14453552275517723,False
168,mobilevit_s,Random,0.41492176922038204,0.41155172139406204,-0.0033700478263199996,True
168,resnet50,GradCAM,0.28493170686997477,0.4999696999788284,0.21503799310885363,False
168,resnet50,IntegratedGradients,0.16753825897612845,0.4999716132879257,0.33243335431179727,False
168,resnet50,LRP,0.15377189822029322,0.4999777942895889,0.34620589606929564,False
168,resnet50,Random,0.42842097044922417,0.3749105941969902,-0.05351037625223398,True
168,vit_base,Chefer-LRP,0.07845933126518503,0.29590359032154084,0.2174442590563558,False
168,vit_base,GradCAM,0.1324134822643828,0.31209146827459333,0.17967798601021054,False
168,vit_base,IntegratedGradients,0.2263817192055285,0.33380939662456516,0.10742767741903667,False
168,vit_base,Random,0.40106181502342225,0.39525870233774185,-0.0058031126856804005,True
169,mobilevit_s,GradCAM,0.03899050566051301,0.4805784374475479,0.4415879317870349,False
169,mobilevit_s,IntegratedGradients,0.030716077244142072,0.4826231524348259,0.45190707519068385,False
169,mobilevit_s,Random,0.3627693966031075,0.35088964910246434,-0.011879747500643134,True
169,resnet50,GradCAM,0.23016904649557549,0.49997237026691443,0.269803323771339,False
169,resnet50,IntegratedGradients,0.11257394463464154,0.49994352161884315,0.3873695769842016,False
169,resnet50,LRP,0.16913501614471904,0.4999472662806511,0.3308122501359321,False
169,resnet50,Random,0.44905113782733685,0.3178804841183592,-0.13117065370897768,True
169,vit_base,Chefer-LRP,0.13592334896238756,0.40634399801492693,0.2704206490525394,False
169,vit_base,GradCAM,0.1122175679920474,0.41821214705705645,0.30599457906500904,False
169,vit_base,IntegratedGradients,0.15245067306095733,0.41269614398479465,0.2602454709238373,False
169,vit_base,Random,0.3759495660662651,0.28354577049613006,-0.09240379557013506,True
170,mobilevit_s,GradCAM,0.043475623946869754,0.33544714748859406,0.2919715235417243,False
170,mobilevit_s,IntegratedGradients,0.015384043529775227,0.18633138835430146,0.17094734482452623,False
170,mobilevit_s,Random,0.027180650044465435,0.033265081362333145,0.006084431317867709,False
170,resnet50,GradCAM,0.00949795045889914,0.124483043840155,0.11498509338125586,False
170,resnet50,IntegratedGradients,0.11673660897649826,0.013533140288200228,-0.10320346868829804,True
170,resnet50,LRP,0.01068927759770304,0.03901373986154794,0.028324462263844902,False
170,resnet50,Random,0.03453951464034617,0.08998483399627731,0.05544531935593114,False
170,vit_base,Chefer-LRP,0.28595694005489347,0.3581948913633824,0.07223795130848892,False
170,vit_base,GradCAM,0.2612055524659809,0.3568790331482887,0.09567348068230785,False
170,vit_base,IntegratedGradients,0.3871101409196854,0.3867216408252716,-0.0003885000944137684,True
170,vit_base,Random,0.30386359915137295,0.3430602878332138,0.03919668868184084,False
171,mobilevit_s,GradCAM,0.003764714984572493,0.3510929451324046,0.3473282301478321,False
171,mobilevit_s,IntegratedGradients,0.004891977242732537,0.017240404337644576,0.012348427094912039,False
171,mobilevit_s,Random,0.00826689730747603,0.03357039811089635,0.02530350080342032,False
171,resnet50,GradCAM,0.00042687867561994606,0.07776887326035647,0.07734199458473653,False
171,resnet50,IntegratedGradients,0.0007049713732612872,0.024386250320822,0.02368127894756071,False
171,resnet50,LRP,0.0017153888267785076,0.015471028420142828,0.01375563959336432,False
171,resnet50,Random,0.007921777499723247,0.0020138586696702987,-0.005907918830052948,True
171,vit_base,Chefer-LRP,0.005509924895886798,0.0668386608362198,0.061328735940333,False
171,vit_base,GradCAM,0.00478888186844415,0.06936000213027,0.06457112026182585,False
171,vit_base,IntegratedGradients,0.01790944796375698,0.11661476902663707,0.0987053210628801,False
171,vit_base,Random,0.0370864374563098,0.07122279014438393,0.03413635268807413,False
172,mobilevit_s,GradCAM,0.028089078582706862,0.02274497258476913,-0.005344105997937731,True
172,mobilevit_s,IntegratedGradients,0.018045939472517602,0.05335022490471602,0.03530428543219842,False
172,mobilevit_s,Random,0.01613902608678473,0.017799315568299792,0.0016602894815150628,False
172,resnet50,GradCAM,0.020701819827081636,0.06316839661449193,0.042466576787410296,False
172,resnet50,IntegratedGradients,0.030837774768588136,0.03043463081121444,-0.00040314395737369585,True
172,resnet50,LRP,0.005500091261637864,0.023914965614676476,0.018414874353038613,False
172,resnet50,Random,0.007217053374915849,0.004915725905448199,-0.0023013274694676502,True
172,vit_base,Chefer-LRP,0.11539638186804953,0.0868519477546215,-0.028544434113428024,True
172,vit_base,GradCAM,0.05515350503847003,0.08116686232388019,0.02601335728541016,False
172,vit_base,IntegratedGradients,0.14354450367391108,0.06312058437615634,-0.08042391929775475,True
172,vit_base,Random,0.07428266694769264,0.08015643502585591,0.005873768078163269,False
173,mobilevit_s,GradCAM,0.12865411622915415,0.4113078465685248,0.2826537303393707,False
173,mobilevit_s,IntegratedGradients,0.14056032737717034,0.3688624785281718,0.22830215115100144,False
173,mobilevit_s,Random,0.16157811647281053,0.08605599503498523,-0.0755221214378253,True
173,resnet50,GradCAM,0.12526055886410178,0.4210650756955147,0.29580451683141296,False
173,resnet50,IntegratedGradients,0.31272367238998416,0.4607682764530182,0.14804460406303405,False
173,resnet50,LRP,0.09955506213009357,0.4796902045607567,0.3801351424306631,False
173,resnet50,Random,0.16917471335618758,0.15319182602688672,-0.015982887329300866,True
173,vit_base,Chefer-LRP,0.16874559503048656,0.34377954602241517,0.17503395099192862,False
173,vit_base,GradCAM,0.24665938732214274,0.3414300933480263,0.09477070602588358,False
173,vit_base,IntegratedGradients,0.27676080539822584,0.26577941179275516,-0.01098139360547068,True
173,vit_base,Random,0.22163940370082857,0.29793124049901965,0.07629183679819107,False
174,mobilevit_s,GradCAM,0.1686138318531448,0.4461382463574409,0.2775244145042961,False
174,mobilevit_s,IntegratedGradients,0.05041007106920007,0.46264975517988205,0.41223968411068196,False
174,mobilevit_s,Random,0.23679678769112802,0.24903351676657623,0.012236729075448205,False
174,resnet50,GradCAM,0.23418965161181401,0.499997615814209,0.26580796420239494,False
174,resnet50,IntegratedGradients,0.15827785744186262,0.499998226761818,0.34172036931995536,False
174,resnet50,LRP,0.12980045343283564,0.4999971479177475,0.3701966944849119,False
174,resnet50,Random,0.35948791829869153,0.35692446590401233,-0.0025634523946792,True
174,vit_base,Chefer-LRP,0.1935635378584266,0.4290558472275734,0.2354923093691468,False
174,vit_base,GradCAM,0.18583076531795087,0.43014157712459566,0.2443108118066448,False
174,vit_base,IntegratedGradients,0.2795221352018416,0.4276617184281349,0.14813958322629328,False
174,vit_base,Random,0.3762618497014046,0.3730992525815964,-0.003162597119808208,True
175,mobilevit_s,GradCAM,0.07341261991241481,0.45329295992851254,0.3798803400160977,False
175,mobilevit_s,IntegratedGradients,0.1225364866808377,0.44347060769796376,0.32093412101712604,False
175,mobilevit_s,Random,0.29841537680476904,0.24790339716710152,-0.050511979637667515,True
175,resnet50,GradCAM,0.18812604767517768,0.4998315811157226,0.31170553344054497,False
175,resnet50,IntegratedGradients,0.08390737170993816,0.49984571188688276,0.4159383401769446,False
175,resnet50,LRP,0.09054176229255971,0.499867707490921,0.4093259451983613,False
175,resnet50,Random,0.3327890525455587,0.40861911214888097,0.07583005960332229,False
175,vit_base,Chefer-LRP,0.18263479669112714,0.36458575427532197,0.18195095758419483,False
175,vit_base,GradCAM,0.17516008538950703,0.401838955283165,0.22667886989365796,False
175,vit_base,IntegratedGradients,0.2287666115909815,0.3942390501499176,0.16547243855893612,False
175,vit_base,Random,0.40257653892040257,0.4053176239132881,0.0027410849928855563,False
176,mobilevit_s,GradCAM,0.24330818233574975,0.4671692699193954,0.22386108758364565,False
176,mobilevit_s,IntegratedGradients,0.22863922012038532,0.46146286427974703,0.23282364415936171,False
176,mobilevit_s,Random,0.2772736890416127,0.27458211791235954,-0.0026915711292531674,True
176,resnet50,GradCAM,0.23507509445771577,0.4999659970402717,0.264890902582556,False
176,resnet50,IntegratedGradients,0.24338809525361288,0.49992409646511077,0.2565360012114979,False
176,resnet50,LRP,0.1581381166331994,0.4999496296048165,0.34181151297161705,False
176,resnet50,Random,0.36079063031356784,0.3483174905180931,-0.012473139795474764,True
176,vit_base,Chefer-LRP,0.22119065215811134,0.4216749250888825,0.20048427293077115,False
176,vit_base,GradCAM,0.3052623220952228,0.42764092534780507,0.12237860325258226,False
176,vit_base,IntegratedGradients,0.19963975716382268,0.40971450060606,0.21007474344223734,False
176,vit_base,Random,0.2833628036081791,0.25910569280385976,-0.02425711080431936,True
177,mobilevit_s,GradCAM,0.012564019620185721,0.05021462657023222,0.0376506069500465,False
177,mobilevit_s,IntegratedGradients,0.002155517858773237,0.016141067165881397,0.01398554930710816,False
177,mobilevit_s,Random,0.0047416654095286505,0.012203099095495419,0.007461433685966769,False
177,resnet50,GradCAM,0.0008922433422412724,0.00887566297315061,0.007983419630909337,False
177,resnet50,IntegratedGradients,0.0005085947952466085,0.005946765467524528,0.00543817067227792,False
177,resnet50,LRP,0.002797087916405872,0.0014644315131590701,-0.0013326564032468018,True
177,resnet50,Random,0.0006127998494775966,0.0017150630170363003,0.0011022631675587037,False
177,vit_base,Chefer-LRP,0.019072269121534192,0.3549075394868851,0.3358352703653509,False
177,vit_base,GradCAM,0.02339164797158446,0.325058264285326,0.3016666163137416,False
177,vit_base,IntegratedGradients,0.020019477957976053,0.33504526317119604,0.31502578521322,False
177,vit_base,Random,0.024676068453118205,0.05376374762854539,0.029087679175427185,False
178,mobilevit_s,GradCAM,0.00021943337305856402,0.004268583407974802,0.004049150034916238,False
178,mobilevit_s,IntegratedGradients,0.006020937758148649,0.00016321578550559937,-0.00585772197264305,True
178,mobilevit_s,Random,0.0014301839648396706,0.00030640373443020503,-0.0011237802304094656,True
178,resnet50,GradCAM,0.000668478980605869,0.00014591827402909982,-0.0005225607065767691,True
178,resnet50,IntegratedGradients,0.0007672963611184969,0.0002527877180000359,-0.0005145086431184609,True
178,resnet50,LRP,0.011602613418017426,0.00018122425362889768,-0.011421389164388528,True
178,resnet50,Random,0.0015122986847018183,0.0011468310979580564,-0.00036546758674376183,True
178,vit_base,Chefer-LRP,0.0006674422118521762,0.003925482032354921,0.0032580398205027446,False
178,vit_base,GradCAM,0.0016220922814682126,0.007259169162716716,0.005637076881248503,False
178,vit_base,IntegratedGradients,0.0008523863165464718,0.004202301648911088,0.0033499153323646165,False
178,vit_base,Random,0.0010097439691890032,0.0018994805577676743,0.0008897365885786712,False
179,mobilevit_s,GradCAM,0.01247578840964252,0.24825763031840328,0.23578184190876075,False
179,mobilevit_s,IntegratedGradients,0.0104472435938078,0.04299740800634026,0.03255016441253246,False
179,mobilevit_s,Random,0.03190000635295291,0.05440114066004753,0.02250113430709462,False
179,resnet50,GradCAM,0.0006042014332706458,0.01841001841239631,0.01780581697912566,False
179,resnet50,IntegratedGradients,0.0002342484808565359,0.0077476836508139964,0.00751343516995746,False
179,resnet50,LRP,0.0007057390437694266,0.003903959639137611,0.0031982205953681843,False
179,resnet50,Random,0.0005682540659108781,0.0007580272114864785,0.00018977314557560036,False
179,vit_base,Chefer-LRP,0.006162084978859638,0.06417044419795276,0.05800835921909312,False
179,vit_base,GradCAM,0.009484705191425748,0.09883136935532093,0.08934666416389518,False
179,vit_base,IntegratedGradients,0.008297410389059224,0.06736983060836793,0.05907242021930871,False
179,vit_base,Random,0.06593579996842892,0.049319473863579336,-0.016616326104849588,True
180,mobilevit_s,GradCAM,0.013288313057273626,0.0015147742788030882,-0.011773538778470538,True
180,mobilevit_s,IntegratedGradients,0.0010811939756422363,0.0051479551941156386,0.004066761218473402,False
180,mobilevit_s,Random,0.0018211991380667313,0.0013913661686274284,-0.0004298329694393029,True
180,resnet50,GradCAM,0.006664063980315405,0.0960371982306242,0.0893731342503088,False
180,resnet50,IntegratedGradients,0.009346314411595816,0.06765997083857656,0.05831365642698074,False
180,resnet50,LRP,0.007219936397086713,0.11436643488705159,0.10714649848996488,False
180,resnet50,Random,0.02575874213607677,0.010658564691220817,-0.015100177444855952,True
180,vit_base,Chefer-LRP,0.00842571798930294,0.12254454977810383,0.11411883178880089,False
180,vit_base,GradCAM,0.01031665802220232,0.08140242286026478,0.07108576483806246,False
180,vit_base,IntegratedGradients,0.01824078268036829,0.09483067896217108,0.0765898962818028,False
180,vit_base,Random,0.04050016632536427,0.022569106332957743,-0.017931059992406524,True
181,mobilevit_s,GradCAM,0.0014499923912808298,0.02753391579608433,0.026083923404803498,False
181,mobilevit_s,IntegratedGradients,0.04469615214620715,0.0010152687376830726,-0.04368088340852408,True
181,mobilevit_s,Random,0.011004064616281537,0.007592227321583777,-0.00341183729469776,True
181,resnet50,GradCAM,0.0003804465857683681,0.0019701378536410626,0.0015896912678726946,False
181,resnet50,IntegratedGradients,0.01443361731944606,0.0006742867844877765,-0.013759330534958283,True
181,resnet50,LRP,0.010795287582732271,0.0006422188293072395,-0.010153068753425032,True
181,resnet50,Random,0.005717479680606629,0.0022785197805205823,-0.003438959900086047,True
181,vit_base,Chefer-LRP,0.0022668063786113633,0.0016467128618387506,-0.0006200935167726127,True
181,vit_base,GradCAM,0.000928259195643477,0.004255527976783923,0.003327268781140446,False
181,vit_base,IntegratedGradients,0.003587640819023363,0.0011012348899384961,-0.002486405929084867,True
181,vit_base,Random,0.003044838397181593,0.0019829800556180996,-0.0010618583415634934,True
182,mobilevit_s,GradCAM,0.3197387866675854,0.3673035606741905,0.04756477400660514,False
182,mobilevit_s,IntegratedGradients,0.32606455620407365,0.34627362340688705,0.020209067202813402,False
182,mobilevit_s,Random,0.37140042148530483,0.3155143503099681,-0.05588607117533673,True
182,resnet50,GradCAM,0.29349513202905664,0.49505651742219925,0.2015613853931426,False
182,resnet50,IntegratedGradients,0.3384320080280304,0.4847898095846176,0.14635780155658717,False
182,resnet50,LRP,0.23779832904692738,0.49373071938753127,0.2559323903406039,False
182,resnet50,Random,0.3363199795596302,0.4418035715818406,0.10548359202221036,False
182,vit_base,Chefer-LRP,0.38126812130212784,0.385312782227993,0.00404466092586514,False
182,vit_base,GradCAM,0.3414596110582352,0.3616870790719986,0.020227468013763406,False
182,vit_base,IntegratedGradients,0.3922289863228797,0.3407135285437107,-0.05151545777916905,True
182,vit_base,Random,0.3267938598990441,0.3423535689711571,0.015559709072113015,False
183,mobilevit_s,GradCAM,0.1426023600564804,0.48654804825782777,0.3439456882013474,False
183,mobilevit_s,IntegratedGradients,0.10993573252872012,0.48063713014125825,0.3707013976125381,False
183,mobilevit_s,Random,0.38299356475472457,0.4047508731484413,0.021757308393716757,False
183,resnet50,GradCAM,0.17359145127411466,0.4978457227349281,0.3242542714608134,False
183,resnet50,IntegratedGradients,0.10419289282290267,0.4970822840929031,0.39288939127000044,False
183,resnet50,LRP,0.06131480445910712,0.4954499721527099,0.4341351676936028,False
183,resnet50,Random,0.25150551348342565,0.22884801011095993,-0.02265750337246572,True
183,vit_base,Chefer-LRP,0.1733507459157409,0.41682632118463514,0.24347557526889424,False
183,vit_base,GradCAM,0.13964472992338414,0.43648259788751603,0.2968378679641319,False
183,vit_base,IntegratedGradients,0.23001251794630664,0.4314954474568367,0.20148292951053007,False
183,vit_base,Random,0.4111035265028477,0.39021804034709934,-0.020885486155748367,True
184,mobilevit_s,GradCAM,0.0032012192896218043,0.0701170889660716,0.0669158696764498,False
184,mobilevit_s,IntegratedGradients,0.009828728306229098,0.04850198403000831,0.038673255723779214,False
184,mobilevit_s,Random,0.025940493040252477,0.035844805929809806,0.009904312889557329,False
184,resnet50,GradCAM,0.0003254616492995411,0.0013420543662505224,0.0010165927169509814,False
184,resnet50,IntegratedGradients,0.0009727127573228244,0.0009525955974822864,-2.0117159840537992e-05,True
184,resnet50,LRP,0.0024549683468649166,0.0005874053385923617,-0.001867563008272555,True
184,resnet50,Random,0.0014757873279449996,0.0007704188992647687,-0.0007053684286802309,True
184,vit_base,Chefer-LRP,0.0009370613188366407,0.002935459406580776,0.0019983980877441355,False
184,vit_base,GradCAM,0.0007300130775547586,0.0031731621129438285,0.00244314903538907,False
184,vit_base,IntegratedGradients,0.0012870397411461456,0.003196799720171839,0.0019097599790256934,False
184,vit_base,Random,0.001661914441501722,0.0016743803891586142,1.2465947656892327e-05,False
185,mobilevit_s,GradCAM,0.10773816986038583,0.20743846893310547,0.09970029907271964,False
185,mobilevit_s,IntegratedGradients,0.14125841262284666,0.290470065176487,0.14921165255364033,False
185,mobilevit_s,Random,0.25781101286411284,0.2998010404407978,0.04199002757668496,False
185,resnet50,GradCAM,0.09104205059702511,0.4659424066543579,0.37490035605733274,False
185,resnet50,IntegratedGradients,0.1121280096936971,0.47202043235301966,0.35989242265932253,False
185,resnet50,LRP,0.06953948505688459,0.46907326430082324,0.3995337792439386,False
185,resnet50,Random,0.27080292627215385,0.3799454614520073,0.10914253517985345,False
185,vit_base,Chefer-LRP,0.06850992896943355,0.2400283448398113,0.17151841587037775,False
185,vit_base,GradCAM,0.08042661422223317,0.2703588880598545,0.1899322738376213,False
185,vit_base,IntegratedGradients,0.12049763016402723,0.22013547495007516,0.09963784478604792,False
185,vit_base,Random,0.19423496760427952,0.18061244636774065,-0.01362252123653887,True
186,mobilevit_s,GradCAM,0.07762531074695289,0.3691439390182495,0.2915186282712966,False
186,mobilevit_s,IntegratedGradients,0.12701672868010977,0.40187739282846446,0.2748606641483547,False
186,mobilevit_s,Random,0.2671174546470866,0.33737023770809177,0.07025278306100519,False
186,resnet50,GradCAM,0.12454656285699456,0.4974354699254036,0.37288890706840905,False
186,resnet50,IntegratedGradients,0.16224105431465433,0.49380147755146026,0.3315604232368059,False
186,resnet50,LRP,0.04593685294530588,0.4971746414899826,0.4512377885446767,False
186,resnet50,Random,0.36424439253169116,0.33341654464529713,-0.030827847886394033,True
186,vit_base,Chefer-LRP,0.06778670033672825,0.2634272798895836,0.19564057955285535,False
186,vit_base,GradCAM,0.08500445645768197,0.2681807816028595,0.18317632514517757,False
186,vit_base,IntegratedGradients,0.10849393000826242,0.25400025844573976,0.14550632843747735,False
186,vit_base,Random,0.19146545603871346,0.18286944925785067,-0.00859600678086278,True
187,mobilevit_s,GradCAM,0.011740048439241948,0.10998260937631131,0.09824256093706936,False
187,mobilevit_s,IntegratedGradients,0.015116080817051625,0.11869148164987564,0.10357540083282402,False
187,mobilevit_s,Random,0.0419051330189177,0.024427493430266626,-0.017477639588651072,True
187,resnet50,GradCAM,0.09403670583851637,0.383968199789524,0.28993149395100765,False
187,resnet50,IntegratedGradients,0.10967739181069193,0.4696155190467834,0.3599381272360915,False
187,resnet50,LRP,0.12419267053483055,0.41943500638008113,0.2952423358452506,False
187,resnet50,Random,0.08549271442461759,0.194881114596501,0.10938840017188342,False
187,vit_base,Chefer-LRP,0.13061882161709945,0.17792885657399893,0.04731003495689948,False
187,vit_base,GradCAM,0.1118278154084692,0.20791212357580663,0.09608430816733743,False
187,vit_base,IntegratedGradients,0.14654740737751126,0.17425788901746272,0.027710481639951462,False
187,vit_base,Random,0.17571527650579813,0.12025162614881992,-0.055463650356978214,True
188,mobilevit_s,GradCAM,0.014454412167106056,0.25711110308766366,0.2426566909205576,False
188,mobilevit_s,IntegratedGradients,0.027431278389576624,0.21234312057495117,0.18491184218537454,False
188,mobilevit_s,Random,0.10693496697058436,0.05778258884092793,-0.04915237812965643,True
188,resnet50,GradCAM,0.08379919712024277,0.4055526688694954,0.3217534717492527,False
188,resnet50,IntegratedGradients,0.079149857381708,0.3944811791181565,0.3153313217364485,False
188,resnet50,LRP,0.05755575114599197,0.4015552684664726,0.3439995173204806,False
188,resnet50,Random,0.19381133485585453,0.12475196485756895,-0.06905936999828557,True
188,vit_base,Chefer-LRP,0.035782770445803185,0.2185459025204182,0.182763132074615,False
188,vit_base,GradCAM,0.04850456322892569,0.23841770961880684,0.18991314638988116,False
188,vit_base,IntegratedGradients,0.07513172532781028,0.22542634904384612,0.15029462371603586,False
188,vit_base,Random,0.17098819985985755,0.20236041918396952,0.031372219324111966,False
189,mobilevit_s,GradCAM,0.10820388987049227,0.45673970133066183,0.34853581146016954,False
189,mobilevit_s,IntegratedGradients,0.0866618896383443,0.37705748826265334,0.290395598624309,False
189,mobilevit_s,Random,0.20829084541182968,0.13707025577896276,-0.07122058963286693,True
189,resnet50,GradCAM,0.4132541648112238,0.4999778747558594,0.08672370994463563,False
189,resnet50,IntegratedGradients,0.27142201383830983,0.4999695926904678,0.22854757885215798,False
189,resnet50,LRP,0.2883852899889462,0.49997917413711546,0.21159388414816926,False
189,resnet50,Random,0.40389618298504504,0.36510716341435906,-0.03878901957068598,True
189,vit_base,Chefer-LRP,0.1467836579307914,0.36225367039442063,0.21547001246362923,False
189,vit_base,GradCAM,0.16506429750879764,0.341422763466835,0.17635846595803734,False
189,vit_base,IntegratedGradients,0.19065762599930167,0.3840352028608322,0.19337757686153054,False
189,vit_base,Random,0.3545575469732285,0.3184470310807228,-0.03611051589250569,True
190,mobilevit_s,GradCAM,0.1916570447632694,0.37181397229433055,0.18015692753106116,False
190,mobilevit_s,IntegratedGradients,0.045357930722821044,0.3546204000711441,0.309262469348323,False
190,mobilevit_s,Random,0.14485415797680617,0.1234317580237985,-0.02142239995300768,True
190,resnet50,GradCAM,0.2165958951605717,0.4643718734383583,0.24777597827778658,False
190,resnet50,IntegratedGradients,0.08482602200820111,0.45394610017538073,0.3691200781671796,False
190,resnet50,LRP,0.10334444004693069,0.4353189051151276,0.33197446506819694,False
190,resnet50,Random,0.29296378972940146,0.346192910335958,0.053229120606556546,False
190,vit_base,Chefer-LRP,0.054973945335950715,0.21584036946296692,0.1608664241270162,False
190,vit_base,GradCAM,0.05437886477448046,0.22127562016248703,0.16689675538800658,False
190,vit_base,IntegratedGradients,0.06369201504858212,0.23300346359610558,0.16931144854752345,False
190,vit_base,Random,0.1378221974009648,0.16882733851671222,0.031005141115747425,False
191,mobilevit_s,GradCAM,0.10455245805496817,0.48333036750555036,0.3787779094505822,False
191,mobilevit_s,IntegratedGradients,0.056533077092899474,0.4748570531606674,0.41832397606776794,False
191,mobilevit_s,Random,0.28494978132148396,0.18035121619932398,-0.10459856512215998,True
191,resnet50,GradCAM,0.31217847391963005,0.4999456286430359,0.18776715472340583,False
191,resnet50,IntegratedGradients,0.3322123303369154,0.49705765396356577,0.1648453236266504,False
191,resnet50,LRP,0.28735544910887256,0.49982035607099534,0.21246490696212278,False
191,resnet50,Random,0.38100583748891953,0.36545140868111053,-0.015554428807808995,True
191,vit_base,Chefer-LRP,0.1507113774190657,0.3894457533955574,0.23873437597649172,False
191,vit_base,GradCAM,0.16017017221311108,0.41380056291818623,0.25363039070507515,False
191,vit_base,IntegratedGradients,0.273766228929162,0.391519720852375,0.117753491923213,False
191,vit_base,Random,0.33002228736877437,0.3083718340843916,-0.021650453284382754,True
192,mobilevit_s,GradCAM,0.007979873179374408,0.20520265214145184,0.19722277896207743,False
192,mobilevit_s,IntegratedGradients,0.0058503168519564485,0.07559283357113601,0.06974251671917957,False
192,mobilevit_s,Random,0.01256779385403206,0.05161835346370936,0.0390505596096773,False
192,resnet50,GradCAM,0.060241705748626376,0.40855500996112826,0.3483133042125019,False
192,resnet50,IntegratedGradients,0.023681495352593628,0.43116308450698854,0.4074815891543949,False
192,resnet50,LRP,0.02121723569625828,0.39322870820760725,0.372011472511349,False
192,resnet50,Random,0.050500227499287585,0.02906073782360181,-0.021439489675685774,True
192,vit_base,Chefer-LRP,0.003163861601206008,0.019959510210901497,0.01679564860969549,False
192,vit_base,GradCAM,0.001960749183490407,0.025482341181486845,0.023521591997996437,False
192,vit_base,IntegratedGradients,0.00252577410574304,0.01895844005048275,0.01643266594473971,False
192,vit_base,Random,0.008755594375543296,0.02478843133430928,0.016032836958765985,False
193,mobilevit_s,GradCAM,0.011167472094894037,0.12507351152598856,0.11390603943109452,False
193,mobilevit_s,IntegratedGradients,0.008394421640105064,0.13932665511965753,0.13093223347955246,False
193,mobilevit_s,Random,0.013601481651494395,0.02549546031877981,0.011893978667285414,False
193,resnet50,GradCAM,0.07529702186657233,0.4998451247811317,0.42454810291455936,False
193,resnet50,IntegratedGradients,0.08577439757355024,0.49992327839136125,0.414148880817811,False
193,resnet50,LRP,0.048253497444329704,0.4999145582318306,0.4516610607875009,False
193,resnet50,Random,0.2937130690377672,0.13236773855242062,-0.1613453304853466,True
193,vit_base,Chefer-LRP,0.05634344366117149,0.360388870537281,0.3040454268761095,False
193,vit_base,GradCAM,0.050469612584856806,0.3115573525428772,0.26108773995802037,False
193,vit_base,IntegratedGradients,0.060547663137549536,0.2727143779397011,0.21216671480215157,False
193,vit_base,Random,0.06217841275938554,0.05205546819488518,-0.010122944564500365,True
194,mobilevit_s,GradCAM,0.3086260417214362,0.4839529827237129,0.1753269410022767,False
194,mobilevit_s,IntegratedGradients,0.17703507478217945,0.4838921502232551,0.30685707544107566,False
194,mobilevit_s,Random,0.18727354581205874,0.19312565877771704,0.005852112965658296,False
194,resnet50,GradCAM,0.41006504418328416,0.4999554619193077,0.08989041773602352,False
194,resnet50,IntegratedGradients,0.4667382204905152,0.4996867761015893,0.03294855561107407,False
194,resnet50,LRP,0.2524065244746453,0.49997049719095227,0.24756397271630698,False
194,resnet50,Random,0.19327942724412425,0.23377576144321496,0.04049633419909071,False
194,vit_base,Chefer-LRP,0.3017811179161072,0.4556748732924461,0.15389375537633893,False
194,vit_base,GradCAM,0.33344808148685845,0.4561167389154434,0.12266865742858496,False
194,vit_base,IntegratedGradients,0.3803350120782852,0.4349710941314697,0.05463608205318454,False
194,vit_base,Random,0.2558891083113849,0.2969600282609463,0.04107091994956141,False
195,mobilevit_s,GradCAM,0.265940008479447,0.4230177134275437,0.1570777049480967,False
195,mobilevit_s,IntegratedGradients,0.08354408015075024,0.4329921051859856,0.3494480250352353,False
195,mobilevit_s,Random,0.30673564289609206,0.14133809133636532,-0.16539755155972674,True
195,resnet50,GradCAM,0.3470691164802701,0.4999972283840179,0.15292811190374778,False
195,resnet50,IntegratedGradients,0.14161750792263775,0.4999950706958771,0.3583775627732394,False
195,resnet50,LRP,0.14748254001642638,0.49999251067638395,0.3525099706599576,False
195,resnet50,Random,0.29655738950532395,0.15946926335163883,-0.13708812615368512,True
195,vit_base,Chefer-LRP,0.15899509445298465,0.3172892972826958,0.15829420282971113,False
195,vit_base,GradCAM,0.11331386415986346,0.33162703216075895,0.2183131680008955,False
195,vit_base,IntegratedGradients,0.23923723809421066,0.2866003949195147,0.047363156825304065,False
195,vit_base,Random,0.23791718892753125,0.15363258575089278,-0.08428460317663847,True
196,mobilevit_s,GradCAM,0.22977443209674678,0.3822528369724751,0.1524784048757283,False
196,mobilevit_s,IntegratedGradients,0.2607010401785374,0.4297930657863617,0.16909202560782433,False
196,mobilevit_s,Random,0.3457138806581497,0.25342416591010997,-0.09228971474803971,True
196,resnet50,GradCAM,0.4894035562872887,0.49999661743640905,0.010593061149120342,False
196,resnet50,IntegratedGradients,0.3912779336795211,0.4999929517507553,0.10871501807123424,False
196,resnet50,LRP,0.47040097378194334,0.4999938398599625,0.029592866078019142,False
196,resnet50,Random,0.378267610957846,0.46456662379205227,0.08629901283420627,False
196,vit_base,Chefer-LRP,0.39990061372518537,0.42755849808454516,0.027657884359359786,False
196,vit_base,GradCAM,0.4160580344498158,0.4553007766604424,0.03924274221062657,False
196,vit_base,IntegratedGradients,0.3653848432004452,0.4437492176890373,0.07836437448859213,False
196,vit_base,Random,0.4143046364188195,0.44217158704996107,0.027866950631141585,False
197,mobilevit_s,GradCAM,0.14657938565360382,0.4414483383297921,0.2948689526761883,False
197,mobilevit_s,IntegratedGradients,0.1796806570448098,0.47099203020334235,0.29131137315853256,False
197,mobilevit_s,Random,0.13001369611010888,0.09817783210019114,-0.03183586400991774,True
197,resnet50,GradCAM,0.48604560345411296,0.49998431503772733,0.013938711583614372,False
197,resnet50,IntegratedGradients,0.46203872263431545,0.49996390044689176,0.037925177812576316,False
197,resnet50,LRP,0.3150383366271854,0.49997353106737136,0.18493519444018597,False
197,resnet50,Random,0.4835388511419296,0.23745491018053144,-0.24608394096139818,True
197,vit_base,Chefer-LRP,0.3849080212414265,0.42186350375413895,0.03695548251271247,False
197,vit_base,GradCAM,0.27410026006400584,0.4157028168439866,0.14160255677998074,False
197,vit_base,IntegratedGradients,0.405329105257988,0.41065083593130114,0.005321730673313152,False
197,vit_base,Random,0.3665939316153526,0.4009069263935089,0.0343129947781563,False
198,mobilevit_s,GradCAM,0.13380442797206343,0.4309682622551918,0.29716383428312837,False
198,mobilevit_s,IntegratedGradients,0.24172832645708697,0.4131424158811569,0.17141408942406994,False
198,mobilevit_s,Random,0.20714467889629307,0.2482560924254358,0.04111141352914274,False
198,resnet50,GradCAM,0.05765510705241469,0.4965385481715202,0.43888344111910554,False
198,resnet50,IntegratedGradients,0.07525551701146468,0.49642724096775054,0.4211717239562859,False
198,resnet50,LRP,0.028943479584995657,0.4971474647521973,0.46820398516720163,False
198,resnet50,Random,0.08257559733973047,0.27033574292900936,0.1877601455892789,False
198,vit_base,Chefer-LRP,0.29205824620439674,0.45561684817075726,0.16355860196636052,False
198,vit_base,GradCAM,0.2950652292725863,0.4631834864616394,0.1681182571890531,False
198,vit_base,IntegratedGradients,0.3453007087111473,0.4350679650902748,0.08976725637912747,False
198,vit_base,Random,0.450069060921669,0.42970730215311054,-0.020361758768558447,True
199,mobilevit_s,GradCAM,0.19877134496346116,0.4575401827692986,0.2587688378058374,False
199,mobilevit_s,IntegratedGradients,0.4612449884414673,0.23090666048228742,-0.23033832795917986,True
199,mobilevit_s,Random,0.24327072115302145,0.2678995464022592,0.024628825249237762,False
199,resnet50,GradCAM,0.40870870500802997,0.4999807864427566,0.09127208143472665,False
199,resnet50,IntegratedGradients,0.40286615984005036,0.4999771088361741,0.09711094899612371,False
199,resnet50,LRP,0.3629185362136923,0.49995648562908174,0.13703794941538944,False
199,resnet50,Random,0.2947796534164809,0.3462270280870144,0.05144737467053351,False
199,vit_base,Chefer-LRP,0.31521272771060466,0.4237527072429657,0.10853997953236105,False
199,vit_base,GradCAM,0.3002598277060316,0.4283579543232917,0.1280981266172601,False
199,vit_base,IntegratedGradients,0.3526223614811898,0.41345147937536236,0.06082911789417256,False
199,vit_base,Random,0.3802527703344822,0.42645486146211625,0.04620209112763407,False
200,mobilevit_s,GradCAM,0.2607497557415627,0.4529969125986099,0.19224715685704719,False
200,mobilevit_s,IntegratedGradients,0.1622257811948657,0.46237499117851255,0.30014920998364686,False
200,mobilevit_s,Random,0.24660821600700727,0.38637361470609904,0.13976539869909177,False
200,resnet50,GradCAM,0.14589677836338527,0.4961115747690201,0.35021479640563485,False
200,resnet50,IntegratedGradients,0.22384171615324253,0.49695002436637875,0.27310830821313625,False
200,resnet50,LRP,0.07619127804064192,0.4969508096575737,0.4207595316169318,False
200,resnet50,Random,0.4396207090467214,0.42587340358877557,-0.013747305457945835,True
200,vit_base,Chefer-LRP,0.22604985391953963,0.3697411164641381,0.14369126254459846,False
200,vit_base,GradCAM,0.20055624628439545,0.38352455794811247,0.18296831166371702,False
200,vit_base,IntegratedGradients,0.35212303698062897,0.4063313886523247,0.05420835167169574,False
200,vit_base,Random,0.41187388151884086,0.3962170720100403,-0.01565680950880055,True
201,mobilevit_s,GradCAM,0.008109710160897522,0.21683252770453693,0.20872281754363942,False
201,mobilevit_s,IntegratedGradients,0.09874107960749826,0.11987063828855753,0.02112955868105927,False
201,mobilevit_s,Random,0.08668989390134813,0.11480044377967716,0.028110549878329033,False
201,resnet50,GradCAM,0.0009897075913613664,0.020488209475297475,0.01949850188393611,False
201,resnet50,IntegratedGradients,0.04953342987573706,0.0006707781605655328,-0.04886265171517153,True
201,resnet50,LRP,0.080483255389845,0.003089309523056726,-0.07739394586678827,True
201,resnet50,Random,0.04601420141407288,0.04227147448691539,-0.0037427269271574845,True
201,vit_base,Chefer-LRP,0.014483243878930806,0.08009598068892954,0.06561273680999873,False
201,vit_base,GradCAM,0.02290533241866797,0.10668012425303458,0.08377479183436662,False
201,vit_base,IntegratedGradients,0.059845772781409325,0.06195094734430313,0.0021051745628938023,False
201,vit_base,Random,0.07036295048892498,0.049017034657299514,-0.021345915831625463,True
202,mobilevit_s,GradCAM,0.33653535521589223,0.41862988322973255,0.08209452801384032,False
202,mobilevit_s,IntegratedGradients,0.2652067200819147,0.41307884454727173,0.14787212446535702,False
202,mobilevit_s,Random,0.3692156970500946,0.3952118679881096,0.025996170938014984,False
202,resnet50,GradCAM,0.3727161720395089,0.49730017185211184,0.12458399981260293,False
202,resnet50,IntegratedGradients,0.3860010992269964,0.498046749830246,0.11204565060324961,False
202,resnet50,LRP,0.2957155872478324,0.4976184442639351,0.20190285701610267,False
202,resnet50,Random,0.49645756036043165,0.49835969507694244,0.001902134716510795,False
202,vit_base,Chefer-LRP,0.3308117879671045,0.3928623035550117,0.06205051558790725,False
202,vit_base,GradCAM,0.30060089206090196,0.3978791877627373,0.09727829570183533,False
202,vit_base,IntegratedGradients,0.37332360818982124,0.3682745486497879,-0.005049059540033318,True
202,vit_base,Random,0.38294352442026136,0.3860139548778534,0.0030704304575920327,False
203,mobilevit_s,GradCAM,0.4365615300834179,0.46042440980672833,0.023862879723310415,False
203,mobilevit_s,IntegratedGradients,0.4606043487787247,0.46335686594247816,0.002752517163753465,False
203,mobilevit_s,Random,0.4534538611769676,0.4608929082751274,0.00743904709815979,False
203,resnet50,GradCAM,0.45620137341320516,0.49998564720153804,0.043784273788332884,False
203,resnet50,IntegratedGradients,0.4732260681688785,0.4999899446964264,0.02676387652754786,False
203,resnet50,LRP,0.3941107012331486,0.49998246431350707,0.10587176308035845,False
203,resnet50,Random,0.45184742957353596,0.4997440785169601,0.04789664894342416,False
203,vit_base,Chefer-LRP,0.41229101568460463,0.45154209285974506,0.039251077175140425,False
203,vit_base,GradCAM,0.3933957368135453,0.4511280834674835,0.05773234665393823,False
203,vit_base,IntegratedGradients,0.41403253823518754,0.42222635447978973,0.008193816244602192,False
203,vit_base,Random,0.44873400032520294,0.44321197569370274,-0.0055220246315002,True
204,mobilevit_s,GradCAM,0.32437270587543027,0.42263424694538115,0.09826154106995089,False
204,mobilevit_s,IntegratedGradients,0.05886840112798381,0.4197137966752052,0.3608453955472214,False
204,mobilevit_s,Random,0.2520052303676493,0.36302033300744374,0.11101510263979442,False
204,resnet50,GradCAM,0.4451760455965996,0.49999992251396175,0.054823876917362124,False
204,resnet50,IntegratedGradients,0.2945832778234035,0.4999996662139893,0.2054163883905858,False
204,resnet50,LRP,0.33530728233163254,0.4999999016523361,0.16469261932070356,False
204,resnet50,Random,0.3907502139132703,0.47496175435371696,0.08421154044044665,False
204,vit_base,Chefer-LRP,0.19706552512943748,0.38302516192197805,0.18595963679254057,False
204,vit_base,GradCAM,0.3429623742180411,0.4169276416301727,0.07396526741213161,False
204,vit_base,IntegratedGradients,0.38963093832135204,0.42143704146146777,0.03180610314011573,False
204,vit_base,Random,0.35968779847025867,0.3976160138845444,0.037928215414285704,False
205,mobilevit_s,GradCAM,0.009003376867622136,0.004832393175456673,-0.004170983692165463,True
205,mobilevit_s,IntegratedGradients,0.006197871512267738,0.004592559952288866,-0.0016053115599788722,True
205,mobilevit_s,Random,0.008341708936495707,0.008801110950298608,0.0004594020138029009,False
205,resnet50,GradCAM,0.0007525083681684917,0.017368848074693233,0.016616339706524742,False
205,resnet50,IntegratedGradients,0.00217870459673577,0.005411313299555332,0.003232608702819562,False
205,resnet50,LRP,0.0018611354083986954,0.0040337118436582385,0.002172576435259543,False
205,resnet50,Random,0.0025627955037634824,0.004218807061261032,0.0016560115574975492,False
205,vit_base,Chefer-LRP,0.0028003940940834584,0.004264962743036449,0.0014645686489529906,False
205,vit_base,GradCAM,0.0020826332736760375,0.003855424025095999,0.0017727907514199616,False
205,vit_base,IntegratedGradients,0.0025469388638157398,0.0019841905799694356,-0.0005627482838463042,True
205,vit_base,Random,0.0030517311883158983,0.0019432457687798888,-0.0011084854195360094,True
206,mobilevit_s,GradCAM,4.78236304843449e-05,3.106986368948128e-05,-1.675376679486362e-05,True
206,mobilevit_s,IntegratedGradients,2.303378087162855e-05,3.6569511212292125e-05,1.3535730340663575e-05,False
206,mobilevit_s,Random,0.00022625552901445187,0.00022080170292610997,-5.453826088341901e-06,True
206,resnet50,GradCAM,5.397277736847172e-05,5.661547475028784e-05,2.6426973818161195e-06,False
206,resnet50,IntegratedGradients,3.0183318494891866e-05,3.475701109891815e-05,4.573692604026284e-06,False
206,resnet50,LRP,0.00022095784766520407,4.873102207056945e-05,-0.0001722268255946346,True
206,resnet50,Random,4.212990734231425e-05,1.607145352977568e-05,-2.6058453812538567e-05,True
206,vit_base,Chefer-LRP,0.00024260915452032348,0.00019713047659024595,-4.547867793007753e-05,True
206,vit_base,GradCAM,0.00019652569026220587,0.00023693173716310412,4.040604690089825e-05,False
206,vit_base,IntegratedGradients,0.00027699886268237604,0.0003094750398304313,3.2476177148055264e-05,False
206,vit_base,Random,0.00022889445826876906,0.00015539556625299156,-7.34988920157775e-05,True
207,mobilevit_s,GradCAM,0.23678315058350563,0.46499001979827875,0.22820686921477312,False
207,mobilevit_s,IntegratedGradients,0.27990743443369864,0.4718683525919914,0.19196091815829275,False
207,mobilevit_s,Random,0.3002542018890381,0.2499225627630949,-0.05033163912594321,True
207,resnet50,GradCAM,0.39746699631214144,0.4303294897079468,0.03286249339580538,False
207,resnet50,IntegratedGradients,0.08297204448390404,0.4861058369278907,0.40313379244398667,False
207,resnet50,LRP,0.23246779339388016,0.4373723030090331,0.20490450961515297,False
207,resnet50,Random,0.31785249533859317,0.40657315850257875,0.08872066316398558,False
207,vit_base,Chefer-LRP,0.24746865257620815,0.3485289871692657,0.10106033459305758,False
207,vit_base,GradCAM,0.3283092670317274,0.31502832323312757,-0.013280943798599842,True
207,vit_base,IntegratedGradients,0.2841805510222911,0.36859280914068226,0.08441225811839115,False
207,vit_base,Random,0.30671410337090493,0.34152743220329285,0.03481332883238791,False
208,mobilevit_s,GradCAM,0.24757897034287454,0.4586229965090752,0.21104402616620063,False
208,mobilevit_s,IntegratedGradients,0.1778769177268259,0.4673407033085823,0.2894637855817564,False
208,mobilevit_s,Random,0.4572669193148613,0.3626341059803962,-0.0946328133344651,True
208,resnet50,GradCAM,0.440905649214983,0.4985128611326217,0.057607211917638734,False
208,resnet50,IntegratedGradients,0.28813254237174996,0.49607402086257935,0.2079414784908294,False
208,resnet50,LRP,0.2797299245372415,0.4975133702158927,0.2177834456786512,False
208,resnet50,Random,0.37961797710740947,0.31628564167767764,-0.06333233542973182,True
208,vit_base,Chefer-LRP,0.22220763005316257,0.32728765755891803,0.10508002750575546,False
208,vit_base,GradCAM,0.2794512481894344,0.34830638617277143,0.06885513798333703,False
208,vit_base,IntegratedGradients,0.3178985543549061,0.2933560237288475,-0.0245425306260586,True
208,vit_base,Random,0.33783827275037764,0.3443872943520547,0.00654902160167703,False
209,mobilevit_s,GradCAM,0.0955246618730598,0.4598090171813965,0.3642843553083367,False
209,mobilevit_s,IntegratedGradients,0.09359554613474758,0.44674824327230456,0.353152697137557,False
209,mobilevit_s,Random,0.22476941123604777,0.28691231533885003,0.062142904102802266,False
209,resnet50,GradCAM,0.3687223761342466,0.49796102344989773,0.12923864731565116,False
209,resnet50,IntegratedGradients,0.45801095962524413,0.4889398828148842,0.03092892318964008,False
209,resnet50,LRP,0.11100812759250403,0.49806776493787763,0.38705963734537363,False
209,resnet50,Random,0.4100498653948308,0.41993677616119385,0.009886910766363055,False
209,vit_base,Chefer-LRP,0.29916910603642466,0.39791414588689805,0.09874503985047339,False
209,vit_base,GradCAM,0.3489187598228455,0.4078779503703117,0.058959190547466234,False
209,vit_base,IntegratedGradients,0.3687370494008064,0.3421319395303727,-0.02660510987043374,True
209,vit_base,Random,0.36065476387739187,0.3520792335271836,-0.00857553035020825,True
210,mobilevit_s,GradCAM,0.05902017771149986,0.4604310885071754,0.40141091079567554,False
210,mobilevit_s,IntegratedGradients,0.09934736361028629,0.437857112288475,0.3385097486781887,False
210,mobilevit_s,Random,0.06994481318106409,0.24381516044959428,0.17387034726853018,False
210,resnet50,GradCAM,0.17286609310249332,0.49996716678142544,0.32710107367893215,False
210,resnet50,IntegratedGradients,0.15700550388764897,0.49992326498031625,0.34291776109266725,False
210,resnet50,LRP,0.10036654317664218,0.49998447597026824,0.39961793279362606,False
210,resnet50,Random,0.2867410412596655,0.3700802557403223,0.08333921448065679,False
210,vit_base,Chefer-LRP,0.10171428713947536,0.3646387457847596,0.26292445864528424,False
210,vit_base,GradCAM,0.1255128052289365,0.34932596385478976,0.22381315862585324,False
210,vit_base,IntegratedGradients,0.23901095427572727,0.3181156523525715,0.07910469807684423,False
210,vit_base,Random,0.2179556008428335,0.3082484312355518,0.09029283039271829,False
211,mobilevit_s,GradCAM,0.11385392740485259,0.47040189504623414,0.3565479676413815,False
211,mobilevit_s,IntegratedGradients,0.14876984719812755,0.4821989089250564,0.3334290617269289,False
211,mobilevit_s,Random,0.21504794029751798,0.30981268968898806,0.09476474939147009,False
211,resnet50,GradCAM,0.11888262648135423,0.49850475490093227,0.37962212841957804,False
211,resnet50,IntegratedGradients,0.16296863608295098,0.47834103852510457,0.3153724024421536,False
211,resnet50,LRP,0.14380006282590332,0.4981023848056793,0.35430232197977596,False
211,resnet50,Random,0.2625513529987075,0.228100128220467,-0.03445122477824053,True
211,vit_base,Chefer-LRP,0.16993779214099053,0.2620219461619854,0.09208415402099485,False
211,vit_base,GradCAM,0.13223774015204984,0.21681616678833962,0.08457842663628978,False
211,vit_base,IntegratedGradients,0.22461909949779507,0.266142013669014,0.04152291417121895,False
211,vit_base,Random,0.21076914835721255,0.19249563217163088,-0.01827351618558168,True
212,mobilevit_s,GradCAM,0.4384830668568611,0.47369782179594033,0.03521475493907922,False
212,mobilevit_s,IntegratedGradients,0.4487289696931839,0.4653242617845536,0.01659529209136973,False
212,mobilevit_s,Random,0.4207291908562184,0.43136923761339857,0.010640046757180166,False
212,resnet50,GradCAM,0.4647380266338587,0.49997256994247435,0.03523454330861564,False
212,resnet50,IntegratedGradients,0.45573842227458955,0.4999242573976516,0.04418583512306207,False
212,resnet50,LRP,0.4577851992100477,0.49997603595256807,0.04219083674252039,False
212,resnet50,Random,0.47464788779616357,0.3020171030220809,-0.17263078477408267,True
212,vit_base,Chefer-LRP,0.381263592839241,0.4422039344906807,0.06094034165143969,False
212,vit_base,GradCAM,0.40204232186079025,0.4483715102076531,0.04632918834686284,False
212,vit_base,IntegratedGradients,0.4364769160747528,0.38731591552495953,-0.04916100054979328,True
212,vit_base,Random,0.39896514266729355,0.356740714982152,-0.04222442768514156,True
213,mobilevit_s,GradCAM,0.09908046839991586,0.47800850421190266,0.3789280358119868,False
213,mobilevit_s,IntegratedGradients,0.32948993919417263,0.4276360496878624,0.09814611049368976,False
213,mobilevit_s,Random,0.31474840866285375,0.29641348903533077,-0.018334919627522983,True
213,resnet50,GradCAM,0.3019773602951319,0.4999960035085678,0.19801864321343593,False
213,resnet50,IntegratedGradients,0.2535804657276458,0.499964888393879,0.24638442266623317,False
213,resnet50,LRP,0.2673160062680836,0.4999799966812134,0.2326639904131298,False
213,resnet50,Random,0.32669331709039406,0.24484518844692504,-0.08184812864346902,True
213,vit_base,Chefer-LRP,0.3782532162964344,0.4661843940615654,0.08793117776513104,False
213,vit_base,GradCAM,0.40706708952784537,0.45251450240612034,0.04544741287827497,False
213,vit_base,IntegratedGradients,0.3724920960143209,0.4678988471627235,0.09540675114840264,False
213,vit_base,Random,0.46260810941457753,0.4522345751523971,-0.010373534262180406,True
214,mobilevit_s,GradCAM,0.11955454549752176,0.4516072452068329,0.3320526997093111,False
214,mobilevit_s,IntegratedGradients,0.38506277352571494,0.4082154154777527,0.023152641952037756,False
214,mobilevit_s,Random,0.4320991635322571,0.4095665000379086,-0.02253266349434846,True
214,resnet50,GradCAM,0.4314693689346314,0.4945527002215386,0.06308333128690718,False
214,resnet50,IntegratedGradients,0.4936848312616348,0.46878699362277987,-0.024897837638854947,True
214,resnet50,LRP,0.2685765165835619,0.49769905209541315,0.22912253551185124,False
214,resnet50,Random,0.39187668487429617,0.4451265849173069,0.05324990004301072,False
214,vit_base,Chefer-LRP,0.3538986511528492,0.4194921404123306,0.06559348925948144,False
214,vit_base,GradCAM,0.3963607657700777,0.4331062614917755,0.036745495721697774,False
214,vit_base,IntegratedGradients,0.3973172679543495,0.4269670233130455,0.02964975535869596,False
214,vit_base,Random,0.36108455508947374,0.38967648744583133,0.028591932356357597,False
215,mobilevit_s,GradCAM,0.3706527594476939,0.3462450750172138,-0.02440768443048008,True
215,mobilevit_s,IntegratedGradients,0.19952757303835825,0.3741117358207703,0.17458416278241204,False
215,mobilevit_s,Random,0.3787665491923691,0.39334919676184654,0.01458264756947747,False
215,resnet50,GradCAM,0.20072061121463775,0.3683284431695938,0.16760783195495604,False
215,resnet50,IntegratedGradients,0.3437161840498447,0.22748132050037384,-0.11623486354947088,True
215,resnet50,LRP,0.16210975609719755,0.41949718296527866,0.25738742686808114,False
215,resnet50,Random,0.11131021960172804,0.21499215050862405,0.10368193090689601,False
215,vit_base,Chefer-LRP,0.4197808310389519,0.41284615397453306,-0.006934677064418859,True
215,vit_base,GradCAM,0.36558106094598775,0.4328831657767296,0.06730210483074184,False
215,vit_base,IntegratedGradients,0.422010661661625,0.369167985022068,-0.052842676639556996,True
215,vit_base,Random,0.32850722782313824,0.30531369745731357,-0.023193530365824666,True
216,mobilevit_s,GradCAM,0.02199491461651633,0.36100004911422734,0.339005134497711,False
216,mobilevit_s,IntegratedGradients,0.020088977892737604,0.09907443076372147,0.07898545287098387,False
216,mobilevit_s,Random,0.05728867461257323,0.024950009455278633,-0.0323386651572946,True
216,resnet50,GradCAM,0.17221680017828478,0.17908206805586815,0.006865267877583375,False
216,resnet50,IntegratedGradients,0.022958948760060598,0.14816277939826253,0.12520383063820192,False
216,resnet50,LRP,0.11030900365731215,0.19578688591718674,0.08547788225987459,False
216,resnet50,Random,0.07597987948065565,0.10017433236062062,0.024194452879964967,False
216,vit_base,Chefer-LRP,0.06269489955157041,0.3663286611437798,0.3036337615922094,False
216,vit_base,GradCAM,0.09464415445399937,0.3353030137717724,0.24065885931777303,False
216,vit_base,IntegratedGradients,0.04159547760500572,0.30393488705158234,0.26233940944657663,False
216,vit_base,Random,0.19648968567998962,0.08335685450001619,-0.11313283117997343,True
217,mobilevit_s,GradCAM,0.2787593998014927,0.44545496404170987,0.16669556424021714,False
217,mobilevit_s,IntegratedGradients,0.14214981435798113,0.3473533521872014,0.2052035378292203,False
217,mobilevit_s,Random,0.12656024356838316,0.09898576656123624,-0.027574477007146922,True
217,resnet50,GradCAM,0.2459079351276159,0.4999072775244713,0.2539993423968554,False
217,resnet50,IntegratedGradients,0.3055852508172393,0.4350651249289513,0.12947987411171197,False
217,resnet50,LRP,0.197890248184558,0.49994315952062607,0.30205291133606804,False
217,resnet50,Random,0.12247365051880477,0.16485527129843833,0.04238162077963356,False
217,vit_base,Chefer-LRP,0.05587014062330127,0.2251966878771782,0.1693265472538769,False
217,vit_base,GradCAM,0.060574883036315454,0.15204535163938998,0.09147046860307453,False
217,vit_base,IntegratedGradients,0.17906523421406745,0.18945663496851922,0.010391400754451774,False
217,vit_base,Random,0.26298830658197403,0.14277102537453173,-0.1202172812074423,True
218,mobilevit_s,GradCAM,0.46667678356170655,0.44124149680137636,-0.02543528676033019,True
218,mobilevit_s,IntegratedGradients,0.4185225173830986,0.47134235054254536,0.05281983315944677,False
218,mobilevit_s,Random,0.4464680299162865,0.4053894400596618,-0.04107858985662466,True
218,resnet50,GradCAM,0.4581124469637871,0.499882236123085,0.04176978915929791,False
218,resnet50,IntegratedGradients,0.41318649873137475,0.4998265698552132,0.08664007112383842,False
218,resnet50,LRP,0.47614700347185135,0.49984284937381745,0.023695845901966106,False
218,resnet50,Random,0.44300741404294963,0.33216568429488696,-0.11084172974806267,True
218,vit_base,Chefer-LRP,0.3612029395997524,0.38844397366046907,0.02724103406071665,False
218,vit_base,GradCAM,0.3581986844539642,0.4047163903713226,0.04651770591735843,False
218,vit_base,IntegratedGradients,0.3367000982165336,0.3964612975716591,0.05976119935512547,False
218,vit_base,Random,0.3260270833969116,0.3800509855151177,0.05402390211820607,False
219,mobilevit_s,GradCAM,0.15326781120129454,0.4663985759019852,0.3131307647006907,False
219,mobilevit_s,IntegratedGradients,0.42356613446027047,0.4666309654712677,0.04306483101099723,False
219,mobilevit_s,Random,0.27420357994269584,0.30042012557387354,0.0262165456311777,False
219,resnet50,GradCAM,0.30318512327503416,0.4998128622770309,0.19662773900199676,False
219,resnet50,IntegratedGradients,0.20171320642512,0.4998992741107941,0.2981860676856741,False
219,resnet50,LRP,0.18904164099367338,0.49985489994287485,0.3108132589492015,False
219,resnet50,Random,0.3548638180829585,0.42545777037739757,0.07059395229443904,False
219,vit_base,Chefer-LRP,0.16985068189678715,0.4066203489899635,0.23676966709317637,False
219,vit_base,GradCAM,0.07592097034212202,0.4169414728879929,0.34102050254587085,False
219,vit_base,IntegratedGradients,0.11687385060358793,0.39798280447721485,0.2811089538736269,False
219,vit_base,Random,0.25050253495574004,0.2235772181302309,-0.026925316825509138,True
220,mobilevit_s,GradCAM,0.02082481029246992,0.41435243189334875,0.39352762160087884,False
220,mobilevit_s,IntegratedGradients,0.019591751701227622,0.38344248086214067,0.36385072916091304,False
220,mobilevit_s,Random,0.17865682432893668,0.14173333887010814,-0.03692348545882854,True
220,resnet50,GradCAM,0.06380674965621438,0.4685204431414604,0.404713693485246,False
220,resnet50,IntegratedGradients,0.035010239845723844,0.4689791455864906,0.4339689057407668,False
220,resnet50,LRP,0.03242980396171333,0.47507725358009345,0.4426474496183801,False
220,resnet50,Random,0.08324783962252696,0.12323898081097014,0.03999114118844317,False
220,vit_base,Chefer-LRP,0.021699434719630515,0.2894699707627296,0.2677705360430991,False
220,vit_base,GradCAM,0.019498915039002893,0.28275805562734607,0.26325914058834315,False
220,vit_base,IntegratedGradients,0.018408068499411456,0.25969473645091057,0.2412866679514991,False
220,vit_base,Random,0.09817666737071705,0.17919946275651458,0.08102279538579753,False
221,mobilevit_s,GradCAM,0.13244331080350097,0.48667927235364916,0.3542359615501482,False
221,mobilevit_s,IntegratedGradients,0.35522113194456323,0.48842300325632093,0.1332018713117577,False
221,mobilevit_s,Random,0.21857707556337122,0.4037739187479019,0.1851968431845307,False
221,resnet50,GradCAM,0.19278970173181734,0.49968781918287275,0.30689811745105544,False
221,resnet50,IntegratedGradients,0.4946318209171296,0.49827968776226045,0.003647866845130854,False
221,resnet50,LRP,0.07858537969877945,0.49964038580656056,0.4210550061077811,False
221,resnet50,Random,0.29039041667710996,0.43627374321222306,0.1458833265351131,False
221,vit_base,Chefer-LRP,0.37322698631323875,0.41021570265293117,0.03698871633969242,False
221,vit_base,GradCAM,0.31912003520410515,0.41916226893663405,0.1000422337325289,False
221,vit_base,IntegratedGradients,0.4248539328575134,0.34514042511582377,-0.07971350774168962,True
221,vit_base,Random,0.320349807292223,0.3186144649982453,-0.0017353422939777041,True
222,mobilevit_s,GradCAM,0.23323701231856828,0.4798000931739807,0.24656308085541243,False
222,mobilevit_s,IntegratedGradients,0.16638094801601255,0.4747258812189102,0.30834493320289763,False
222,mobilevit_s,Random,0.4441337153315544,0.4412352323532105,-0.002898482978343886,True
222,resnet50,GradCAM,0.3734305284917355,0.4999425157904625,0.12651198729872698,False
222,resnet50,IntegratedGradients,0.30200692788930616,0.49990164041519164,0.19789471252588547,False
222,resnet50,LRP,0.3053509663790464,0.49993818402290346,0.19458721764385706,False
222,resnet50,Random,0.4782689861953259,0.48237126171588895,0.004102275520563081,False
222,vit_base,Chefer-LRP,0.31531212884001436,0.4098539546132088,0.09454182577319442,False
222,vit_base,GradCAM,0.4118695490062237,0.41410652697086336,0.002236977964639675,False
222,vit_base,IntegratedGradients,0.38220797330141065,0.38593859821557996,0.0037306249141693115,False
222,vit_base,Random,0.4056289792060852,0.4169138476252556,0.011284868419170369,False
223,mobilevit_s,GradCAM,0.0029980770370457324,0.0106862701009959,0.0076881930639501675,False
223,mobilevit_s,IntegratedGradients,0.0024907183142204303,0.004371594201074914,0.0018808758868544837,False
223,mobilevit_s,Random,0.0020845367340371016,0.0018046429897367491,-0.0002798937443003525,True
223,resnet50,GradCAM,0.007702886660990772,0.021362913586199284,0.013660026925208513,False
223,resnet50,IntegratedGradients,0.008758448182015854,0.0714482057839632,0.06268975760194735,False
223,resnet50,LRP,0.008033831173815998,0.02812783590052277,0.020094004726706773,False
223,resnet50,Random,0.006166668467994896,0.021546837391770168,0.015380168923775271,False
223,vit_base,Chefer-LRP,0.0026030521607026463,0.008927220129407942,0.006324167968705296,False
223,vit_base,GradCAM,0.003134612340363674,0.019209899636916813,0.01607528729655314,False
223,vit_base,IntegratedGradients,0.00808715239400044,0.01024753248784691,0.0021603800938464705,False
223,vit_base,Random,0.007249519275501369,0.008441837644204496,0.0011923183687031266,False
224,mobilevit_s,GradCAM,0.268400589376688,0.40019258409738534,0.13179199472069736,False
224,mobilevit_s,IntegratedGradients,0.06521207206969848,0.4014429494738579,0.3362308774041594,False
224,mobilevit_s,Random,0.17495148257003168,0.20189649113453922,0.026945008564507544,False
224,resnet50,GradCAM,0.21164001917350106,0.4525458022952079,0.24090578312170685,False
224,resnet50,IntegratedGradients,0.22835937325144187,0.45475407838821413,0.22639470513677226,False
224,resnet50,LRP,0.08737861633999275,0.45702248811721796,0.36964387177722524,False
224,resnet50,Random,0.2570124633522938,0.33563029901124536,0.07861783565895158,False
224,vit_base,Chefer-LRP,0.18099362271605063,0.31414206027984615,0.13314843756379552,False
224,vit_base,GradCAM,0.10461974646314048,0.303074699640274,0.19845495317713352,False
224,vit_base,IntegratedGradients,0.27319380117114633,0.29765131026506425,0.024457509093917917,False
224,vit_base,Random,0.21882326181512324,0.28277369122952223,0.06395042941439899,False
225,mobilevit_s,GradCAM,0.3968166261911392,0.4232203498482704,0.026403723657131173,False
225,mobilevit_s,IntegratedGradients,0.16553238425403835,0.43764344453811643,0.27211106028407805,False
225,mobilevit_s,Random,0.3155599821999204,0.3148244400508703,-0.0007355421490500835,True
225,resnet50,GradCAM,0.48392579257488255,0.4996657565236092,0.01573996394872662,False
225,resnet50,IntegratedGradients,0.49966620951890944,0.48443254381418227,-0.015233665704727173,True
225,resnet50,LRP,0.445284815132618,0.4997761368751526,0.054491321742534626,False
225,resnet50,Random,0.4579098872840405,0.46921554226428275,0.011305654980242275,False
225,vit_base,Chefer-LRP,0.418855033814907,0.4223324194550514,0.0034773856401443815,False
225,vit_base,GradCAM,0.38766114562749865,0.41752964556217187,0.02986849993467322,False
225,vit_base,IntegratedGradients,0.4213654652237892,0.362220473587513,-0.05914499163627618,True
225,vit_base,Random,0.3752485170960427,0.3959539234638214,0.020705406367778734,False
226,mobilevit_s,GradCAM,0.2200622230884619,0.4698043614625931,0.24974213837413117,False
226,mobilevit_s,IntegratedGradients,0.14874597828666083,0.4672295346856117,0.3184835563989509,False
226,mobilevit_s,Random,0.3381879101507367,0.34996727108955383,0.011779360938817152,False
226,resnet50,GradCAM,0.18618648103874877,0.4995746195316314,0.3133881384928826,False
226,resnet50,IntegratedGradients,0.1324377260170877,0.49816907197237015,0.36573134595528245,False
226,resnet50,LRP,0.11918905699494645,0.49895712882280346,0.379768071827857,False
226,resnet50,Random,0.20270181095693263,0.20995120228035374,0.007249391323421117,False
226,vit_base,Chefer-LRP,0.21269857472798326,0.402087040245533,0.18938846551754973,False
226,vit_base,GradCAM,0.195713209285168,0.4004635885357857,0.20475037925061768,False
226,vit_base,IntegratedGradients,0.1915824744850397,0.3903958037495613,0.19881332926452158,False
226,vit_base,Random,0.2784564428497106,0.3455298215150833,0.06707337866537272,False
227,mobilevit_s,GradCAM,0.1702630560583202,0.40715573579072956,0.23689267973240935,False
227,mobilevit_s,IntegratedGradients,0.13389834378231172,0.43238438367843635,0.29848603989612466,False
227,mobilevit_s,Random,0.2965688199736178,0.3930473622865975,0.0964785423129797,False
227,resnet50,GradCAM,0.1975931282853708,0.4999691888689995,0.3023760605836287,False
227,resnet50,IntegratedGradients,0.21334241912991278,0.4999559789896011,0.2866135598596883,False
227,resnet50,LRP,0.1577010462409817,0.4999581933021545,0.34225714706117283,False
227,resnet50,Random,0.33910151612944905,0.37637635478749876,0.0372748386580497,False
227,vit_base,Chefer-LRP,0.13054404198192063,0.40292250812053687,0.27237846613861627,False
227,vit_base,GradCAM,0.12209127165842802,0.3982716530561447,0.27618038139771667,False
227,vit_base,IntegratedGradients,0.2755060893367045,0.3936249926686287,0.11811890333192421,False
227,vit_base,Random,0.3996599823236466,0.3748365581035614,-0.024823424220085155,True
228,mobilevit_s,GradCAM,0.06020282427271013,0.3399637289345265,0.27976090466181636,False
228,mobilevit_s,IntegratedGradients,0.07350165439384002,0.172902163118124,0.09940050872428399,False
228,mobilevit_s,Random,0.24023108817636968,0.22943016949575398,-0.010800918680615695,True
228,resnet50,GradCAM,0.15630344791670722,0.4985428169369698,0.34223936902026253,False
228,resnet50,IntegratedGradients,0.12812819338400916,0.4961214900016785,0.36799329661766933,False
228,resnet50,LRP,0.06752221650895081,0.4981245473027229,0.4306023307937721,False
228,resnet50,Random,0.23806892540305855,0.2458903596671007,0.007821434264042165,False
228,vit_base,Chefer-LRP,0.10492287095112263,0.40773201435804374,0.3028091434069211,False
228,vit_base,GradCAM,0.09075632033491277,0.40544954985380177,0.314693229518889,False
228,vit_base,IntegratedGradients,0.21865089824423198,0.27940268181264405,0.06075178356841207,False
228,vit_base,Random,0.23157886639237404,0.24910987755283714,0.0175310111604631,False
229,mobilevit_s,GradCAM,0.14938574591651557,0.3550061687827111,0.2056204228661955,False
229,mobilevit_s,IntegratedGradients,0.4374680072069168,0.341962206363678,-0.09550580084323879,True
229,mobilevit_s,Random,0.28193566212430593,0.29832130884751684,0.01638564672321091,False
229,resnet50,GradCAM,0.3259439677000046,0.49989057928323744,0.17394661158323282,False
229,resnet50,IntegratedGradients,0.34557857743930076,0.4995982870459556,0.15401970960665484,False
229,resnet50,LRP,0.28005114533007147,0.49990677684545515,0.21985563151538368,False
229,resnet50,Random,0.3064179811975919,0.28866248490521684,-0.01775549629237505,True
229,vit_base,Chefer-LRP,0.30363310202956195,0.40227497965097425,0.0986418776214123,False
229,vit_base,GradCAM,0.3147054389119148,0.40621656477451323,0.09151112586259841,False
229,vit_base,IntegratedGradients,0.34114494919776917,0.3743397250771523,0.03319477587938313,False
229,vit_base,Random,0.30267265960574147,0.30181293487548827,-0.0008597247302531974,True
230,mobilevit_s,GradCAM,0.02781230835244059,0.045884682424366476,0.018072374071925884,False
230,mobilevit_s,IntegratedGradients,0.01947902755346149,0.031042225472629074,0.011563197919167583,False
230,mobilevit_s,Random,0.04603712409734727,0.04518094062805175,-0.0008561834692955156,True
230,resnet50,GradCAM,0.0025902576297085035,0.016949496255256238,0.014359238625547735,False
230,resnet50,IntegratedGradients,0.003465814804076217,0.021892978809773925,0.01842716400569771,False
230,resnet50,LRP,0.0021117503638379276,0.017760425945743917,0.01564867558190599,False
230,resnet50,Random,0.009088119387160986,0.026215212605893615,0.01712709321873263,False
230,vit_base,Chefer-LRP,0.006370012438856065,0.01421179180033505,0.007841779361478986,False
230,vit_base,GradCAM,0.004854499967768788,0.019268345227465032,0.014413845259696245,False
230,vit_base,IntegratedGradients,0.026099440455436707,0.012396967690438033,-0.013702472764998674,True
230,vit_base,Random,0.014545440906658769,0.013778035202994943,-0.0007674057036638256,True
231,mobilevit_s,GradCAM,0.020961998496204615,0.02201774161076173,0.0010557431145571151,False
231,mobilevit_s,IntegratedGradients,0.009586899660644122,0.07585289636626841,0.06626599670562429,False
231,mobilevit_s,Random,0.014394178616930731,0.011185440776171162,-0.0032087378407595693,True
231,resnet50,GradCAM,0.00010422583550280251,0.0019884387700585646,0.0018842129345557621,False
231,resnet50,IntegratedGradients,0.0004150679607846541,0.0017062827566405757,0.0012912147958559215,False
231,resnet50,LRP,0.0002840688837750349,0.00065861714501807,0.00037454826124303517,False
231,resnet50,Random,0.0011554231401532888,0.0013515178166926488,0.00019609467653936008,False
231,vit_base,Chefer-LRP,0.0028577483251865494,0.03540477557107806,0.03254702724589151,False
231,vit_base,GradCAM,0.004251000698786811,0.0329513824544847,0.02870038175569789,False
231,vit_base,IntegratedGradients,0.008506582028348931,0.028113821521401405,0.019607239493052472,False
231,vit_base,Random,0.0334140491206199,0.01403707986464724,-0.019376969255972657,True
232,mobilevit_s,GradCAM,0.2095151389949024,0.41259911805391314,0.20308397905901074,False
232,mobilevit_s,IntegratedGradients,0.39102672860026366,0.3338674120604992,-0.05715931653976447,True
232,mobilevit_s,Random,0.28095525503158575,0.26286013871431346,-0.018095116317272286,True
232,resnet50,GradCAM,0.2830552279949189,0.3186024032533169,0.03554717525839801,False
232,resnet50,IntegratedGradients,0.3230528237298131,0.32283575013279914,-0.00021707359701395035,True
232,resnet50,LRP,0.1847634317353368,0.3092024445533752,0.1244390128180384,False
232,resnet50,Random,0.2967183238652069,0.29155359268188474,-0.005164731183322169,True
232,vit_base,Chefer-LRP,0.35472957938909533,0.3977569654583931,0.04302738606929779,False
232,vit_base,GradCAM,0.35586020201444624,0.4210728794336319,0.06521267741918568,False
232,vit_base,IntegratedGradients,0.3963707864284516,0.3963008910417557,-6.989538669588402e-05,True
232,vit_base,Random,0.3774112328886986,0.3408445909619331,-0.03656664192676551,True
233,mobilevit_s,GradCAM,0.19635719791986053,0.34214298427104956,0.14578578635118902,False
233,mobilevit_s,IntegratedGradients,0.14449165333062414,0.36951868087053297,0.22502702753990883,False
233,mobilevit_s,Random,0.3428779628127814,0.32614371655654395,-0.01673424625623743,True
233,resnet50,GradCAM,0.1349667513743043,0.4980209216475487,0.3630541702732444,False
233,resnet50,IntegratedGradients,0.18337122907396405,0.49901980310678484,0.31564857403282076,False
233,resnet50,LRP,0.19522368153557182,0.4977974817156791,0.30257380018010727,False
233,resnet50,Random,0.2383487736107782,0.31543977055698635,0.07709099694620816,False
233,vit_base,Chefer-LRP,0.10754769681952894,0.2522743284702301,0.14472663165070118,False
233,vit_base,GradCAM,0.1544663578271866,0.23633746802806851,0.08187111020088192,False
233,vit_base,IntegratedGradients,0.17891442328691484,0.23445053175091746,0.055536108464002615,False
233,vit_base,Random,0.18119206205010413,0.25731010884046557,0.07611804679036144,False
234,mobilevit_s,GradCAM,0.10365941179916265,0.3074204444885254,0.20376103268936274,False
234,mobilevit_s,IntegratedGradients,0.10594780435785653,0.18747993186116216,0.08153212750330563,False
234,mobilevit_s,Random,0.16127493749372662,0.16318199957895557,0.00190706208522895,False
234,resnet50,GradCAM,0.4876428276300431,0.4999725669622421,0.012329739332199052,False
234,resnet50,IntegratedGradients,0.4163377772085368,0.49990547001361846,0.08356769280508164,False
234,resnet50,LRP,0.38509328812360766,0.4999303162097931,0.11483702808618546,False
234,resnet50,Random,0.40248819892294707,0.3510278010508046,-0.05146039787214246,True
234,vit_base,Chefer-LRP,0.3293452948331833,0.4600973665714264,0.1307520717382431,False
234,vit_base,GradCAM,0.3544273786246777,0.4467168584465981,0.09228947982192037,False
234,vit_base,IntegratedGradients,0.3514555931091309,0.45140900611877444,0.09995341300964355,False
234,vit_base,Random,0.40515637844800956,0.4123877182602882,0.0072313398122786365,False
235,mobilevit_s,GradCAM,0.03255328966770322,0.3945316046476364,0.3619783149799332,False
235,mobilevit_s,IntegratedGradients,0.026238706998992715,0.3741798549890518,0.3479411479900591,False
235,mobilevit_s,Random,0.1830195127055049,0.21765693192719485,0.03463741922168995,False
235,resnet50,GradCAM,0.10446795444004237,0.49988729506731033,0.39541934062726797,False
235,resnet50,IntegratedGradients,0.05830416078679264,0.499860455095768,0.44155629430897536,False
235,resnet50,LRP,0.10589741342573689,0.4998730093240738,0.3939755958983369,False
235,resnet50,Random,0.4820610612630844,0.4988221600651741,0.016761098802089702,False
235,vit_base,Chefer-LRP,0.05444233631715179,0.2675361506640911,0.2130938143469393,False
235,vit_base,GradCAM,0.09649350885301829,0.2991889454424381,0.20269543658941985,False
235,vit_base,IntegratedGradients,0.07775741987861692,0.2544364258646965,0.17667900598607958,False
235,vit_base,Random,0.14434907957911491,0.3000034913420677,0.1556544117629528,False
236,mobilevit_s,GradCAM,0.10156575354048984,0.25825629085302354,0.15669053731253368,False
236,mobilevit_s,IntegratedGradients,0.11461962773464619,0.2692694950848818,0.15464986735023561,False
236,mobilevit_s,Random,0.2085436049383134,0.10642098053358497,-0.10212262440472843,True
236,resnet50,GradCAM,0.10738518028720137,0.49991248846054076,0.39252730817333936,False
236,resnet50,IntegratedGradients,0.19660958988024507,0.49993508458137514,0.30332549470113007,False
236,resnet50,LRP,0.17468571910285394,0.4999354749917984,0.32524975588894445,False
236,resnet50,Random,0.4213874712586403,0.3829015400260687,-0.0384859312325716,True
236,vit_base,Chefer-LRP,0.08516521783312782,0.4037494823336601,0.3185842645005323,False
236,vit_base,GradCAM,0.06535961525514722,0.41849862337112426,0.35313900811597704,False
236,vit_base,IntegratedGradients,0.14061369119444864,0.37131793349981307,0.23070424230536443,False
236,vit_base,Random,0.3324413411319256,0.41937422454357154,0.08693288341164596,False
237,mobilevit_s,GradCAM,0.17691841139458125,0.18342275805771352,0.0065043466631322655,False
237,mobilevit_s,IntegratedGradients,0.19927410408854485,0.0836641172412783,-0.11560998684726655,True
237,mobilevit_s,Random,0.11024303016019986,0.124757807306014,0.014514777145814145,False
237,resnet50,GradCAM,0.14124236311763527,0.309612724930048,0.16837036181241272,False
237,resnet50,IntegratedGradients,0.1751004511257634,0.18359388560056686,0.008493434474803468,False
237,resnet50,LRP,0.07925865957513452,0.21039286330342294,0.13113420372828843,False
237,resnet50,Random,0.08479837751947343,0.05556132099591196,-0.02923705652356147,True
237,vit_base,Chefer-LRP,0.025111136841587726,0.08716554697602986,0.06205441013444214,False
237,vit_base,GradCAM,0.016235160711221396,0.12317540887743234,0.10694024816621094,False
237,vit_base,IntegratedGradients,0.04517836347222329,0.08201834745705126,0.036839983984827976,False
237,vit_base,Random,0.027346151601523164,0.10859533017501236,0.08124917857348919,False
238,mobilevit_s,GradCAM,0.14139057733118535,0.31578906029462817,0.17439848296344282,False
238,mobilevit_s,IntegratedGradients,0.03975223191482655,0.2076700031757355,0.16791777126090895,False
238,mobilevit_s,Random,0.038763716460744044,0.03765787686643308,-0.0011058395943109658,True
238,resnet50,GradCAM,0.2146291217766702,0.49949718713760377,0.28486806536093356,False
238,resnet50,IntegratedGradients,0.20075591376953525,0.49928811639547344,0.29853220262593816,False
238,resnet50,LRP,0.1767963931692066,0.49960159212350846,0.3228051989543019,False
238,resnet50,Random,0.2556951028178447,0.4578825173899531,0.20218741457210843,False
238,vit_base,Chefer-LRP,0.13761280071921647,0.31079929918050764,0.17318649846129117,False
238,vit_base,GradCAM,0.14394146492704746,0.3295603305101394,0.18561886558309193,False
238,vit_base,IntegratedGradients,0.29800935536623,0.3055118098855019,0.007502454519271895,False
238,vit_base,Random,0.09274913209956141,0.07536659941542896,-0.01738253268413245,True
239,mobilevit_s,GradCAM,0.03221844726358541,0.37921097576618196,0.34699252850259654,False
239,mobilevit_s,IntegratedGradients,0.11523086632369088,0.21897087469697,0.10374000837327911,False
239,mobilevit_s,Random,0.022409290946961844,0.03723567957058549,0.014826388623623645,False
239,resnet50,GradCAM,0.07228436772711576,0.42402571737766265,0.3517413496505469,False
239,resnet50,IntegratedGradients,0.05137046781601385,0.23068355545401575,0.1793130876380019,False
239,resnet50,LRP,0.04950676674488933,0.3752662047743797,0.32575943802949037,False
239,resnet50,Random,0.05525146986747132,0.06742068396433752,0.0121692140968662,False
239,vit_base,Chefer-LRP,0.15498403310775755,0.2100099813193083,0.05502594821155074,False
239,vit_base,GradCAM,0.11861259464640171,0.20788258984684946,0.08926999520044775,False
239,vit_base,IntegratedGradients,0.12758115595206618,0.20101955309510233,0.07343839714303615,False
239,vit_base,Random,0.11803535781800747,0.15181838311254978,0.0337830252945423,False
240,mobilevit_s,GradCAM,0.18430820378926002,0.4517677009105682,0.26745949712130823,False
240,mobilevit_s,IntegratedGradients,0.11837301997802571,0.29303999841213224,0.17466697843410653,False
240,mobilevit_s,Random,0.29100456117303114,0.3084110072639305,0.017406446090899363,False
240,resnet50,GradCAM,0.2033819682430476,0.40628962218761444,0.20290765394456683,False
240,resnet50,IntegratedGradients,0.27126129942771515,0.3870340287685395,0.11577272934082433,False
240,resnet50,LRP,0.1340952806087444,0.4393515527248383,0.30525627211609385,False
240,resnet50,Random,0.4424316480755806,0.3270512662827969,-0.1153803817927837,True
240,vit_base,Chefer-LRP,0.1220138806849718,0.38241065442562105,0.26039677374064923,False
240,vit_base,GradCAM,0.14667219705879692,0.3794353067874909,0.23276310972869396,False
240,vit_base,IntegratedGradients,0.40388346537947656,0.2896230258047581,-0.11426043957471843,True
240,vit_base,Random,0.42418934106826783,0.3975416548550129,-0.026647686213254917,True
241,mobilevit_s,GradCAM,0.004716878128238023,0.07113483920693399,0.06641796107869596,False
241,mobilevit_s,IntegratedGradients,0.11603325830801624,0.022289451584219935,-0.0937438067237963,True
241,mobilevit_s,Random,0.014298847541795112,0.021340177651291016,0.007041330109495904,False
241,resnet50,GradCAM,0.0012037190004775768,0.004667778208386153,0.003464059207908576,False
241,resnet50,IntegratedGradients,0.004702878606622108,0.002238230274815578,-0.00246464833180653,True
241,resnet50,LRP,0.005318538646679372,0.0023733331756375267,-0.002945205471041845,True
241,resnet50,Random,0.0006608911919101956,0.008037990526645443,0.007377099334735247,False
241,vit_base,Chefer-LRP,0.008086648804601282,0.017474273033440114,0.009387624228838832,False
241,vit_base,GradCAM,0.005992206081282347,0.020894664619117976,0.014902458537835629,False
241,vit_base,IntegratedGradients,0.009872624999843538,0.016256476286798716,0.006383851286955178,False
241,vit_base,Random,0.012968647270463408,0.015273761702701451,0.0023051144322380427,False
242,mobilevit_s,GradCAM,0.15885814648790983,0.43795590400695805,0.2790977575190482,False
242,mobilevit_s,IntegratedGradients,0.104753079173679,0.4418657615780831,0.3371126824044041,False
242,mobilevit_s,Random,0.3468111529946327,0.3268561675446109,-0.019954985450021834,True
242,resnet50,GradCAM,0.31315108076378245,0.49999955892562864,0.1868484781618462,False
242,resnet50,IntegratedGradients,0.20805132843133833,0.49999703764915465,0.2919457092178163,False
242,resnet50,LRP,0.17251061586866856,0.4999986857175827,0.32748806984891415,False
242,resnet50,Random,0.3455100763356313,0.32814603733713743,-0.01736403899849387,True
242,vit_base,Chefer-LRP,0.2320654045965057,0.35116162747144697,0.11909622287494126,False
242,vit_base,GradCAM,0.1969237490382511,0.3804102167487144,0.18348646771046329,False
242,vit_base,IntegratedGradients,0.3281489625573159,0.32908765822649,0.0009386956691740944,False
242,vit_base,Random,0.3490379980765283,0.39735768660902976,0.04831968853250146,False
243,mobilevit_s,GradCAM,0.21055943734390895,0.44596535712480545,0.2354059197808965,False
243,mobilevit_s,IntegratedGradients,0.27370068095151506,0.4351784870028496,0.16147780605133455,False
243,mobilevit_s,Random,0.3318512574769557,0.24959581610746684,-0.08225544136948887,True
243,resnet50,GradCAM,0.30097806027624757,0.49999748170375824,0.19901942142751067,False
243,resnet50,IntegratedGradients,0.3624786159954965,0.49999519586563107,0.13751657987013455,False
243,resnet50,LRP,0.22694996554200772,0.49999749362468715,0.2730475280826794,False
243,resnet50,Random,0.467797028273344,0.42970161885023117,-0.03809540942311285,True
243,vit_base,Chefer-LRP,0.25983042903244497,0.4467143341898918,0.18688390515744685,False
243,vit_base,GradCAM,0.24495977330952884,0.4489815965294837,0.20402182321995488,False
243,vit_base,IntegratedGradients,0.3580880772322416,0.4418078035116196,0.08371972627937796,False
243,vit_base,Random,0.39495661575347185,0.3452705382369459,-0.04968607751652593,True
244,mobilevit_s,GradCAM,0.1998350057634525,0.37860309332609177,0.17876808756263926,False
244,mobilevit_s,IntegratedGradients,0.3046564022632083,0.3988751456141472,0.09421874335093894,False
244,mobilevit_s,Random,0.12576337408681867,0.12810966223914877,0.002346288152330095,False
244,resnet50,GradCAM,0.12622844167053698,0.44738668352365496,0.321158241853118,False
244,resnet50,IntegratedGradients,0.3079943332821131,0.4194338575005532,0.11143952421844006,False
244,resnet50,LRP,0.24613284263759852,0.46330823153257367,0.21717538889497515,False
244,resnet50,Random,0.18784002277534453,0.12183526644657833,-0.0660047563287662,True
244,vit_base,Chefer-LRP,0.19363837987184526,0.36467971205711364,0.17104133218526837,False
244,vit_base,GradCAM,0.24651914946734907,0.3651097878813744,0.11859063841402531,False
244,vit_base,IntegratedGradients,0.3188445717096329,0.3182573184370994,-0.0005872532725334501,True
244,vit_base,Random,0.21176755130290986,0.1688866689801216,-0.04288088232278825,True
245,mobilevit_s,GradCAM,0.18875101491939858,0.4666554927825928,0.27790447786319417,False
245,mobilevit_s,IntegratedGradients,0.030177209741668775,0.44320652782917025,0.4130293180875015,False
245,mobilevit_s,Random,0.15112670664675537,0.0481249274685979,-0.10300177917815748,True
245,resnet50,GradCAM,0.33505593680310997,0.4999228298664093,0.16486689306329932,False
245,resnet50,IntegratedGradients,0.10469199609942735,0.49934857487678525,0.3946565787773579,False
245,resnet50,LRP,0.19119236479746177,0.4999243795871735,0.30873201478971174,False
245,resnet50,Random,0.27497055879794063,0.2438549021957442,-0.031115656602196423,True
245,vit_base,Chefer-LRP,0.08222272380662617,0.4292978405952454,0.34707511678861924,False
245,vit_base,GradCAM,0.08984387527452783,0.4268524333834648,0.33700855810893693,False
245,vit_base,IntegratedGradients,0.26392294811084865,0.3658903807401658,0.10196743262931712,False
245,vit_base,Random,0.18820475637912748,0.29510352760553366,0.10689877122640618,False
246,mobilevit_s,GradCAM,0.01724551689112559,0.030469142110086982,0.013223625218961393,False
246,mobilevit_s,IntegratedGradients,0.02280174678890035,0.0849261835217476,0.06212443673284726,False
246,mobilevit_s,Random,0.01985143703786889,0.010960590071044862,-0.00889084696682403,True
246,resnet50,GradCAM,0.05745613610915826,0.4865398108959198,0.42908367478676157,False
246,resnet50,IntegratedGradients,0.06658522523939608,0.3388755246181973,0.2722902993788012,False
246,resnet50,LRP,0.024965718124440175,0.47783308625221244,0.4528673681277723,False
246,resnet50,Random,0.05613869576482103,0.14025405308930203,0.084115357324481,False
246,vit_base,Chefer-LRP,0.02124514782772167,0.16947463154792786,0.1482294837202062,False
246,vit_base,GradCAM,0.021038043667795138,0.14209986701607705,0.12106182334828192,False
246,vit_base,IntegratedGradients,0.037520744954235866,0.08234649002552032,0.04482574507128445,False
246,vit_base,Random,0.043999670725315805,0.05246027539251373,0.008460604667197925,False
247,mobilevit_s,GradCAM,0.2485300797969103,0.41457818895578386,0.16604810915887355,False
247,mobilevit_s,IntegratedGradients,0.29930668771266933,0.4527258321642875,0.1534191444516182,False
247,mobilevit_s,Random,0.4391446456313133,0.4462256610393524,0.007081015408039126,False
247,resnet50,GradCAM,0.3628901631571353,0.4999828547239304,0.1370926915667951,False
247,resnet50,IntegratedGradients,0.49799904823303226,0.49992884099483487,0.0019297927618026067,False
247,resnet50,LRP,0.4501838631927967,0.4999619558453561,0.04977809265255939,False
247,resnet50,Random,0.4568110778927803,0.3872515253722668,-0.06955955252051349,True
247,vit_base,Chefer-LRP,0.3552967213094235,0.4321927517652512,0.07689603045582766,False
247,vit_base,GradCAM,0.4406035572290421,0.420272596180439,-0.020330961048603102,True
247,vit_base,IntegratedGradients,0.41355096399784086,0.44453586190938954,0.03098489791154868,False
247,vit_base,Random,0.4200152918696404,0.3938444674015046,-0.02617082446813579,True
248,mobilevit_s,GradCAM,0.02839893163763918,0.4219648584723472,0.39356592683470804,False
248,mobilevit_s,IntegratedGradients,0.04501545551756862,0.3917021051049232,0.34668664958735457,False
248,mobilevit_s,Random,0.08754888637922704,0.08863367345184088,0.0010847870726138353,False
248,resnet50,GradCAM,0.12388886265362092,0.38589129596948624,0.2620024333158653,False
248,resnet50,IntegratedGradients,0.08331479475709785,0.37851930633187303,0.2952045115747752,False
248,resnet50,LRP,0.07730791723297445,0.40446473211050027,0.3271568148775258,False
248,resnet50,Random,0.14461310021579266,0.2054832369089127,0.06087013669312005,False
248,vit_base,Chefer-LRP,0.08990808401722461,0.3839828804135323,0.2940747963963077,False
248,vit_base,GradCAM,0.1511786275776103,0.4001792028546334,0.24900057527702307,False
248,vit_base,IntegratedGradients,0.20807242700830103,0.4067796185612678,0.1987071915529668,False
248,vit_base,Random,0.36738504916429526,0.2990168057382107,-0.06836824342608455,True
249,mobilevit_s,GradCAM,0.07890882405918091,0.46538860797882076,0.38647978391963983,False
249,mobilevit_s,IntegratedGradients,0.11443518944361131,0.3414275862276554,0.2269923967840441,False
249,mobilevit_s,Random,0.14916923452401534,0.1919602316454984,0.04279099712148307,False
249,resnet50,GradCAM,0.2520393443701323,0.49988153725862505,0.24784219288849274,False
249,resnet50,IntegratedGradients,0.18536063888896023,0.49989075809717176,0.3145301192082115,False
249,resnet50,LRP,0.12236472571385094,0.49988271892070774,0.3775179932068568,False
249,resnet50,Random,0.3697292853612453,0.4487085979431868,0.07897931258194152,False
249,vit_base,Chefer-LRP,0.11472815293818713,0.4059248983860016,0.2911967454478145,False
249,vit_base,GradCAM,0.1427678062580526,0.39456893205642696,0.2518011257983743,False
249,vit_base,IntegratedGradients,0.22723989710211753,0.3921715006232262,0.16493160352110867,False
249,vit_base,Random,0.23862429633736612,0.3757915899157524,0.13716729357838628,False
250,mobilevit_s,GradCAM,0.08333952293851327,0.3779222294688225,0.2945827065303092,False
250,mobilevit_s,IntegratedGradients,0.052851051691595784,0.3851615786552429,0.33231052696364716,False
250,mobilevit_s,Random,0.20691068172454838,0.27538566291332245,0.06847498118877407,False
250,resnet50,GradCAM,0.05124056374170323,0.443305741250515,0.39206517750881176,False
250,resnet50,IntegratedGradients,0.03203245609474834,0.40953760594129557,0.3775051498465472,False
250,resnet50,LRP,0.0882879520624556,0.4160337939858436,0.327745841923388,False
250,resnet50,Random,0.1139604751719162,0.2432965243700892,0.129336049198173,False
250,vit_base,Chefer-LRP,0.09532867011221244,0.26830373108386996,0.17297506097165752,False
250,vit_base,GradCAM,0.07623440661700444,0.29860518872737885,0.22237078211037442,False
250,vit_base,IntegratedGradients,0.07766557860595641,0.22640224993228913,0.14873667132633273,False
250,vit_base,Random,0.2525508461520076,0.3134592860937119,0.06090843994170425,False
251,mobilevit_s,GradCAM,0.0789690456353128,0.1619555732235312,0.08298652758821841,False
251,mobilevit_s,IntegratedGradients,0.10873079058947042,0.10320424956735226,-0.005526541022118164,True
251,mobilevit_s,Random,0.08575084670446816,0.09598065523896368,0.010229808534495524,False
251,resnet50,GradCAM,0.036415376060176634,0.3932889565825462,0.35687358052236956,False
251,resnet50,IntegratedGradients,0.291925311088562,0.2504704201128334,-0.04145489097572863,True
251,resnet50,LRP,0.08597624193353112,0.4717114418745041,0.38573519994097294,False
251,resnet50,Random,0.38525543827563524,0.3721256084740162,-0.01312982980161903,True
251,vit_base,Chefer-LRP,0.025737326429225504,0.05839698854833841,0.032659662119112906,False
251,vit_base,GradCAM,0.03173945522867143,0.052603309787809846,0.020863854559138417,False
251,vit_base,IntegratedGradients,0.09731135442852973,0.06768039194867015,-0.02963096247985958,True
251,vit_base,Random,0.08933536000549794,0.06789489518851043,-0.02144046481698751,True
252,mobilevit_s,GradCAM,0.20362461396143774,0.3783898666501045,0.17476525268866674,False
252,mobilevit_s,IntegratedGradients,0.06824954673356842,0.19744355194270613,0.1291940052091377,False
252,mobilevit_s,Random,0.10316957355535125,0.11703819419708453,0.013868620641733276,False
252,resnet50,GradCAM,0.28630094546824697,0.49450751096010215,0.20820656549185518,False
252,resnet50,IntegratedGradients,0.27207137716468427,0.48972345739603046,0.2176520802313462,False
252,resnet50,LRP,0.16860798995476214,0.4963701456785202,0.3277621557237581,False
252,resnet50,Random,0.315941902063787,0.2024494835641235,-0.11349241849966346,True
252,vit_base,Chefer-LRP,0.22565304115414622,0.3895985081791878,0.16394546702504156,False
252,vit_base,GradCAM,0.19282890409231185,0.374167761206627,0.18133885711431513,False
252,vit_base,IntegratedGradients,0.3245790682733059,0.3598455160856247,0.0352664478123188,False
252,vit_base,Random,0.23737755566835406,0.2503170065581799,0.012939450889825843,False
253,mobilevit_s,GradCAM,0.2324992049485445,0.19426417052745823,-0.03823503442108628,True
253,mobilevit_s,IntegratedGradients,0.055310167744755744,0.19953196942806248,0.14422180168330673,False
253,mobilevit_s,Random,0.08616449059918523,0.13366251345723867,0.04749802285805345,False
253,resnet50,GradCAM,0.34060257971286767,0.47811861932277677,0.1375160396099091,False
253,resnet50,IntegratedGradients,0.36444913893938063,0.469529402256012,0.10508026331663134,False
253,resnet50,LRP,0.26341765527613464,0.4834030568599701,0.21998540158383545,False
253,resnet50,Random,0.3453942238353193,0.2976443005725742,-0.04774992326274513,True
253,vit_base,Chefer-LRP,0.23193913549184803,0.2235969439148903,-0.00834219157695773,True
253,vit_base,GradCAM,0.22756678946316242,0.2561551734805107,0.028588384017348284,False
253,vit_base,IntegratedGradients,0.2188565194606781,0.21936524361371992,0.0005087241530418174,False
253,vit_base,Random,0.16489250995218754,0.14343628585338591,-0.02145622409880163,True
254,mobilevit_s,GradCAM,0.14707033509475875,0.45119305998086934,0.3041227248861106,False
254,mobilevit_s,IntegratedGradients,0.40322191026061777,0.3843548757955432,-0.01886703446507454,True
254,mobilevit_s,Random,0.23406274295412008,0.26662094388157126,0.03255820092745118,False
254,resnet50,GradCAM,0.1959284423850477,0.447514171898365,0.2515857295133173,False
254,resnet50,IntegratedGradients,0.17777273354731737,0.4494608402252197,0.27168810667790233,False
254,resnet50,LRP,0.1291581344790757,0.4624336406588554,0.3332755061797797,False
254,resnet50,Random,0.35850642248988157,0.2807615304365754,-0.07774489205330615,True
254,vit_base,Chefer-LRP,0.13078375067561868,0.26273811161518096,0.13195436093956228,False
254,vit_base,GradCAM,0.14724845355376603,0.2716021254658699,0.12435367191210389,False
254,vit_base,IntegratedGradients,0.21624748893082144,0.2548123888671398,0.03856489993631837,False
254,vit_base,Random,0.23732376843690872,0.23054671213030817,-0.006777056306600554,True
255,mobilevit_s,GradCAM,0.03648024462163448,0.17690664604306222,0.14042640142142773,False
255,mobilevit_s,IntegratedGradients,0.010964352176233663,0.06873202025890351,0.05776766808266985,False
255,mobilevit_s,Random,0.05135813747765497,0.06701396399803343,0.01565582652037846,False
255,resnet50,GradCAM,0.0026308147120289505,0.04168254984542727,0.03905173513339832,False
255,resnet50,IntegratedGradients,0.028077833401039247,0.00490242846426554,-0.023175404936773707,True
255,resnet50,LRP,0.0040566890384070575,0.04044604054652154,0.03638935150811448,False
255,resnet50,Random,0.0669790418120101,0.032844044768717134,-0.03413499704329297,True
255,vit_base,Chefer-LRP,0.08828175254166126,0.07604765072464943,-0.01223410181701183,True
255,vit_base,GradCAM,0.05316541250795125,0.08645877614617346,0.03329336363822221,False
255,vit_base,IntegratedGradients,0.11066102385520936,0.06863096058368683,-0.04203006327152253,True
255,vit_base,Random,0.05441013798117639,0.10942569486796855,0.05501555688679216,False
256,mobilevit_s,GradCAM,0.3735637550591491,0.47762317955493927,0.10405942449579014,False
256,mobilevit_s,IntegratedGradients,0.2947558223997476,0.4722725346684456,0.17751671226869797,False
256,mobilevit_s,Random,0.4467444770038128,0.44413819387555126,-0.002606283128261555,True
256,resnet50,GradCAM,0.3727677190676332,0.49998091757297514,0.12721319850534196,False
256,resnet50,IntegratedGradients,0.35101947542279965,0.49996979236602784,0.1489503169432282,False
256,resnet50,LRP,0.19513296424411236,0.49996007382869717,0.3048271095845848,False
256,resnet50,Random,0.4995424300432205,0.39663199968636037,-0.10291043035686015,True
256,vit_base,Chefer-LRP,0.31757203154265884,0.457350991666317,0.13977896012365815,False
256,vit_base,GradCAM,0.34495558086782696,0.446537372469902,0.10158179160207503,False
256,vit_base,IntegratedGradients,0.3448625322431326,0.45997298657894137,0.11511045433580874,False
256,vit_base,Random,0.4483369827270508,0.4287746399641037,-0.019562342762947105,True
257,mobilevit_s,GradCAM,0.02583538172061708,0.4196209788322448,0.39378559711162775,False
257,mobilevit_s,IntegratedGradients,0.0707459181775448,0.3679273173213005,0.29718139914375574,False
257,mobilevit_s,Random,0.11685134409926834,0.3215092453960097,0.20465790129674138,False
257,resnet50,GradCAM,0.11157435657805764,0.4881031185388565,0.3765287619607989,False
257,resnet50,IntegratedGradients,0.036053974134847525,0.43019438236951835,0.39414040823467084,False
257,resnet50,LRP,0.03082355136284605,0.4635435044765472,0.43271995311370115,False
257,resnet50,Random,0.2741748808417469,0.1838297161855735,-0.0903451646561734,True
257,vit_base,Chefer-LRP,0.01949098476907238,0.18041643723845485,0.16092545246938247,False
257,vit_base,GradCAM,0.03468128544627688,0.21872452050447463,0.18404323505819775,False
257,vit_base,IntegratedGradients,0.02744521575514227,0.23547113686800003,0.20802592111285775,False
257,vit_base,Random,0.17941524386405946,0.12299119960516691,-0.05642404425889255,True
258,mobilevit_s,GradCAM,0.056347422362887305,0.36559320986270905,0.30924578749982173,False
258,mobilevit_s,IntegratedGradients,0.015027801055111924,0.37994931340217597,0.36492151234706405,False
258,mobilevit_s,Random,0.10351373135345057,0.15493199507327518,0.05141826371982461,False
258,resnet50,GradCAM,0.10601873824489302,0.4960288003087044,0.3900100620638114,False
258,resnet50,IntegratedGradients,0.058727408005506736,0.49704594165086746,0.4383185336453607,False
258,resnet50,LRP,0.09478213308611885,0.49685416519641873,0.40207203211029985,False
258,resnet50,Random,0.327165928343311,0.2850056368624792,-0.04216029148083178,True
258,vit_base,Chefer-LRP,0.1117718239518581,0.35961289405822755,0.24784107010636947,False
258,vit_base,GradCAM,0.13617221450840586,0.3788270607590676,0.24265484625066172,False
258,vit_base,IntegratedGradients,0.10262358128093184,0.3279615953564644,0.22533801407553256,False
258,vit_base,Random,0.3728776516392827,0.37486251965165135,0.0019848680123686346,False
259,mobilevit_s,GradCAM,0.3587499938905239,0.45887926220893854,0.10012926831841462,False
259,mobilevit_s,IntegratedGradients,0.40575983844464647,0.2908450193703175,-0.11491481907432899,True
259,mobilevit_s,Random,0.26622140440158554,0.25108990429434924,-0.015131500107236295,True
259,resnet50,GradCAM,0.4697414979338646,0.49999857842922213,0.030257080495357525,False
259,resnet50,IntegratedGradients,0.39613388674333694,0.4999977380037308,0.10386385126039388,False
259,resnet50,LRP,0.34022694663144654,0.49999852776527404,0.1597715811338275,False
259,resnet50,Random,0.35919819683767856,0.4103483593091369,0.051150162471458316,False
259,vit_base,Chefer-LRP,0.3783445447683334,0.45235272943973537,0.07400818467140197,False
259,vit_base,GradCAM,0.41312751546502113,0.45435803979635236,0.04123052433133123,False
259,vit_base,IntegratedGradients,0.3730795413255692,0.4441094011068344,0.07102985978126519,False
259,vit_base,Random,0.4163665056228638,0.40281786322593693,-0.01354864239692688,True
260,mobilevit_s,GradCAM,0.4758861124515533,0.46111620515584945,-0.014769907295703877,True
260,mobilevit_s,IntegratedGradients,0.23386962302029132,0.4463705882430077,0.21250096522271636,False
260,mobilevit_s,Random,0.46682038456201547,0.4416243314743042,-0.02519605308771128,True
260,resnet50,GradCAM,0.4839930236339569,0.4999757006764412,0.015982677042484295,False
260,resnet50,IntegratedGradients,0.4997887715697289,0.49995408952236176,0.00016531795263285964,False
260,resnet50,LRP,0.41259829252958297,0.4999745339155197,0.08737624138593675,False
260,resnet50,Random,0.4941767379641533,0.4874075904488564,-0.006769147515296892,True
260,vit_base,Chefer-LRP,0.2946548692882061,0.4140070974826813,0.11935222819447516,False
260,vit_base,GradCAM,0.37542310655117034,0.4311544343829155,0.05573132783174517,False
260,vit_base,IntegratedGradients,0.35795499980449674,0.43413328081369396,0.07617828100919721,False
260,vit_base,Random,0.37086399048566826,0.3818715751171112,0.011007584631442913,False
261,mobilevit_s,GradCAM,0.09616724202860498,0.44662025570869446,0.35045301368008946,False
261,mobilevit_s,IntegratedGradients,0.22649198123253883,0.2440488462103531,0.01755686497781428,False
261,mobilevit_s,Random,0.386177602596581,0.2864154706476257,-0.09976213194895533,True
261,resnet50,GradCAM,0.0874147218419239,0.37488792985677727,0.2874732080148534,False
261,resnet50,IntegratedGradients,0.18903637637849902,0.4043692350387573,0.2153328586602583,False
261,resnet50,LRP,0.07260384606488517,0.4164147496223449,0.34381090355745975,False
261,resnet50,Random,0.38106727153062825,0.3777847653254867,-0.0032825062051415332,True
261,vit_base,Chefer-LRP,0.17446100748056778,0.3859600186347962,0.2114990111542284,False
261,vit_base,GradCAM,0.1580188810999971,0.4073384031653404,0.24931952206534333,False
261,vit_base,IntegratedGradients,0.39090941324830053,0.26400990057736634,-0.1268995126709342,True
261,vit_base,Random,0.3478087976574898,0.3468807011842727,-0.000928096473217066,True
262,mobilevit_s,GradCAM,0.002331810389614475,0.08044271322432905,0.07811090283471459,False
262,mobilevit_s,IntegratedGradients,0.02085013596861245,0.022794228510792897,0.0019440925421804478,False
262,mobilevit_s,Random,0.0008752728136869337,0.0007073599625073256,-0.000167912851179608,True
262,resnet50,GradCAM,0.00035064930270891644,0.013116151106078177,0.01276550180336926,False
262,resnet50,IntegratedGradients,0.00021470794070523885,0.0033638175693340598,0.003149109628628821,False
262,resnet50,LRP,0.0025215261281118727,0.0031452606024686245,0.0006237344743567517,False
262,resnet50,Random,0.00043259819503873583,0.0008218622897402383,0.0003892640947015025,False
262,vit_base,Chefer-LRP,0.003688289966157754,0.023318642703816294,0.01963035273765854,False
262,vit_base,GradCAM,0.0072977978412382075,0.03270747689530253,0.025409679054064327,False
262,vit_base,IntegratedGradients,0.008453815303073497,0.02626788588240743,0.017814070579333933,False
262,vit_base,Random,0.02211661939509213,0.008410095330327749,-0.01370652406476438,True
263,mobilevit_s,GradCAM,0.03678256484126905,0.4164411544799805,0.3796585896387114,False
263,mobilevit_s,IntegratedGradients,0.026149015304690697,0.4622720390558243,0.4361230237511336,False
263,mobilevit_s,Random,0.08150099171325564,0.08930129799991847,0.007800306286662825,False
263,resnet50,GradCAM,0.0023455120545804674,0.32453955803066487,0.3221940459760844,False
263,resnet50,IntegratedGradients,0.002210800262218982,0.047417065128684044,0.04520626486646506,False
263,resnet50,LRP,0.011418398366367908,0.16467983368784186,0.15326143532147396,False
263,resnet50,Random,0.002968131267698482,0.007622493419330568,0.004654362151632086,False
263,vit_base,Chefer-LRP,0.06938074176432565,0.4319103688001633,0.3625296270358377,False
263,vit_base,GradCAM,0.11043735084531361,0.44090868830680846,0.3304713374614948,False
263,vit_base,IntegratedGradients,0.17227847035974267,0.43350823521614074,0.26122976485639804,False
263,vit_base,Random,0.2405846580862999,0.2521157395094633,0.01153108142316342,False
264,mobilevit_s,GradCAM,0.072553416583105,0.13148064278066157,0.05892722619755657,False
264,mobilevit_s,IntegratedGradients,0.010577111777092795,0.20137442462146282,0.19079731284437002,False
264,mobilevit_s,Random,0.06171372421085835,0.11271316707134248,0.05099944286048413,False
264,resnet50,GradCAM,0.034793626889586454,0.3933628305792808,0.35856920368969436,False
264,resnet50,IntegratedGradients,0.10721139083616435,0.26314236856997014,0.1559309777338058,False
264,resnet50,LRP,0.023370585252996536,0.24253276735544202,0.21916218210244548,False
264,resnet50,Random,0.16330557603505438,0.09441995548404522,-0.06888562055100916,True
264,vit_base,Chefer-LRP,0.0166737993597053,0.15169393345713617,0.13502013409743086,False
264,vit_base,GradCAM,0.017095575010171157,0.1187517372891307,0.10165616227895954,False
264,vit_base,IntegratedGradients,0.024503478477708996,0.13545916751027107,0.11095568903256207,False
264,vit_base,Random,0.06932589430361988,0.09369337111711501,0.02436747681349513,False
265,mobilevit_s,GradCAM,0.3061886358700576,0.42157806158065797,0.11538942571060035,False
265,mobilevit_s,IntegratedGradients,0.18113473228295335,0.449894218146801,0.2687594858638476,False
265,mobilevit_s,Random,0.3757244841544889,0.32796328818949405,-0.04776119596499484,True
265,resnet50,GradCAM,0.3199344401014969,0.4999632909893989,0.180028850887902,False
265,resnet50,IntegratedGradients,0.43084184477338566,0.49989122152328486,0.0690493767498992,False
265,resnet50,LRP,0.1756135151430499,0.49993714839220044,0.32432363324915053,False
265,resnet50,Random,0.4405356217175722,0.4651134110987187,0.024577789381146464,False
265,vit_base,Chefer-LRP,0.2531837288755924,0.3848681926727295,0.1316844637971371,False
265,vit_base,GradCAM,0.17551489288453015,0.38362034559249875,0.2081054527079686,False
265,vit_base,IntegratedGradients,0.33891259878873825,0.36824300736188886,0.029330408573150613,False
265,vit_base,Random,0.41547376364469524,0.4165622726082802,0.0010885089635849776,False
266,mobilevit_s,GradCAM,0.004725361876262469,0.04432957423850894,0.03960421236224647,False
266,mobilevit_s,IntegratedGradients,0.002313682310341392,0.01967663755640387,0.01736295524606248,False
266,mobilevit_s,Random,0.02592497297227965,0.025636748899705707,-0.0002882240725739435,True
266,resnet50,GradCAM,0.01997237194773334,0.18591380082070827,0.16594142887297492,False
266,resnet50,IntegratedGradients,0.008420957091948367,0.18563750423491002,0.17721654714296164,False
266,resnet50,LRP,0.006554519873316167,0.2831929448992014,0.2766384250258852,False
266,resnet50,Random,0.13637941682172822,0.1307671036607644,-0.0056123131609638055,True
266,vit_base,Chefer-LRP,0.05307854851707817,0.1954694401472807,0.14239089163020255,False
266,vit_base,GradCAM,0.059941328631248326,0.19838558956980706,0.13844426093855874,False
266,vit_base,IntegratedGradients,0.05712052964372562,0.18837072513997555,0.13125019549624994,False
266,vit_base,Random,0.18084145113825797,0.19039295241236687,0.009551501274108892,False
267,mobilevit_s,GradCAM,0.08757644994475414,0.24110208302736283,0.1535256330826087,False
267,mobilevit_s,IntegratedGradients,0.03363027211817098,0.2410033978521824,0.2073731257340114,False
267,mobilevit_s,Random,0.12188270594924688,0.10920279231359019,-0.012679913635656695,True
267,resnet50,GradCAM,0.035124381491914394,0.11665422581136227,0.08152984431944788,False
267,resnet50,IntegratedGradients,0.040247902274131775,0.16051256693899632,0.12026466466486455,False
267,resnet50,LRP,0.020398616333477552,0.12157005108892917,0.10117143475545162,False
267,resnet50,Random,0.08374878056347371,0.08227574396878481,-0.0014730365946888924,True
267,vit_base,Chefer-LRP,0.1107399553846335,0.19914403930306435,0.08840408391843084,False
267,vit_base,GradCAM,0.11356598866113927,0.2161254480481148,0.10255945938697551,False
267,vit_base,IntegratedGradients,0.18945310041308405,0.2105885989964008,0.02113549858331676,False
267,vit_base,Random,0.19194398447871208,0.19741543121635913,0.0054714467376470455,False
268,mobilevit_s,GradCAM,0.05372789187822491,0.1736259341239929,0.119898042245768,False
268,mobilevit_s,IntegratedGradients,0.0370305326221569,0.14405096024274827,0.10702042762059137,False
268,mobilevit_s,Random,0.04531867979094387,0.032995113424840385,-0.012323566366103482,True
268,resnet50,GradCAM,0.030829665379133078,0.14096241407096385,0.11013274869183078,False
268,resnet50,IntegratedGradients,0.057990340757532975,0.1285513237118721,0.07056098295433913,False
268,resnet50,LRP,0.051089386132662194,0.12392063848674298,0.07283125235408078,False
268,resnet50,Random,0.06492115622386337,0.14840665906667708,0.08348550284281371,False
268,vit_base,Chefer-LRP,0.0978888393379748,0.12666946798563006,0.02878062864765525,False
268,vit_base,GradCAM,0.04798010814847658,0.16295610815286637,0.11497600000438979,False
268,vit_base,IntegratedGradients,0.1292749963467941,0.1572934567928314,0.028018460446037313,False
268,vit_base,Random,0.1015745284035802,0.18324522450566288,0.08167069610208269,False
269,mobilevit_s,GradCAM,0.02973758852895117,0.25870865434408186,0.2289710658151307,False
269,mobilevit_s,IntegratedGradients,0.014763453244813719,0.21927105262875554,0.20450759938394183,False
269,mobilevit_s,Random,0.1792217834619805,0.27870441935956475,0.09948263589758424,False
269,resnet50,GradCAM,0.006637802976547391,0.010989450063789262,0.004351647087241871,False
269,resnet50,IntegratedGradients,0.01584749136236496,0.012874864262994376,-0.002972627099370583,True
269,resnet50,LRP,0.0035231101064709947,0.0033574288652744146,-0.00016568124119658006,True
269,resnet50,Random,0.19062716615735553,0.04566962938406505,-0.14495753677329049,True
269,vit_base,Chefer-LRP,0.05894885214511305,0.28293862789869306,0.22398977575358,False
269,vit_base,GradCAM,0.06156953032477759,0.28807233422994616,0.22650280390516858,False
269,vit_base,IntegratedGradients,0.15944413938559593,0.2678657718002796,0.10842163241468367,False
269,vit_base,Random,0.1745127334259451,0.2211641971021891,0.04665146367624401,False
270,mobilevit_s,GradCAM,0.26342190643772484,0.4152533426880836,0.15183143625035878,False
270,mobilevit_s,IntegratedGradients,0.23518960559740665,0.43026466667652136,0.1950750610791147,False
270,mobilevit_s,Random,0.2627040304854745,0.1911863347500912,-0.07151769573538333,True
270,resnet50,GradCAM,0.2812729019322433,0.49960765242576605,0.21833475049352274,False
270,resnet50,IntegratedGradients,0.3763927951455116,0.4993265956640244,0.12293380051851277,False
270,resnet50,LRP,0.21378307089908052,0.4995957180857658,0.2858126471866853,False
270,resnet50,Random,0.3014795046998188,0.38532523456960915,0.08384572986979033,False
270,vit_base,Chefer-LRP,0.40951677560806277,0.4074341520667076,-0.0020826235413551886,True
270,vit_base,GradCAM,0.3833763986825943,0.41022415757179254,0.026847758889198214,False
270,vit_base,IntegratedGradients,0.4368213579058647,0.41260796934366223,-0.024213388562202454,True
270,vit_base,Random,0.37841847613453866,0.4108873397111893,0.03246886357665063,False
271,mobilevit_s,GradCAM,0.05803785286843777,0.4163923472166062,0.3583544943481684,False
271,mobilevit_s,IntegratedGradients,0.19879702040925626,0.38864390850067143,0.18984688809141517,False
271,mobilevit_s,Random,0.22196849985048175,0.2979085161583499,0.07594001630786815,False
271,resnet50,GradCAM,0.17436740302946419,0.38522193729877474,0.21085453426931056,False
271,resnet50,IntegratedGradients,0.240894195396686,0.3753074243664742,0.1344132289697882,False
271,resnet50,LRP,0.18754746477061418,0.40946677774190904,0.22191931297129486,False
271,resnet50,Random,0.42329763770103457,0.3638378171250224,-0.05945982057601218,True
271,vit_base,Chefer-LRP,0.18497759017627688,0.32677621543407437,0.1417986252577975,False
271,vit_base,GradCAM,0.1842114735831274,0.3479140758514404,0.163702602268313,False
271,vit_base,IntegratedGradients,0.3415909694507718,0.28541551530361176,-0.05617545414716002,True
271,vit_base,Random,0.3428058475255966,0.3203344739973545,-0.022471373528242133,True
272,mobilevit_s,GradCAM,0.2645239132631105,0.437323234975338,0.1727993217122275,False
272,mobilevit_s,IntegratedGradients,0.12300594941843883,0.46588217467069626,0.3428762252522574,False
272,mobilevit_s,Random,0.2855780231067911,0.35222433218732485,0.06664630908053376,False
272,resnet50,GradCAM,0.23304586971644314,0.4999870985746384,0.26694122885819527,False
272,resnet50,IntegratedGradients,0.17858316527563148,0.4999764919281007,0.3213933266524692,False
272,resnet50,LRP,0.1501542039652122,0.4999824583530426,0.3498282543878304,False
272,resnet50,Random,0.47879683375358584,0.4210801050066948,-0.057716728746891044,True
272,vit_base,Chefer-LRP,0.25403798340703365,0.42862192243337627,0.17458393902634262,False
272,vit_base,GradCAM,0.24944732561853017,0.42800681293010706,0.1785594873115769,False
272,vit_base,IntegratedGradients,0.30858003897592423,0.43087885677814486,0.12229881780222063,False
272,vit_base,Random,0.44470674097537993,0.45294765681028365,0.008240915834903717,False
273,mobilevit_s,GradCAM,0.2822231139987707,0.4319575354456901,0.1497344214469194,False
273,mobilevit_s,IntegratedGradients,0.13757975642010936,0.4632363989949226,0.3256566425748132,False
273,mobilevit_s,Random,0.46580128818750377,0.4763685524463653,0.010567264258861508,False
273,resnet50,GradCAM,0.4123479299247265,0.4999960660934448,0.0876481361687183,False
273,resnet50,IntegratedGradients,0.20322814427199773,0.4999457120895386,0.2967175678175409,False
273,resnet50,LRP,0.35479133863700557,0.4999497681856156,0.14515842954861002,False
273,resnet50,Random,0.4800775028765202,0.499336251616478,0.01925874873995781,False
273,vit_base,Chefer-LRP,0.2877517074346543,0.41417665928602226,0.12642495185136798,False
273,vit_base,GradCAM,0.2569855563342571,0.41012351959943777,0.15313796326518064,False
273,vit_base,IntegratedGradients,0.38238310217857363,0.44144370853900916,0.05906060636043553,False
273,vit_base,Random,0.3963610768318176,0.41800296753644944,0.02164189070463185,False
274,mobilevit_s,GradCAM,0.16261110798222947,0.47963975220918653,0.3170286442269571,False
274,mobilevit_s,IntegratedGradients,0.3985943220555782,0.37958666011691095,-0.019007661938667264,True
274,mobilevit_s,Random,0.4527755960822106,0.34797252044081695,-0.10480307564139363,True
274,resnet50,GradCAM,0.1600500521250069,0.48747559487819675,0.32742554275318986,False
274,resnet50,IntegratedGradients,0.4207109227776527,0.44514349773526196,0.024432574957609254,False
274,resnet50,LRP,0.08902369803399779,0.494711634516716,0.4056879364827182,False
274,resnet50,Random,0.3532783996910439,0.4245501145720482,0.07127171488100431,False
274,vit_base,Chefer-LRP,0.18712045602733274,0.3501373708248139,0.16301691479748115,False
274,vit_base,GradCAM,0.17042389369453304,0.37871406823396686,0.20829017453943383,False
274,vit_base,IntegratedGradients,0.34375635385513315,0.3312130756676197,-0.01254327818751344,True
274,vit_base,Random,0.3773479387164116,0.4190390899777412,0.041691151261329606,False
275,mobilevit_s,GradCAM,0.32797109168022875,0.47821055054664613,0.15023945886641737,False
275,mobilevit_s,IntegratedGradients,0.29658925087424,0.4605024054646492,0.16391315459040923,False
275,mobilevit_s,Random,0.39575288370251654,0.23023709935951048,-0.16551578434300607,True
275,resnet50,GradCAM,0.4922200947999954,0.4999208778142929,0.0077007830142974965,False
275,resnet50,IntegratedGradients,0.43739085105480624,0.49997802972793576,0.06258717867312952,False
275,resnet50,LRP,0.3296346820716281,0.4999627768993378,0.17032809482770972,False
275,resnet50,Random,0.3989096396835521,0.33331478590262126,-0.06559485378093083,True
275,vit_base,Chefer-LRP,0.40931209921836853,0.4053724855184556,-0.003939613699912914,True
275,vit_base,GradCAM,0.3391767226159573,0.3966317787766456,0.0574550561606883,False
275,vit_base,IntegratedGradients,0.41151810139417644,0.42550742328166963,0.013989321887493189,False
275,vit_base,Random,0.41163978129625317,0.40781981050968175,-0.003819970786571425,True
276,mobilevit_s,GradCAM,0.42675779163837435,0.4359636276960373,0.009205836057662953,False
276,mobilevit_s,IntegratedGradients,0.4507175646722317,0.4442197665572166,-0.006497798115015052,True
276,mobilevit_s,Random,0.33780118821887295,0.42588034719228746,0.0880791589734145,False
276,resnet50,GradCAM,0.4907392457127571,0.49999989867210387,0.009260652959346749,False
276,resnet50,IntegratedGradients,0.49942538142204285,0.49985135048627855,0.00042596906423569836,False
276,resnet50,LRP,0.27984408009797335,0.49999964237213135,0.220155562274158,False
276,resnet50,Random,0.3922297371784226,0.32356530863326044,-0.06866442854516214,True
276,vit_base,Chefer-LRP,0.43957288116216653,0.4265766188502311,-0.012996262311935403,True
276,vit_base,GradCAM,0.4516198292374611,0.4266366377472878,-0.024983191490173307,True
276,vit_base,IntegratedGradients,0.4382910385727882,0.43013327717781064,-0.008157761394977592,True
276,vit_base,Random,0.40799664258956914,0.4185392528772355,0.010542610287666343,False
277,mobilevit_s,GradCAM,0.09673321158625187,0.4841178983449936,0.3873846867587417,False
277,mobilevit_s,IntegratedGradients,0.03544227572401723,0.4483606457710267,0.4129183700470095,False
277,mobilevit_s,Random,0.14650420628640862,0.1602028597000754,0.013698653413666773,False
277,resnet50,GradCAM,0.3349166974425316,0.4999836683273316,0.1650669708848,False
277,resnet50,IntegratedGradients,0.2219965939235408,0.49995314180850986,0.27795654788496904,False
277,resnet50,LRP,0.21197732314467435,0.49997727274894715,0.2879999496042728,False
277,resnet50,Random,0.23614895959608476,0.2790425471926341,0.04289358759654935,False
277,vit_base,Chefer-LRP,0.23051598073216162,0.4239642098546028,0.1934482291224412,False
277,vit_base,GradCAM,0.1913555524428375,0.444929563999176,0.2535740115563385,False
277,vit_base,IntegratedGradients,0.2897772944532335,0.4033310651779175,0.11355377072468398,False
277,vit_base,Random,0.3219746649265289,0.2625613504089415,-0.05941331451758736,True
278,mobilevit_s,GradCAM,0.05785890503320844,0.44712419509887696,0.3892652900656685,False
278,mobilevit_s,IntegratedGradients,0.08535589141392849,0.34578010290861133,0.26042421149468287,False
278,mobilevit_s,Random,0.20851715260068887,0.20239283852279186,-0.006124314077897014,True
278,resnet50,GradCAM,0.25071147553971973,0.49990434944629664,0.2491928739065769,False
278,resnet50,IntegratedGradients,0.14415607231057948,0.4988125845789909,0.35465651226841144,False
278,resnet50,LRP,0.1218670961316093,0.49972963184118274,0.37786253570957345,False
278,resnet50,Random,0.3318908370740246,0.32965600724564864,-0.0022348298283759727,True
278,vit_base,Chefer-LRP,0.3249772056937218,0.43833118081092837,0.11335397511720657,False
278,vit_base,GradCAM,0.2695163344964385,0.39915079027414324,0.12963445577770472,False
278,vit_base,IntegratedGradients,0.25607027206569916,0.43733095824718476,0.1812606861814856,False
278,vit_base,Random,0.43893221765756607,0.34563973248004914,-0.09329248517751693,True
279,mobilevit_s,GradCAM,0.04779707918060013,0.11066420190036297,0.06286712271976283,False
279,mobilevit_s,IntegratedGradients,0.03140055422227306,0.1888796381652355,0.15747908394296245,False
279,mobilevit_s,Random,0.024375390360364697,0.02114888047653949,-0.0032265098838252064,True
279,resnet50,GradCAM,0.040405491658020765,0.26635972075164316,0.2259542290936224,False
279,resnet50,IntegratedGradients,0.08317115143872797,0.06068472675979137,-0.0224864246789366,True
279,resnet50,LRP,0.03256695973104798,0.2934438940137625,0.2608769342827145,False
279,resnet50,Random,0.05756608706433326,0.030116691510193055,-0.027449395554140207,True
279,vit_base,Chefer-LRP,0.09675775421783328,0.15022801719605927,0.05347026297822599,False
279,vit_base,GradCAM,0.051788899126404435,0.19982181191444398,0.14803291278803954,False
279,vit_base,IntegratedGradients,0.21309677809476854,0.11441583414562048,-0.09868094394914806,True
279,vit_base,Random,0.2023143218830228,0.17970687989145517,-0.02260744199156764,True
280,mobilevit_s,GradCAM,0.2861576765404607,0.4457263767719269,0.1595687002314662,False
280,mobilevit_s,IntegratedGradients,0.34465598799288283,0.3361214235424996,-0.008534564450383253,True
280,mobilevit_s,Random,0.27180670063826257,0.23991548424819487,-0.0318912163900677,True
280,resnet50,GradCAM,0.3847167130559683,0.49923744350671767,0.1145207304507494,False
280,resnet50,IntegratedGradients,0.2869737485423684,0.4955678761005401,0.2085941275581717,False
280,resnet50,LRP,0.16555944317951798,0.4992696627974511,0.3337102196179331,False
280,resnet50,Random,0.261856081453152,0.23407403166638688,-0.0277820497867651,True
280,vit_base,Chefer-LRP,0.2803889407310635,0.3843063652515411,0.10391742452047759,False
280,vit_base,GradCAM,0.13497133365599437,0.38798758089542384,0.2530162472394295,False
280,vit_base,IntegratedGradients,0.3076559506356716,0.3722331792116165,0.06457722857594494,False
280,vit_base,Random,0.32599301524460317,0.3038966663181782,-0.02209634892642498,True
281,mobilevit_s,GradCAM,0.05879172024433501,0.26445474773645405,0.20566302749211904,False
281,mobilevit_s,IntegratedGradients,0.03988985905471054,0.2614185724407434,0.22152871338603286,False
281,mobilevit_s,Random,0.13184828797820955,0.1738016001560027,0.04195331217779316,False
281,resnet50,GradCAM,0.026199052498850503,0.48789804577827456,0.46169899327942404,False
281,resnet50,IntegratedGradients,0.044430569129690414,0.4835341915488243,0.4391036224191339,False
281,resnet50,LRP,0.024296075469464995,0.487321999669075,0.46302592419961003,False
281,resnet50,Random,0.18853891493272387,0.17032130911538845,-0.01821760581733542,True
281,vit_base,Chefer-LRP,0.025082600835594347,0.30758748352527615,0.2825048826896818,False
281,vit_base,GradCAM,0.02516168404217751,0.2529985263943672,0.2278368423521897,False
281,vit_base,IntegratedGradients,0.12215843127341942,0.27462688833475113,0.15246845706133172,False
281,vit_base,Random,0.10112634389661253,0.13644256100524216,0.03531621710862963,False
282,mobilevit_s,GradCAM,0.29827511832118037,0.43132850229740144,0.13305338397622107,False
282,mobilevit_s,IntegratedGradients,0.29175522863515657,0.322404183447361,0.03064895481220442,False
282,mobilevit_s,Random,0.17967792454228404,0.1855612718294651,0.005883347287181068,False
282,resnet50,GradCAM,0.20219349053222688,0.4999749332666397,0.29778144273441287,False
282,resnet50,IntegratedGradients,0.13442207323387265,0.49998118877410885,0.36555911554023623,False
282,resnet50,LRP,0.1520653792656958,0.4999882161617279,0.3479228368960321,False
282,resnet50,Random,0.3680733049986884,0.1801225126895588,-0.1879507923091296,True
282,vit_base,Chefer-LRP,0.2804269639949781,0.4442399263381958,0.16381296234321774,False
282,vit_base,GradCAM,0.24982338622212413,0.43923641443252565,0.1894130282104015,False
282,vit_base,IntegratedGradients,0.3125367097556591,0.44758277535438534,0.13504606559872623,False
282,vit_base,Random,0.33972548544406894,0.43191753625869755,0.09219205081462861,False
283,mobilevit_s,GradCAM,0.16411656216914708,0.35383574627339837,0.1897191841042513,False
283,mobilevit_s,IntegratedGradients,0.07068595015880419,0.2296642105327919,0.1589782603739877,False
283,mobilevit_s,Random,0.02352575975746731,0.03454092152242083,0.01101516176495352,False
283,resnet50,GradCAM,0.06687955589877674,0.4495964273810386,0.38271687148226186,False
283,resnet50,IntegratedGradients,0.13351135074626655,0.22217636802233756,0.08866501727607101,False
283,resnet50,LRP,0.10024806940964483,0.39386113844811915,0.29361306903847434,False
283,resnet50,Random,0.04029606158001117,0.0291075896609982,-0.011188471919012972,True
283,vit_base,Chefer-LRP,0.03690229847561567,0.2101973682641983,0.1732950697885826,False
283,vit_base,GradCAM,0.06075066040502862,0.20162136033177375,0.1408706999267451,False
283,vit_base,IntegratedGradients,0.04598922282457352,0.12146529313176868,0.07547607030719516,False
283,vit_base,Random,0.06838298933580517,0.06415028646588326,-0.004232702869921903,True
284,mobilevit_s,GradCAM,0.20769544607028367,0.35246353000402453,0.14476808393374085,False
284,mobilevit_s,IntegratedGradients,0.2514082537672039,0.24414108097553253,-0.007267172791671356,True
284,mobilevit_s,Random,0.2012216866016388,0.1981196547392756,-0.0031020318623632137,True
284,resnet50,GradCAM,0.4605887427926064,0.4810183435678482,0.020429600775241752,False
284,resnet50,IntegratedGradients,0.24267831408651547,0.4849251762032509,0.2422468621167354,False
284,resnet50,LRP,0.1704643307486549,0.4803772002458572,0.3099128694972023,False
284,resnet50,Random,0.2226912316182279,0.18872816965449601,-0.03396306196373189,True
284,vit_base,Chefer-LRP,0.13121858942322437,0.28966028094291685,0.15844169151969248,False
284,vit_base,GradCAM,0.23754300111904741,0.25129917412996294,0.013756173010915529,False
284,vit_base,IntegratedGradients,0.2892498679459095,0.251184868812561,-0.03806499913334849,True
284,vit_base,Random,0.26757396683096885,0.2760381422936916,0.008464175462722767,False
285,mobilevit_s,GradCAM,0.2247293807566166,0.1583676712587476,-0.06636170949786901,True
285,mobilevit_s,IntegratedGradients,0.15914664315059784,0.20487874746322635,0.0457321043126285,False
285,mobilevit_s,Random,0.26336700163083154,0.2222679675614927,-0.04109903406933885,True
285,resnet50,GradCAM,0.35346342995762825,0.34925681054592134,-0.004206619411706913,True
285,resnet50,IntegratedGradients,0.29752351343631744,0.3758311942219734,0.07830768078565598,False
285,resnet50,LRP,0.29805940985679624,0.3428271323442459,0.044767722487449646,False
285,resnet50,Random,0.2790269192308188,0.24755107453092937,-0.03147584469988943,True
285,vit_base,Chefer-LRP,0.29739105999469756,0.28147526234388354,-0.015915797650814023,True
285,vit_base,GradCAM,0.3015816926956177,0.28004125952720643,-0.021540433168411255,True
285,vit_base,IntegratedGradients,0.31108946204185484,0.30657279044389724,-0.0045166715979576,True
285,vit_base,Random,0.2955747738480568,0.29895029962062836,0.0033755257725715526,False
286,mobilevit_s,GradCAM,0.14291075021028518,0.41846898943185806,0.27555823922157285,False
286,mobilevit_s,IntegratedGradients,0.1441141993796919,0.39084992781281475,0.24673572843312286,False
286,mobilevit_s,Random,0.23271146097686146,0.31329043917357924,0.08057897819671778,False
286,resnet50,GradCAM,0.32952474113553765,0.33652818500995635,0.007003443874418702,False
286,resnet50,IntegratedGradients,0.2893655054271221,0.3714754700660705,0.08210996463894843,False
286,resnet50,LRP,0.28195700608193874,0.38584945499897,0.10389244891703125,False
286,resnet50,Random,0.3322539763525129,0.32900114702060823,-0.003252829331904683,True
286,vit_base,Chefer-LRP,0.28357074558734896,0.34773525446653364,0.06416450887918468,False
286,vit_base,GradCAM,0.30295542180538176,0.3387316524982452,0.03577623069286345,False
286,vit_base,IntegratedGradients,0.34973034709691997,0.31232313662767414,-0.03740721046924583,True
286,vit_base,Random,0.3438187256455421,0.34554342031478885,0.0017246946692467402,False
287,mobilevit_s,GradCAM,0.20905219429987482,0.44057263880968095,0.23152044450980613,False
287,mobilevit_s,IntegratedGradients,0.24670902663128802,0.4320841908454895,0.18537516421420147,False
287,mobilevit_s,Random,0.31354049346409735,0.3425661891698838,0.029025695705786447,False
287,resnet50,GradCAM,0.28385533043183386,0.4982117146253586,0.21435638419352476,False
287,resnet50,IntegratedGradients,0.3365662535652518,0.4989125609397888,0.16234630737453698,False
287,resnet50,LRP,0.2667473176494241,0.4986033469438553,0.23185602929443117,False
287,resnet50,Random,0.37774624483427033,0.44218047335743915,0.06443422852316882,False
287,vit_base,Chefer-LRP,0.27317041140049697,0.32012135833501815,0.046950946934521176,False
287,vit_base,GradCAM,0.26915813526138666,0.3364229142665863,0.06726477900519967,False
287,vit_base,IntegratedGradients,0.35603541582822806,0.390264381468296,0.03422896564006794,False
287,vit_base,Random,0.34107891097664833,0.3237875452265144,-0.017291365750133958,True
288,mobilevit_s,GradCAM,0.45706962049007416,0.46396872848272325,0.0068991079926490895,False
288,mobilevit_s,IntegratedGradients,0.3505332542117685,0.4664577752351761,0.11592452102340761,False
288,mobilevit_s,Random,0.24120882998686285,0.2472305695897376,0.006021739602874748,False
288,resnet50,GradCAM,0.4972781881690025,0.4962705731391907,-0.0010076150298117814,True
288,resnet50,IntegratedGradients,0.4973731204867363,0.49788126349449163,0.0005081430077553128,False
288,resnet50,LRP,0.4525603480637074,0.4947619944810867,0.042201646417379335,False
288,resnet50,Random,0.4361871398985386,0.485253632068634,0.0490664921700954,False
288,vit_base,Chefer-LRP,0.3925485268235206,0.4200855985283852,0.02753707170486458,False
288,vit_base,GradCAM,0.38933380097150805,0.41137212514877314,0.02203832417726509,False
288,vit_base,IntegratedGradients,0.40031495690345764,0.43569036722183224,0.0353754103183746,False
288,vit_base,Random,0.4342113554477692,0.4249094262719154,-0.009301929175853763,True
289,mobilevit_s,GradCAM,0.46218495815992355,0.31716086911037566,-0.1450240890495479,True
289,mobilevit_s,IntegratedGradients,0.22091105141953452,0.34265769869089124,0.12174664727135673,False
289,mobilevit_s,Random,0.4340862467885018,0.09899149667471649,-0.3350947501137853,True
289,resnet50,GradCAM,0.3160912724677474,0.49872701019048693,0.18263573772273956,False
289,resnet50,IntegratedGradients,0.3171213733032346,0.499479216337204,0.1823578430339694,False
289,resnet50,LRP,0.12518054079264404,0.499552845954895,0.37437230516225095,False
289,resnet50,Random,0.2808287237072364,0.290350259130355,0.009521535423118621,False
289,vit_base,Chefer-LRP,0.4011521980166436,0.3985665291547776,-0.0025856688618660084,True
289,vit_base,GradCAM,0.40187753140926363,0.37269768416881566,-0.029179847240447976,True
289,vit_base,IntegratedGradients,0.40017571598291396,0.4106403544545174,0.010464638471603449,False
289,vit_base,Random,0.39706541672348983,0.40630216151475906,0.009236744791269236,False
290,mobilevit_s,GradCAM,0.27705886409094094,0.4375891461968422,0.16053028210590126,False
290,mobilevit_s,IntegratedGradients,0.24951654076444357,0.43479171842336656,0.18527517765892298,False
290,mobilevit_s,Random,0.14028341019366053,0.2067836267164239,0.06650021652276336,False
290,resnet50,GradCAM,0.44511430468410257,0.49999550282955174,0.05488119814544917,False
290,resnet50,IntegratedGradients,0.4719168563839048,0.49961792230606084,0.027701065922156043,False
290,resnet50,LRP,0.27109238945413383,0.49999388754367824,0.2289014980895444,False
290,resnet50,Random,0.4076042918022722,0.4793063089251519,0.07170201712287971,False
290,vit_base,Chefer-LRP,0.2841019256215077,0.3763581037521362,0.09225617813062847,False
290,vit_base,GradCAM,0.32827145867049695,0.36628699302673345,0.0380155343562365,False
290,vit_base,IntegratedGradients,0.3889157116413117,0.36308861821889876,-0.02582709342241296,True
290,vit_base,Random,0.31655695885419843,0.34937186986207963,0.0328149110078812,False
291,mobilevit_s,GradCAM,0.029370252061926297,0.47573378682136536,0.4463635347594391,False
291,mobilevit_s,IntegratedGradients,0.02526362313064965,0.4578452706336975,0.43258164750304784,False
291,mobilevit_s,Random,0.16285488954745236,0.14590367041528227,-0.016951219132170098,True
291,resnet50,GradCAM,0.0507787622831529,0.43903124779462815,0.38825248551147523,False
291,resnet50,IntegratedGradients,0.030099678460101132,0.4426241904497146,0.4125245119896135,False
291,resnet50,LRP,0.050258146694977766,0.38192854076623917,0.3316703940712614,False
291,resnet50,Random,0.056525083893211564,0.09629051950760184,0.039765435614390277,False
291,vit_base,Chefer-LRP,0.034971209068316966,0.4159271225333214,0.38095591346500446,False
291,vit_base,GradCAM,0.034357172157615426,0.44795847386121757,0.41360130170360215,False
291,vit_base,IntegratedGradients,0.03485037118662149,0.43401389867067336,0.39916352748405187,False
291,vit_base,Random,0.15574539365479725,0.24706209260039036,0.0913166989455931,False
292,mobilevit_s,GradCAM,0.21062229543458671,0.4685472071170807,0.257924911682494,False
292,mobilevit_s,IntegratedGradients,0.22306647305376834,0.47222747206687926,0.24916099901311092,False
292,mobilevit_s,Random,0.4338954173610546,0.2925311093073106,-0.141364308053744,True
292,resnet50,GradCAM,0.4657805187627673,0.49985367357730864,0.03407315481454132,False
292,resnet50,IntegratedGradients,0.4950765877962112,0.4997392356395721,0.004662647843360901,False
292,resnet50,LRP,0.4294669863767922,0.49985069781541824,0.07038371143862604,False
292,resnet50,Random,0.4657018780708313,0.49924640208482746,0.03354452401399616,False
292,vit_base,Chefer-LRP,0.2990128400822869,0.43857157677412034,0.13955873669183344,False
292,vit_base,GradCAM,0.3573186059249565,0.4374032840132714,0.08008467808831488,False
292,vit_base,IntegratedGradients,0.4221001148223877,0.4272994264960289,0.005199311673641238,False
292,vit_base,Random,0.40581673234701154,0.4207326054573059,0.014915873110294353,False
293,mobilevit_s,GradCAM,0.24098222340071518,0.4299608260393143,0.1889786026385991,False
293,mobilevit_s,IntegratedGradients,0.1689928260166198,0.44022969752550123,0.2712368715088814,False
293,mobilevit_s,Random,0.40883877259911966,0.25192314966552665,-0.156915622933593,True
293,resnet50,GradCAM,0.4995266944169998,0.49998891651630406,0.00046222209930424363,False
293,resnet50,IntegratedGradients,0.49721700698137283,0.4999865531921387,0.002769546210765861,False
293,resnet50,LRP,0.35019383635371926,0.4999894589185715,0.14979562256485224,False
293,resnet50,Random,0.4988448709249496,0.3564809765666723,-0.1423638943582773,True
293,vit_base,Chefer-LRP,0.36256394907832146,0.4100598424673081,0.04749589338898663,False
293,vit_base,GradCAM,0.3322989206761122,0.42320485413074493,0.09090593345463271,False
293,vit_base,IntegratedGradients,0.4117667451500892,0.4439401045441627,0.03217335939407351,False
293,vit_base,Random,0.4145494863390923,0.43566129356622696,0.021111807227134682,False
294,mobilevit_s,GradCAM,0.21561445859260858,0.43856269419193267,0.22294823559932408,False
294,mobilevit_s,IntegratedGradients,0.08237561655550962,0.43241867721080784,0.3500430606552982,False
294,mobilevit_s,Random,0.44692710191011426,0.3179443459957838,-0.12898275591433045,True
294,resnet50,GradCAM,0.3313167378306389,0.4990381941199303,0.16772145628929136,False
294,resnet50,IntegratedGradients,0.2794307883828879,0.4987114146351815,0.2192806262522936,False
294,resnet50,LRP,0.2581037361174822,0.4978561609983444,0.23975242488086218,False
294,resnet50,Random,0.37453890182077887,0.24191847082693133,-0.13262043099384754,True
294,vit_base,Chefer-LRP,0.2836213750764727,0.4123247429728508,0.1287033678963781,False
294,vit_base,GradCAM,0.26919074505567553,0.41889869719743733,0.1497079521417618,False
294,vit_base,IntegratedGradients,0.35400728266686204,0.42341543138027193,0.06940814871340989,False
294,vit_base,Random,0.42407978028059007,0.41447378247976296,-0.009605997800827104,True
295,mobilevit_s,GradCAM,0.07241546448226473,0.24729370400309564,0.17487823952083092,False
295,mobilevit_s,IntegratedGradients,0.0265336569331339,0.2752797283232212,0.24874607139008728,False
295,mobilevit_s,Random,0.021965692451703947,0.045200839564267875,0.023235147112563928,False
295,resnet50,GradCAM,0.017254908942595647,0.35533015951514246,0.33807525057254684,False
295,resnet50,IntegratedGradients,0.01216041547288569,0.15939363352954386,0.14723321805665818,False
295,resnet50,LRP,0.012746183530953203,0.20999323204159737,0.19724704851064417,False
295,resnet50,Random,0.012291389062778536,0.013552114064918897,0.0012607250021403615,False
295,vit_base,Chefer-LRP,0.03426613280316815,0.36330504268407815,0.32903890988091,False
295,vit_base,GradCAM,0.03822706302744336,0.37880621403455733,0.340579151007114,False
295,vit_base,IntegratedGradients,0.1709949549054727,0.18048270009458064,0.009487745189107943,False
295,vit_base,Random,0.14118370283395051,0.12444133767858151,-0.016742365155369004,True
296,mobilevit_s,GradCAM,0.4057071767747403,0.47880238443613055,0.07309520766139027,False
296,mobilevit_s,IntegratedGradients,0.29112892558914616,0.40543389767408367,0.1143049720849375,False
296,mobilevit_s,Random,0.24717897968730543,0.18017610713141038,-0.06700287255589504,True
296,resnet50,GradCAM,0.493642845749855,0.49997449219226836,0.006331646442413352,False
296,resnet50,IntegratedGradients,0.44104496017098427,0.4990951120853424,0.05805015191435814,False
296,resnet50,LRP,0.26955739047843963,0.4999050885438919,0.23034769806545224,False
296,resnet50,Random,0.29391619227826593,0.4238114938139915,0.1298953015357256,False
296,vit_base,Chefer-LRP,0.38493617922067647,0.41793259382247927,0.032996414601802804,False
296,vit_base,GradCAM,0.4351179748773575,0.4179340958595276,-0.01718387901782986,True
296,vit_base,IntegratedGradients,0.3920117914676666,0.39577549546957014,0.0037637040019035117,False
296,vit_base,Random,0.37170792073011394,0.3367986880242825,-0.03490923270583146,True
297,mobilevit_s,GradCAM,0.20484761137049645,0.28548820763826366,0.0806405962677672,False
297,mobilevit_s,IntegratedGradients,0.12747689596144485,0.3450683251023292,0.21759142914088436,False
297,mobilevit_s,Random,0.15988627214683224,0.1569074660365004,-0.0029788061103318275,True
297,resnet50,GradCAM,0.1752864094160032,0.49738929271697996,0.32210288330097675,False
297,resnet50,IntegratedGradients,0.11290760302217678,0.49040026217699045,0.37749265915481367,False
297,resnet50,LRP,0.06272233041236178,0.4965450257062912,0.4338226952939295,False
297,resnet50,Random,0.24566450209822507,0.218788557080552,-0.02687594501767307,True
297,vit_base,Chefer-LRP,0.14718629652634263,0.34418604671955105,0.19699975019320842,False
297,vit_base,GradCAM,0.1466918038087897,0.3292346835136413,0.1825428797048516,False
297,vit_base,IntegratedGradients,0.3301196247339249,0.29818323999643326,-0.03193638473749166,True
297,vit_base,Random,0.2781511917710304,0.21037020599469544,-0.06778098577633498,True
298,mobilevit_s,GradCAM,0.031788653906551195,0.17657185196876526,0.14478319806221407,False
298,mobilevit_s,IntegratedGradients,0.026177701603410243,0.12808879166841508,0.10191109006500484,False
298,mobilevit_s,Random,0.04195417613082099,0.03734599368181079,-0.004608182449010199,True
298,resnet50,GradCAM,0.042724490026012064,0.22921395152807236,0.1864894615020603,False
298,resnet50,IntegratedGradients,0.04198693190119229,0.17206383459270003,0.13007690269150773,False
298,resnet50,LRP,0.050057439098600304,0.18937696889042857,0.13931952979182827,False
298,resnet50,Random,0.06015773921826621,0.06691988067541388,0.006762141457147666,False
298,vit_base,Chefer-LRP,0.07623709760518979,0.15103207528591156,0.07479497768072177,False
298,vit_base,GradCAM,0.10763825855246978,0.15435968264937402,0.046721424096904246,False
298,vit_base,IntegratedGradients,0.0694126155562117,0.15971228927373884,0.09029967371752715,False
298,vit_base,Random,0.09740366112673657,0.12817037934437397,0.030766718217637407,False
299,mobilevit_s,GradCAM,0.06185655575245619,0.04551823399960994,-0.016338321752846247,True
299,mobilevit_s,IntegratedGradients,0.07237488394603132,0.04165944606065751,-0.030715437885373814,True
299,mobilevit_s,Random,0.04912933444211376,0.06115808784379625,0.012028753401682489,False
299,resnet50,GradCAM,0.0050131653435528285,0.1075796988327056,0.10256653348915278,False
299,resnet50,IntegratedGradients,0.06208572853356599,0.007747413276229053,-0.054338315257336935,True
299,resnet50,LRP,0.0052820861237705685,0.03396490761078894,0.028682821487018374,False
299,resnet50,Random,0.03144559939391912,0.01205444933148101,-0.019391150062438106,True
299,vit_base,Chefer-LRP,0.07201047111302614,0.045930140651762486,-0.02608033046126365,True
299,vit_base,GradCAM,0.05365646760910749,0.05311331339180469,-0.0005431542173028048,True
299,vit_base,IntegratedGradients,0.07065371703356503,0.05959016736596823,-0.011063549667596803,True
299,vit_base,Random,0.05599855128675699,0.05907390955835581,0.00307535827159882,False
300,mobilevit_s,GradCAM,0.3782924510538578,0.4700207397341728,0.09172828868031502,False
300,mobilevit_s,IntegratedGradients,0.25571407141396774,0.47677151262760165,0.2210574412136339,False
300,mobilevit_s,Random,0.4477378822863102,0.48707256317138675,0.03933468088507658,False
300,resnet50,GradCAM,0.49340440034866334,0.4999904841184616,0.0065860837697982455,False
300,resnet50,IntegratedGradients,0.4999916911125183,0.49996416866779325,-2.752244472503662e-05,True
300,resnet50,LRP,0.42778233215212824,0.4999903976917267,0.07220806553959846,False
300,resnet50,Random,0.4999162495136261,0.43371098171919586,-0.06620526779443026,True
300,vit_base,Chefer-LRP,0.41227019429206857,0.43742365092039104,0.025153456628322468,False
300,vit_base,GradCAM,0.4197856202721596,0.4323186859488487,0.012533065676689104,False
300,vit_base,IntegratedGradients,0.4410235702991485,0.43044800311326975,-0.010575567185878765,True
300,vit_base,Random,0.4052048414945602,0.40647117644548414,0.0012663349509239308,False
301,mobilevit_s,GradCAM,0.21689603356644516,0.47158778905868526,0.2546917554922401,False
301,mobilevit_s,IntegratedGradients,0.09574439621064812,0.36905895732343197,0.27331456111278385,False
301,mobilevit_s,Random,0.2162529141874984,0.2720770638436079,0.05582414965610952,False
301,resnet50,GradCAM,0.20177150019444526,0.49991948455572127,0.298147984361276,False
301,resnet50,IntegratedGradients,0.4997384399175644,0.47624484207481144,-0.023493597842752956,True
301,resnet50,LRP,0.05692823140416294,0.4998610094189644,0.44293277801480146,False
301,resnet50,Random,0.3487398089782801,0.4994487032294273,0.1507088942511472,False
301,vit_base,Chefer-LRP,0.42474755793809893,0.4209816575050354,-0.003765900433063518,True
301,vit_base,GradCAM,0.42378005236387256,0.4176105514168739,-0.006169500946998641,True
301,vit_base,IntegratedGradients,0.4247318759560585,0.4199857398867607,-0.004746136069297802,True
301,vit_base,Random,0.35697202533483513,0.4015985563397408,0.044626531004905656,False
302,mobilevit_s,GradCAM,0.2327771914424375,0.2481453871354461,0.015368195693008596,False
302,mobilevit_s,IntegratedGradients,0.15290196336281953,0.09384148791432381,-0.059060475448495714,True
302,mobilevit_s,Random,0.037112278454878835,0.09014590470978875,0.05303362625490992,False
302,resnet50,GradCAM,0.1688617379637435,0.36547331213951106,0.19661157417576755,False
302,resnet50,IntegratedGradients,0.09797835331410168,0.08875798542867416,-0.009220367885427516,True
302,resnet50,LRP,0.06694260548683817,0.44266858249902724,0.37572597701218907,False
302,resnet50,Random,0.0798681640531868,0.09687090469524265,0.017002740642055855,False
302,vit_base,Chefer-LRP,0.26916532558389017,0.4250345826148987,0.1558692570310085,False
302,vit_base,GradCAM,0.2509602514764993,0.42433338016271593,0.17337312868621663,False
302,vit_base,IntegratedGradients,0.41168226301670074,0.3327617407543585,-0.07892052226234225,True
302,vit_base,Random,0.3484803065657615,0.33839587578549984,-0.010084430780261666,True
303,mobilevit_s,GradCAM,0.2752741408534348,0.46258293688297275,0.18730879602953793,False
303,mobilevit_s,IntegratedGradients,0.45696939080953597,0.4774873495101929,0.020517958700656924,False
303,mobilevit_s,Random,0.2854403759818524,0.26914844380444264,-0.016291932177409763,True
303,resnet50,GradCAM,0.3924200847744942,0.4999983459711075,0.10757826119661329,False
303,resnet50,IntegratedGradients,0.4966865837574005,0.49994547665119177,0.0032588928937912764,False
303,resnet50,LRP,0.3275926757836715,0.4999963909387588,0.1724037151550873,False
303,resnet50,Random,0.35381585210561756,0.37481858269311497,0.02100273058749741,False
303,vit_base,Chefer-LRP,0.3280368730425835,0.4116786599159241,0.08364178687334062,False
303,vit_base,GradCAM,0.35771043486893184,0.42347992658615113,0.0657694917172193,False
303,vit_base,IntegratedGradients,0.3231832399964333,0.39270966351032255,0.06952642351388927,False
303,vit_base,Random,0.33746555373072623,0.29773441106081017,-0.039731142669916064,True
304,mobilevit_s,GradCAM,0.005592628358863294,0.19161066533997653,0.18601803698111324,False
304,mobilevit_s,IntegratedGradients,0.05405010699760169,0.014812229794915765,-0.03923787720268593,True
304,mobilevit_s,Random,0.021960508090705842,0.06149063496850432,0.03953012687779848,False
304,resnet50,GradCAM,0.04468384057981894,0.24312423765659333,0.19844039707677438,False
304,resnet50,IntegratedGradients,0.10943520711734891,0.21851017773151396,0.10907497061416505,False
304,resnet50,LRP,0.038616413623094564,0.1642393250018358,0.12562291137874124,False
304,resnet50,Random,0.11412784440908583,0.08615007873158904,-0.027977765677496783,True
304,vit_base,Chefer-LRP,0.05980690033175051,0.11852405034005642,0.05871715000830591,False
304,vit_base,GradCAM,0.03406086136237719,0.14992939569056035,0.11586853432818317,False
304,vit_base,IntegratedGradients,0.13746912740170955,0.09130567819811404,-0.04616344920359551,True
304,vit_base,Random,0.09377778116613626,0.03990724831819534,-0.053870532847940925,True
305,mobilevit_s,GradCAM,0.06299609981942923,0.051958232372999194,-0.011037867446430039,True
305,mobilevit_s,IntegratedGradients,0.010460211311874445,0.09148376975208522,0.08102355844021078,False
305,mobilevit_s,Random,0.017558484995970503,0.022723864961881193,0.005165379965910689,False
305,resnet50,GradCAM,0.0026789784467837314,0.015381412673741577,0.012702434226957845,False
305,resnet50,IntegratedGradients,0.007880975471744022,0.008123489608988165,0.00024251413724414236,False
305,resnet50,LRP,0.002998682619727334,0.005411858321167529,0.0024131757014401946,False
305,resnet50,Random,0.0027009106716423758,0.0023649958547080625,-0.00033591481693431326,True
305,vit_base,Chefer-LRP,0.027320635222713465,0.11743706762790679,0.09011643240519332,False
305,vit_base,GradCAM,0.024252967523352716,0.08555599823594094,0.061303030712588226,False
305,vit_base,IntegratedGradients,0.05172398732975126,0.0527627294883132,0.0010387421585619366,False
305,vit_base,Random,0.06119670886546373,0.06484845429658889,0.0036517454311251613,False
306,mobilevit_s,GradCAM,0.36231887340545654,0.34041533172130584,-0.021903541684150707,True
306,mobilevit_s,IntegratedGradients,0.3212197825312615,0.36775030940771103,0.04653052687644954,False
306,mobilevit_s,Random,0.28693247139453887,0.22759679555892945,-0.05933567583560942,True
306,resnet50,GradCAM,0.2000724870711565,0.4939604550600052,0.2938879679888487,False
306,resnet50,IntegratedGradients,0.4299234271049499,0.48957754075527193,0.05965411365032203,False
306,resnet50,LRP,0.21096426136791707,0.4884269922971725,0.27746273092925544,False
306,resnet50,Random,0.4025181561708451,0.3186974639073014,-0.08382069226354366,True
306,vit_base,Chefer-LRP,0.29393730908632276,0.2997311107814312,0.005793801695108458,False
306,vit_base,GradCAM,0.2793490491807461,0.331685097515583,0.052336048334836904,False
306,vit_base,IntegratedGradients,0.2623518444597721,0.33121941685676576,0.06886757239699365,False
306,vit_base,Random,0.19025777131319047,0.2537112608551979,0.06345348954200744,False
307,mobilevit_s,GradCAM,0.32518652139697235,0.4509797364473343,0.12579321505036195,False
307,mobilevit_s,IntegratedGradients,0.3570117317140103,0.4234855145215988,0.06647378280758853,False
307,mobilevit_s,Random,0.29496919475495814,0.3413532547652722,0.04638406001031403,False
307,resnet50,GradCAM,0.3690523009747267,0.4998767673969268,0.13082446642220014,False
307,resnet50,IntegratedGradients,0.4532395601272583,0.4989011362195015,0.045661576092243195,False
307,resnet50,LRP,0.28574599493294955,0.499858795106411,0.21411280017346146,False
307,resnet50,Random,0.38761136401444674,0.4251093845814467,0.03749802056699997,False
307,vit_base,Chefer-LRP,0.2896007244475186,0.4108652427792549,0.12126451833173629,False
307,vit_base,GradCAM,0.35525110960006717,0.4054653391242028,0.05021422952413562,False
307,vit_base,IntegratedGradients,0.4379899010062218,0.2980945214629173,-0.1398953795433045,True
307,vit_base,Random,0.3438986599445343,0.40686544477939607,0.06296678483486179,False
308,mobilevit_s,GradCAM,0.37478065546602013,0.43963844478130343,0.0648577893152833,False
308,mobilevit_s,IntegratedGradients,0.4415935270488262,0.4328716531395912,-0.008721873909235012,True
308,mobilevit_s,Random,0.41632555276155475,0.4377821855247021,0.021456632763147354,False
308,resnet50,GradCAM,0.379673582687974,0.4990878492593765,0.11941426657140247,False
308,resnet50,IntegratedGradients,0.4503689523786306,0.4994817316532135,0.04911277927458291,False
308,resnet50,LRP,0.24205968820024282,0.4989417538046837,0.2568820656044409,False
308,resnet50,Random,0.4998055681586266,0.4960740506649018,-0.003731517493724801,True
308,vit_base,Chefer-LRP,0.3836136057972908,0.39900591075420383,0.015392304956913017,False
308,vit_base,GradCAM,0.3951980769634247,0.4106304332613945,0.015432356297969796,False
308,vit_base,IntegratedGradients,0.3965272843837739,0.4248617753386497,0.028334490954875835,False
308,vit_base,Random,0.4045957937836647,0.401935963332653,-0.002659830451011702,True
309,mobilevit_s,GradCAM,0.023135908431140707,0.3545678421854973,0.3314319337543566,False
309,mobilevit_s,IntegratedGradients,0.03186980295431568,0.279003843665123,0.2471340407108073,False
309,mobilevit_s,Random,0.055374001544259956,0.08735597357444932,0.03198197203018937,False
309,resnet50,GradCAM,0.09694399477157278,0.4983427554368972,0.40139876066532443,False
309,resnet50,IntegratedGradients,0.08567555302724941,0.47237558215856557,0.3867000291313162,False
309,resnet50,LRP,0.04498077264579479,0.4599163457751274,0.4149355731293326,False
309,resnet50,Random,0.07675577083427926,0.0949981829733588,0.01824241213907954,False
309,vit_base,Chefer-LRP,0.12998174710664898,0.3275775142014027,0.1975957670947537,False
309,vit_base,GradCAM,0.16853528702049517,0.3540838465094567,0.1855485594889615,False
309,vit_base,IntegratedGradients,0.2925915421918035,0.36043182760477066,0.06784028541296716,False
309,vit_base,Random,0.3228994964621961,0.31106495186686517,-0.011834544595330954,True
310,mobilevit_s,GradCAM,0.40850287973880767,0.38526699393987657,-0.0232358857989311,True
310,mobilevit_s,IntegratedGradients,0.380818547308445,0.2696940458845347,-0.11112450142391028,True
310,mobilevit_s,Random,0.3034843169152737,0.2615773869969416,-0.041906929918332114,True
310,resnet50,GradCAM,0.4987908124923706,0.4981893569231033,-0.0006014555692673285,True
310,resnet50,IntegratedGradients,0.49712292701005933,0.49747205227613445,0.00034912526607511207,False
310,resnet50,LRP,0.4951601788401603,0.4971487835049629,0.0019886046648026068,False
310,resnet50,Random,0.4712393797934055,0.4269554762169719,-0.044283903576433636,True
310,vit_base,Chefer-LRP,0.3814758971333504,0.36288715749979017,-0.018588739633560225,True
310,vit_base,GradCAM,0.39465003162622453,0.36456138789653775,-0.03008864372968678,True
310,vit_base,IntegratedGradients,0.36528575569391253,0.39589844793081286,0.03061269223690033,False
310,vit_base,Random,0.38480865210294724,0.3878882169723511,0.0030795648694038613,False
311,mobilevit_s,GradCAM,0.0567099986017638,0.4150668278336525,0.3583568292318887,False
311,mobilevit_s,IntegratedGradients,0.21993362904395325,0.3562293140217662,0.13629568497781297,False
311,mobilevit_s,Random,0.1683643363423471,0.13807977621181639,-0.030284560130530713,True
311,resnet50,GradCAM,0.23517750022001566,0.49850780963897706,0.2633303094189614,False
311,resnet50,IntegratedGradients,0.4347591536585242,0.49688964635133737,0.06213049269281318,False
311,resnet50,LRP,0.19375421442091464,0.4988784268498421,0.3051242124289275,False
311,resnet50,Random,0.4402930602664128,0.3736534301759093,-0.0666396300905035,True
311,vit_base,Chefer-LRP,0.1565888926445041,0.33192429319024086,0.17533540054573676,False
311,vit_base,GradCAM,0.1452497482299805,0.3478878378868103,0.20263808965682983,False
311,vit_base,IntegratedGradients,0.33441559672355653,0.3234905111603439,-0.010925085563212644,True
311,vit_base,Random,0.37033783644437795,0.3770489014685154,0.00671106502413743,False
312,mobilevit_s,GradCAM,0.28867845474742354,0.46581271290779114,0.1771342581603676,False
312,mobilevit_s,IntegratedGradients,0.13991896022926087,0.45645716637372974,0.31653820614446887,False
312,mobilevit_s,Random,0.3389352107420564,0.39376580398529765,0.054830593243241244,False
312,resnet50,GradCAM,0.3528924140147865,0.49995636045932773,0.14706394644454124,False
312,resnet50,IntegratedGradients,0.49239158183336257,0.49935337901115423,0.006961797177791662,False
312,resnet50,LRP,0.47111850529909133,0.4999642163515091,0.02884571105241779,False
312,resnet50,Random,0.4634871937334537,0.39009935688227415,-0.07338783685117956,True
312,vit_base,Chefer-LRP,0.3608953796327114,0.4199197620153427,0.0590243823826313,False
312,vit_base,GradCAM,0.3025590694742277,0.4134208127856255,0.11086174331139775,False
312,vit_base,IntegratedGradients,0.4213461697101593,0.3895538926124573,-0.03179227709770199,True
312,vit_base,Random,0.4024527668952942,0.40469769388437277,0.0022449269890785772,False
313,mobilevit_s,GradCAM,0.3758700042963028,0.47350569963455197,0.09763569533824917,False
313,mobilevit_s,IntegratedGradients,0.11540421408135446,0.4668966978788376,0.3514924837974831,False
313,mobilevit_s,Random,0.4037139698863029,0.4786072447896004,0.07489327490329745,False
313,resnet50,GradCAM,0.10652492502704264,0.49999942481517795,0.3934744997881353,False
313,resnet50,IntegratedGradients,0.08984426809474827,0.49999898970127105,0.4101547216065228,False
313,resnet50,LRP,0.10220174361020326,0.49999929368495943,0.39779755007475615,False
313,resnet50,Random,0.2935892799519934,0.27475099947201764,-0.018838280479975766,True
313,vit_base,Chefer-LRP,0.3538443088531495,0.46100774556398394,0.10716343671083445,False
313,vit_base,GradCAM,0.3647387549281121,0.4593330264091492,0.0945942714810371,False
313,vit_base,IntegratedGradients,0.3641060210764408,0.4621249347925186,0.0980189137160778,False
313,vit_base,Random,0.3646379128098488,0.384399513527751,0.019761600717902172,False
314,mobilevit_s,GradCAM,0.3015956232324243,0.43873568922281264,0.13714006599038836,False
314,mobilevit_s,IntegratedGradients,0.3472489770501852,0.42204712778329856,0.07479815073311336,False
314,mobilevit_s,Random,0.2793086993769976,0.32264952369114325,0.043340824314145654,False
314,resnet50,GradCAM,0.2998757799156011,0.49953879415988917,0.19966301424428806,False
314,resnet50,IntegratedGradients,0.37177154310193145,0.4989418014883995,0.12717025838646806,False
314,resnet50,LRP,0.1772418315522373,0.49940693825483323,0.3221651067025959,False
314,resnet50,Random,0.2438796136295423,0.37229538094252346,0.12841576731298115,False
314,vit_base,Chefer-LRP,0.38554167300462727,0.41979369372129444,0.034252020716667164,False
314,vit_base,GradCAM,0.3725262477993965,0.40732756853103635,0.03480132073163983,False
314,vit_base,IntegratedGradients,0.4199525818228722,0.4304344221949577,0.010481840372085494,False
314,vit_base,Random,0.38488285839557645,0.3663609825074673,-0.018521875888109163,True
315,mobilevit_s,GradCAM,0.1256878918997245,0.45340301245450976,0.32771512055478524,False
315,mobilevit_s,IntegratedGradients,0.16656149245827695,0.45229421108961104,0.2857327186313341,False
315,mobilevit_s,Random,0.42975601702928545,0.412099676951766,-0.017656340077519428,True
315,resnet50,GradCAM,0.13753241049125792,0.4999708890914917,0.36243847860023376,False
315,resnet50,IntegratedGradients,0.08041424661932982,0.49995176494121557,0.41953751832188574,False
315,resnet50,LRP,0.08587093345122412,0.49992734640836717,0.414056412957143,False
315,resnet50,Random,0.33298588044417554,0.47043486982584004,0.1374489893816645,False
315,vit_base,Chefer-LRP,0.16518421457149093,0.43946820348501203,0.2742839889135211,False
315,vit_base,GradCAM,0.15249043125659228,0.4281025961041451,0.2756121648475528,False
315,vit_base,IntegratedGradients,0.2990444326947909,0.439350163936615,0.1403057312418241,False
315,vit_base,Random,0.41848952919244764,0.4235964238643646,0.0051068946719169395,False
316,mobilevit_s,GradCAM,0.3588692367076874,0.41032831966876987,0.05145908296108248,False
316,mobilevit_s,IntegratedGradients,0.11552783341612669,0.4189680203795433,0.30344018696341657,False
316,mobilevit_s,Random,0.3395231419359334,0.37835189178586004,0.038828749849926625,False
316,resnet50,GradCAM,0.25873826210154227,0.495721198618412,0.23698293651686975,False
316,resnet50,IntegratedGradients,0.0888139046030119,0.4955185011029244,0.4067045964999125,False
316,resnet50,LRP,0.0897762357722968,0.4956227675080299,0.4058465317357331,False
316,resnet50,Random,0.2563111152499914,0.44780086502432825,0.19148974977433686,False
316,vit_base,Chefer-LRP,0.1591777195222676,0.2962752997875214,0.13709758026525376,False
316,vit_base,GradCAM,0.1399641975294799,0.2955473527312279,0.155583155201748,False
316,vit_base,IntegratedGradients,0.15397873003967108,0.3325417563319206,0.17856302629224954,False
316,vit_base,Random,0.32577393129467963,0.35047866329550736,0.024704732000827734,False
317,mobilevit_s,GradCAM,0.13188472822257613,0.3003127723932266,0.1684280441706505,False
317,mobilevit_s,IntegratedGradients,0.11020690945924799,0.45182555764913557,0.3416186481898876,False
317,mobilevit_s,Random,0.3398377686738968,0.24571669213473799,-0.09412107653915883,True
317,resnet50,GradCAM,0.18550549100618813,0.48906849771738053,0.3035630067111924,False
317,resnet50,IntegratedGradients,0.22405214344034902,0.49254225790500644,0.2684901144646574,False
317,resnet50,LRP,0.1645955531857908,0.4896509230136871,0.3250553698278963,False
317,resnet50,Random,0.428616489097476,0.4304892311920412,0.0018727420945651718,False
317,vit_base,Chefer-LRP,0.30789676046115355,0.3942448481917381,0.08634808773058456,False
317,vit_base,GradCAM,0.2834884477313609,0.40967729538679126,0.12618884765543037,False
317,vit_base,IntegratedGradients,0.4231941312551498,0.36555340141057974,-0.05764072984457008,True
317,vit_base,Random,0.3866645380854607,0.3943376556038856,0.007673117518424921,False
318,mobilevit_s,GradCAM,0.22897229576483372,0.47159875333309176,0.24262645756825804,False
318,mobilevit_s,IntegratedGradients,0.13995886312332007,0.47976709008216856,0.3398082269588485,False
318,mobilevit_s,Random,0.2662707017327194,0.2994500454049558,0.033179343672236405,False
318,resnet50,GradCAM,0.19871575272991324,0.4999994337558746,0.30128368102596137,False
318,resnet50,IntegratedGradients,0.15240620618569667,0.49997219741344456,0.3475659912277479,False
318,resnet50,LRP,0.132800966638024,0.4999976485967636,0.3671966819587396,False
318,resnet50,Random,0.16695232926844908,0.27906983451922546,0.11211750525077638,False
318,vit_base,Chefer-LRP,0.25763821676373483,0.4207969427108764,0.1631587259471416,False
318,vit_base,GradCAM,0.2615946980193257,0.4196842610836029,0.15808956306427718,False
318,vit_base,IntegratedGradients,0.2547983481548727,0.4118140429258347,0.157015694770962,False
318,vit_base,Random,0.3843412202782929,0.34977546227746636,-0.03456575800082656,True
319,mobilevit_s,GradCAM,0.44534166455268864,0.48049884736537934,0.0351571828126907,False
319,mobilevit_s,IntegratedGradients,0.46036139130592346,0.4769560992717743,0.01659470796585083,False
319,mobilevit_s,Random,0.46102936267852784,0.39230431129690263,-0.06872505138162521,True
319,resnet50,GradCAM,0.3978516474366188,0.49999675154685974,0.10214510411024091,False
319,resnet50,IntegratedGradients,0.31658683344721794,0.49999643266201016,0.18340959921479222,False
319,resnet50,LRP,0.35974506735801703,0.49999556839466097,0.14025050103664394,False
319,resnet50,Random,0.47351250946521767,0.4889668479561805,0.015454338490962838,False
319,vit_base,Chefer-LRP,0.27576807104051115,0.4010780736804008,0.12531000263988967,False
319,vit_base,GradCAM,0.2905461199581624,0.40462146997451787,0.11407535001635549,False
319,vit_base,IntegratedGradients,0.39600870013237,0.43486624956130987,0.038857549428939875,False
319,vit_base,Random,0.4240946620702743,0.4277403190732002,0.003645657002925906,False
320,mobilevit_s,GradCAM,0.027475766639690844,0.3010841607581824,0.2736083941184915,False
320,mobilevit_s,IntegratedGradients,0.0025758111575669316,0.09068179663736373,0.0881059854797968,False
320,mobilevit_s,Random,0.08186573083512483,0.07961679082363846,-0.0022489400114863722,True
320,resnet50,GradCAM,0.08436189352651124,0.2529059126973152,0.16854401917080397,False
320,resnet50,IntegratedGradients,0.0798459525583894,0.20831950679421427,0.12847355423582485,False
320,resnet50,LRP,0.021571483329171314,0.24283328801393508,0.22126180468476378,False
320,resnet50,Random,0.2047829460352659,0.07204121361719446,-0.13274173241807144,True
320,vit_base,Chefer-LRP,0.08573848588857799,0.17879239618778228,0.09305391029920429,False
320,vit_base,GradCAM,0.09535334501997568,0.1841867879033089,0.08883344288333321,False
320,vit_base,IntegratedGradients,0.07160467794165017,0.1508394218981266,0.07923474395647644,False
320,vit_base,Random,0.14745092326775197,0.12053129095584153,-0.02691963231191044,True
321,mobilevit_s,GradCAM,0.11001591086096597,0.4620288506150245,0.35201293975405856,False
321,mobilevit_s,IntegratedGradients,0.16452699606415988,0.46251817196607586,0.297991175901916,False
321,mobilevit_s,Random,0.3942559179500677,0.37045414117274056,-0.023801776777327144,True
321,resnet50,GradCAM,0.28299475712701677,0.49999926090240476,0.217004503775388,False
321,resnet50,IntegratedGradients,0.23691266446840023,0.49999886751174927,0.26308620304334907,False
321,resnet50,LRP,0.09577797234524041,0.49999940991401676,0.4042214375687764,False
321,resnet50,Random,0.4347043539397418,0.2585968803847209,-0.17610747355502093,True
321,vit_base,Chefer-LRP,0.21880503878928723,0.40828627496957787,0.18948123618029064,False
321,vit_base,GradCAM,0.23836041425820445,0.39379922747612,0.15543881321791556,False
321,vit_base,IntegratedGradients,0.4414783462882042,0.35484153926372536,-0.08663680702447885,True
321,vit_base,Random,0.369166374951601,0.3178904477506876,-0.051275927200913396,True
322,mobilevit_s,GradCAM,0.11596352215856313,0.44882800877094264,0.3328644866123795,False
322,mobilevit_s,IntegratedGradients,0.12060914802059416,0.462164856493473,0.34155570847287886,False
322,mobilevit_s,Random,0.27949139513075355,0.3651857823133469,0.08569438718259337,False
322,resnet50,GradCAM,0.07983005815185606,0.499949324131012,0.42011926597915594,False
322,resnet50,IntegratedGradients,0.09929657162865624,0.4999634444713592,0.40066687284270297,False
322,resnet50,LRP,0.06195640885271133,0.49995849728584285,0.43800208843313154,False
322,resnet50,Random,0.49775807559490204,0.46282234415411955,-0.03493573144078249,True
322,vit_base,Chefer-LRP,0.05442633653292432,0.4004859417676926,0.34605960523476825,False
322,vit_base,GradCAM,0.07037735204794446,0.40693474858999257,0.3365573965420481,False
322,vit_base,IntegratedGradients,0.27516017733141784,0.374786339700222,0.09962616236880417,False
322,vit_base,Random,0.32830463889986283,0.35254495888948445,0.024240319989621617,False
323,mobilevit_s,GradCAM,0.3227611217647791,0.3906616806983948,0.06790055893361568,False
323,mobilevit_s,IntegratedGradients,0.15794325646711516,0.4366218388080597,0.27867858234094456,False
323,mobilevit_s,Random,0.151235755806556,0.20395359168542201,0.052717835878866026,False
323,resnet50,GradCAM,0.1545178727945313,0.4998998895287514,0.3453820167342201,False
323,resnet50,IntegratedGradients,0.13669266009237618,0.49981583207845687,0.3631231719860807,False
323,resnet50,LRP,0.07285273398738355,0.4999160200357437,0.42706328604836014,False
323,resnet50,Random,0.12414167546667158,0.25339113767258825,0.12924946220591665,False
323,vit_base,Chefer-LRP,0.2136821093969047,0.3949473738670348,0.1812652644701301,False
323,vit_base,GradCAM,0.19036437934264544,0.3967241913080215,0.20635981196537606,False
323,vit_base,IntegratedGradients,0.29772558920085435,0.41398041397333146,0.11625482477247712,False
323,vit_base,Random,0.3220633998513222,0.3486623488366605,0.026598948985338267,False
324,mobilevit_s,GradCAM,0.16684700651094317,0.3947179347276687,0.22787092821672553,False
324,mobilevit_s,IntegratedGradients,0.058651824737899004,0.3431424275040627,0.2844906027661637,False
324,mobilevit_s,Random,0.07195765778014902,0.20785569809377194,0.1358980403136229,False
324,resnet50,GradCAM,0.1302456809440628,0.2225504532456398,0.09230477230157699,False
324,resnet50,IntegratedGradients,0.09384178388863802,0.15499489083886148,0.061153106950223454,False
324,resnet50,LRP,0.06089123566343915,0.2073903053998947,0.14649906973645554,False
324,resnet50,Random,0.029886042844646007,0.07939801193424502,0.04951196908959901,False
324,vit_base,Chefer-LRP,0.27882934287190436,0.4159869447350502,0.13715760186314585,False
324,vit_base,GradCAM,0.2652040094137192,0.40016280114650726,0.13495879173278807,False
324,vit_base,IntegratedGradients,0.22870408184826374,0.4074587985873222,0.17875471673905846,False
324,vit_base,Random,0.25964799262583255,0.2578393679112196,-0.0018086247146129608,True
325,mobilevit_s,GradCAM,0.15740788439288736,0.026242778357118367,-0.131165106035769,True
325,mobilevit_s,IntegratedGradients,0.008603605060488916,0.059614459052681916,0.051010853992193,False
325,mobilevit_s,Random,0.01839489579433575,0.017791561537887902,-0.0006033342564478496,True
325,resnet50,GradCAM,0.0006024030277330894,0.0033607522462261842,0.002758349218493095,False
325,resnet50,IntegratedGradients,0.0007652213231267524,0.02177016842470039,0.021004947101573638,False
325,resnet50,LRP,0.0008058976766733394,0.003947008965769783,0.003141111289096443,False
325,resnet50,Random,0.0072146643098676575,0.003384552866918966,-0.0038301114429486914,True
325,vit_base,Chefer-LRP,0.008936810860177502,0.07892416790127754,0.06998735704110004,False
325,vit_base,GradCAM,0.006739352270960808,0.1530763391405344,0.14633698686957358,False
325,vit_base,IntegratedGradients,0.017927109682932495,0.09141604397445918,0.07348893429152668,False
325,vit_base,Random,0.06517121428623797,0.10197499226778746,0.03680377798154949,False
326,mobilevit_s,GradCAM,0.02431553970673122,0.04998337524011731,0.025667835533386092,False
326,mobilevit_s,IntegratedGradients,0.013048287466881447,0.15220957212150096,0.13916128465461952,False
326,mobilevit_s,Random,0.03340425656351726,0.032078703091247,-0.0013255534722702578,True
326,resnet50,GradCAM,0.008761618252901827,0.12785437665879726,0.11909275840589544,False
326,resnet50,IntegratedGradients,0.034264207526575774,0.06821943819522858,0.0339552306686528,False
326,resnet50,LRP,0.007884229323826732,0.050085990317165846,0.04220176099333911,False
326,resnet50,Random,0.049060396250570196,0.004921947576804087,-0.04413844867376611,True
326,vit_base,Chefer-LRP,0.019084429088979962,0.06924259196966887,0.0501581628806889,False
326,vit_base,GradCAM,0.016575016279239213,0.07224626895040273,0.05567125267116352,False
326,vit_base,IntegratedGradients,0.021726763888727876,0.06030669156461954,0.03857992767589166,False
326,vit_base,Random,0.06823027376085519,0.07615721598267555,0.00792694222182036,False
327,mobilevit_s,GradCAM,0.2288704653386958,0.3217625930905342,0.09289212775183839,False
327,mobilevit_s,IntegratedGradients,0.1206885197927477,0.39426187536446383,0.27357335557171614,False
327,mobilevit_s,Random,0.14720333707955435,0.15404546248028053,0.006842125400726179,False
327,resnet50,GradCAM,0.22155560824321582,0.4989841297268867,0.2774285214836709,False
327,resnet50,IntegratedGradients,0.29601374678313735,0.49922261685132985,0.2032088700681925,False
327,resnet50,LRP,0.14363402492017488,0.4992678016424179,0.35563377672224306,False
327,resnet50,Random,0.18237595490645617,0.24933395254483914,0.06695799763838298,False
327,vit_base,Chefer-LRP,0.20141317793168131,0.39051661044359204,0.18910343251191072,False
327,vit_base,GradCAM,0.20841640520375224,0.37369714230299,0.16528073709923777,False
327,vit_base,IntegratedGradients,0.3042317470768467,0.3834477797150612,0.07921603263821453,False
327,vit_base,Random,0.3453650817275047,0.3285968694835901,-0.01676821224391456,True
328,mobilevit_s,GradCAM,0.09540037554688752,0.11779282661154866,0.022392451064661145,False
328,mobilevit_s,IntegratedGradients,0.022098153759725396,0.45561682730913156,0.43351867354940615,False
328,mobilevit_s,Random,0.09187982774456033,0.11518159913830459,0.02330177139374426,False
328,resnet50,GradCAM,0.029747909773141148,0.10687873102724552,0.07713082125410436,False
328,resnet50,IntegratedGradients,0.010680787438468542,0.1162117979300092,0.10553101049154066,False
328,resnet50,LRP,0.020314746786607427,0.07329041473567485,0.052975667949067426,False
328,resnet50,Random,0.09906971927588017,0.02105795459459565,-0.07801176468128451,True
328,vit_base,Chefer-LRP,0.10269240374909713,0.4178140327334404,0.31512162898434326,False
328,vit_base,GradCAM,0.10523723959922791,0.39869215339422226,0.29345491379499433,False
328,vit_base,IntegratedGradients,0.047291130176745355,0.42228431999683375,0.3749931898200884,False
328,vit_base,Random,0.16770285240490923,0.24038746338337663,0.0726846109784674,False
329,mobilevit_s,GradCAM,0.10591786983422936,0.46752912849187855,0.3616112586576492,False
329,mobilevit_s,IntegratedGradients,0.07303432860935573,0.3385560497641564,0.26552172115480066,False
329,mobilevit_s,Random,0.16288715158007108,0.12436222057731358,-0.0385249310027575,True
329,resnet50,GradCAM,0.2030408255523071,0.4999707221984863,0.2969298966461792,False
329,resnet50,IntegratedGradients,0.10604358282275826,0.485669219493866,0.3796256366711077,False
329,resnet50,LRP,0.0892920144600794,0.49996556192636493,0.41067354746628554,False
329,resnet50,Random,0.1204072467138758,0.11236003859496577,-0.008047208118910035,True
329,vit_base,Chefer-LRP,0.160262790042907,0.36591033041477206,0.20564754037186506,False
329,vit_base,GradCAM,0.12927098141517487,0.39029530584812167,0.26102432443294676,False
329,vit_base,IntegratedGradients,0.2664873623289168,0.3184772036969662,0.051989841368049405,False
329,vit_base,Random,0.2555600811261684,0.2696919001173228,0.014131818991154399,False
330,mobilevit_s,GradCAM,0.10627595402766019,0.4677370265126229,0.36146107248496273,False
330,mobilevit_s,IntegratedGradients,0.14737797401994612,0.43346384167671204,0.2860858676567659,False
330,mobilevit_s,Random,0.19275599990505726,0.11202194435318236,-0.0807340555518749,True
330,resnet50,GradCAM,0.1605584275443107,0.4996459648013115,0.3390875372570008,False
330,resnet50,IntegratedGradients,0.26824669467168866,0.499643561244011,0.23139686657232234,False
330,resnet50,LRP,0.10127344536595047,0.4996496871113777,0.39837624174542724,False
330,resnet50,Random,0.4194013902917505,0.3262842037598603,-0.09311718653189022,True
330,vit_base,Chefer-LRP,0.19325201238971207,0.4272607445716857,0.23400873218197366,False
330,vit_base,GradCAM,0.3454987862845883,0.43186865150928494,0.08636986522469664,False
330,vit_base,IntegratedGradients,0.4154341295361519,0.42857603132724764,0.013141901791095756,False
330,vit_base,Random,0.4402436435222626,0.40940126776695257,-0.030842375755310014,True
331,mobilevit_s,GradCAM,0.13491310553945374,0.3523276820778847,0.21741457653843094,False
331,mobilevit_s,IntegratedGradients,0.06803607605179424,0.4065051332116127,0.33846905715981845,False
331,mobilevit_s,Random,0.20167036878046932,0.16951556773565243,-0.03215480104481688,True
331,resnet50,GradCAM,0.010379690182162449,0.15426310244947672,0.14388341226731427,False
331,resnet50,IntegratedGradients,0.006562914076494054,0.06548273637890815,0.058919822302414104,False
331,resnet50,LRP,0.005628487764624879,0.06590830367058514,0.060279815905960266,False
331,resnet50,Random,0.022891170936054552,0.008191947871819137,-0.014699223064235415,True
331,vit_base,Chefer-LRP,0.09495809748768806,0.17816739454865455,0.08320929706096648,False
331,vit_base,GradCAM,0.09601567313075067,0.2470190368592739,0.15100336372852324,False
331,vit_base,IntegratedGradients,0.20929661244153974,0.11335590854287148,-0.09594070389866827,True
331,vit_base,Random,0.16732378900051117,0.23825617693364623,0.07093238793313505,False
332,mobilevit_s,GradCAM,0.28941742703318596,0.2406634428014513,-0.04875398423173466,True
332,mobilevit_s,IntegratedGradients,0.04024150452241884,0.47809011936187745,0.4378486148394586,False
332,mobilevit_s,Random,0.13743181791305692,0.16873895300377625,0.031307135090719335,False
332,resnet50,GradCAM,0.19144908586749806,0.49814123213291167,0.30669214626541363,False
332,resnet50,IntegratedGradients,0.1284549737931229,0.4983978062868118,0.36994283249368887,False
332,resnet50,LRP,0.09087045378983022,0.4986256957054139,0.40775524191558365,False
332,resnet50,Random,0.1395279414369725,0.23044117334029582,0.09091323190332332,False
332,vit_base,Chefer-LRP,0.1380082007031888,0.4464211478829384,0.3084129471797496,False
332,vit_base,GradCAM,0.16411030613817276,0.43954525589942933,0.2754349497612566,False
332,vit_base,IntegratedGradients,0.2397863411533763,0.44405618607997893,0.20426984492660263,False
332,vit_base,Random,0.3108881888911128,0.41246029436588294,0.10157210547477014,False
333,mobilevit_s,GradCAM,0.40244968235492706,0.40864314138889307,0.006193459033966009,False
333,mobilevit_s,IntegratedGradients,0.22020587736333258,0.25231823222711686,0.032112354863784276,False
333,mobilevit_s,Random,0.06990508311901067,0.0807306393086037,0.010825556189593036,False
333,resnet50,GradCAM,0.49998459219932556,0.49999915063381195,1.455843448638916e-05,False
333,resnet50,IntegratedGradients,0.49925067871809004,0.49671316742897037,-0.002537511289119665,True
333,resnet50,LRP,0.303683365136385,0.49999870657920836,0.19631534144282337,False
333,resnet50,Random,0.2675305344047956,0.2268527104286477,-0.04067782397614786,True
333,vit_base,Chefer-LRP,0.4317804753780365,0.45104891806840897,0.019268442690372478,False
333,vit_base,GradCAM,0.44838342070579534,0.44449722617864607,-0.003886194527149278,True
333,vit_base,IntegratedGradients,0.4031491488218307,0.392870756983757,-0.01027839183807372,True
333,vit_base,Random,0.43180430382490165,0.3948882430791856,-0.03691606074571607,True
334,mobilevit_s,GradCAM,0.3727061048150063,0.4575577139854431,0.08485160917043677,False
334,mobilevit_s,IntegratedGradients,0.29278758534928784,0.4651247277855874,0.17233714243629955,False
334,mobilevit_s,Random,0.40557993012480437,0.29384322638798044,-0.11173670373682393,True
334,resnet50,GradCAM,0.4722515404224396,0.49999914467334744,0.02774760425090783,False
334,resnet50,IntegratedGradients,0.40297145806252965,0.4999985218048096,0.09702706374227993,False
334,resnet50,LRP,0.3885727258399129,0.4999990433454513,0.11142631750553839,False
334,resnet50,Random,0.4963879629969597,0.4939688012003899,-0.002419161796569813,True
334,vit_base,Chefer-LRP,0.4081119105219841,0.4188787162303924,0.010766805708408322,False
334,vit_base,GradCAM,0.3596196070313454,0.4173024415969848,0.05768283456563944,False
334,vit_base,IntegratedGradients,0.4207965299487114,0.43212920129299165,0.011332671344280232,False
334,vit_base,Random,0.3852733850479126,0.4042704835534096,0.018997098505497023,False
335,mobilevit_s,GradCAM,0.09915683639701456,0.4879024013876915,0.3887455649906769,False
335,mobilevit_s,IntegratedGradients,0.1556553702626843,0.45146553665399547,0.2958101663913112,False
335,mobilevit_s,Random,0.25956966753292365,0.2301815473882016,-0.029388120144722057,True
335,resnet50,GradCAM,0.18516576222609726,0.4973157778382301,0.31215001561213285,False
335,resnet50,IntegratedGradients,0.043704329058527946,0.4799806714057922,0.43627634234726426,False
335,resnet50,LRP,0.03624781590769999,0.48865609616041183,0.45240828025271185,False
335,resnet50,Random,0.11341292690485716,0.17470665143337102,0.061293724528513865,False
335,vit_base,Chefer-LRP,0.2515310436487198,0.42974512279033666,0.17821407914161685,False
335,vit_base,GradCAM,0.21548073254525663,0.4113888695836067,0.19590813703835008,False
335,vit_base,IntegratedGradients,0.4473594799637795,0.4385438963770866,-0.008815583586692932,True
335,vit_base,Random,0.42967496365308766,0.35273245926946406,-0.0769425043836236,True
336,mobilevit_s,GradCAM,0.10770297339186073,0.437104520201683,0.32940154680982225,False
336,mobilevit_s,IntegratedGradients,0.08778590410365723,0.4539798364043236,0.3661939323006664,False
336,mobilevit_s,Random,0.3395912075415254,0.4001227609813214,0.06053155343979599,False
336,resnet50,GradCAM,0.13510364945977926,0.49993723183870314,0.3648335823789239,False
336,resnet50,IntegratedGradients,0.14484248766675592,0.4999322816729546,0.35508979400619867,False
336,resnet50,LRP,0.08756764363497496,0.4999023780226708,0.41233473438769586,False
336,resnet50,Random,0.3983358453959227,0.23710868405178193,-0.16122716134414078,True
336,vit_base,Chefer-LRP,0.0856470591854304,0.4075909167528152,0.3219438575673848,False
336,vit_base,GradCAM,0.09304632958956063,0.4311659082770347,0.3381195786874741,False
336,vit_base,IntegratedGradients,0.35631154477596283,0.385126619040966,0.028815074265003182,False
336,vit_base,Random,0.39455584660172466,0.39886521250009543,0.004309365898370776,False
337,mobilevit_s,GradCAM,0.01267169110942632,0.17880998905748127,0.16613829794805496,False
337,mobilevit_s,IntegratedGradients,0.07041581259109081,0.019627565843984486,-0.05078824674710632,True
337,mobilevit_s,Random,0.011232829629443587,0.051221387041732666,0.03998855741228908,False
337,resnet50,GradCAM,0.05250240498480707,0.4439148500561714,0.3914124450713643,False
337,resnet50,IntegratedGradients,0.02071442064425355,0.39633769541978836,0.3756232747755348,False
337,resnet50,LRP,0.02018296464775631,0.3874812424182892,0.36729827777053287,False
337,resnet50,Random,0.11239486197446241,0.1263434288557619,0.013948566881299501,False
337,vit_base,Chefer-LRP,0.03484937879256905,0.18501860462129116,0.1501692258287221,False
337,vit_base,GradCAM,0.1018235439900309,0.13531223237514498,0.03348868838511408,False
337,vit_base,IntegratedGradients,0.07744283545762301,0.12949492502957582,0.052052089571952814,False
337,vit_base,Random,0.1270888116210699,0.14132159426808355,0.014232782647013636,False
338,mobilevit_s,GradCAM,0.020901016605785118,0.39626596570014955,0.3753649490943644,False
338,mobilevit_s,IntegratedGradients,0.023713208874687558,0.40067406296730035,0.3769608540926128,False
338,mobilevit_s,Random,0.2716230876802001,0.07311087771086024,-0.19851220996933988,True
338,resnet50,GradCAM,0.05255455258302391,0.4999974757432938,0.4474429231602699,False
338,resnet50,IntegratedGradients,0.03136613498209045,0.49999370574951174,0.4686275707674213,False
338,resnet50,LRP,0.039204880644683734,0.4999965697526932,0.46079168910800944,False
338,resnet50,Random,0.31167154541471975,0.31839835453238274,0.006726809117662991,False
338,vit_base,Chefer-LRP,0.06567454184405506,0.39186795800924307,0.326193416165188,False
338,vit_base,GradCAM,0.059661274496465924,0.38260233253240583,0.3229410580359399,False
338,vit_base,IntegratedGradients,0.08402375881560147,0.3743804901838303,0.2903567313682288,False
338,vit_base,Random,0.2987323962152004,0.32655685264617207,0.027824456430971645,False
339,mobilevit_s,GradCAM,3.6347396780911366e-05,7.383105166809402e-05,3.748365488718265e-05,False
339,mobilevit_s,IntegratedGradients,0.00010413330735445925,4.6569833375542655e-05,-5.75634739789166e-05,True
339,mobilevit_s,Random,6.32249157206388e-05,0.000139442136787693,7.62172210670542e-05,False
339,resnet50,GradCAM,0.00015916066204226805,0.0002853162099199835,0.00012615554787771545,False
339,resnet50,IntegratedGradients,2.9282705918376456e-05,0.00022396420245058836,0.0001946814965322119,False
339,resnet50,LRP,8.538902243344637e-05,0.0001356468732410576,5.025785080761123e-05,False
339,resnet50,Random,5.527136295313539e-05,6.905541299602193e-05,1.3784050042886537e-05,False
339,vit_base,Chefer-LRP,0.02857657255008235,0.14923657700419427,0.12066000445411192,False
339,vit_base,GradCAM,0.020532837351856868,0.17747406363487245,0.15694122628301557,False
339,vit_base,IntegratedGradients,0.027620446351647846,0.1522453211247921,0.12462487477314427,False
339,vit_base,Random,0.07656287872232496,0.09684204199584201,0.020279163273517045,False
340,mobilevit_s,GradCAM,0.2488111347425729,0.4491616010665893,0.2003504663240164,False
340,mobilevit_s,IntegratedGradients,0.1468150885135401,0.4607988715171814,0.31398378300364127,False
340,mobilevit_s,Random,0.25813169952234605,0.4611205816268921,0.20298888210454608,False
340,resnet50,GradCAM,0.24865660476498305,0.4999628186225891,0.2513062138576061,False
340,resnet50,IntegratedGradients,0.2432543588220142,0.4999579533934593,0.2567035945714451,False
340,resnet50,LRP,0.2096631591906771,0.49995939731597905,0.2902962381253019,False
340,resnet50,Random,0.3831094615161419,0.4100205346941948,0.026911073178052913,False
340,vit_base,Chefer-LRP,0.23127423813566572,0.35298487395048145,0.12171063581481573,False
340,vit_base,GradCAM,0.20386185933602974,0.3754147619009018,0.17155290256487205,False
340,vit_base,IntegratedGradients,0.3809986829757691,0.3965189188718796,0.015520235896110512,False
340,vit_base,Random,0.39616624861955646,0.3887443944811821,-0.007421854138374373,True
341,mobilevit_s,GradCAM,0.3405533291399479,0.45530679225921633,0.11475346311926843,False
341,mobilevit_s,IntegratedGradients,0.11285672839730977,0.48092707544565205,0.3680703470483423,False
341,mobilevit_s,Random,0.3518082660229993,0.4052709573181346,0.05346269129513531,False
341,resnet50,GradCAM,0.41821007691323764,0.49999999105930326,0.08178991414606562,False
341,resnet50,IntegratedGradients,0.4449783071875572,0.4999999523162842,0.05502164512872698,False
341,resnet50,LRP,0.42014736384153367,0.49999999403953554,0.07985263019800187,False
341,resnet50,Random,0.49927086979150775,0.4220520206727088,-0.07721884911879895,True
341,vit_base,Chefer-LRP,0.30843900963664056,0.4400773704051971,0.13163836076855656,False
341,vit_base,GradCAM,0.3634215407073498,0.43350726217031477,0.07008572146296499,False
341,vit_base,IntegratedGradients,0.41444271653890613,0.444466945528984,0.030024228990077895,False
341,vit_base,Random,0.4358131840825081,0.4258612245321274,-0.009951959550380696,True
342,mobilevit_s,GradCAM,0.2184597167186439,0.48546113818883896,0.26700142147019507,False
342,mobilevit_s,IntegratedGradients,0.24135501142664004,0.46507244631648065,0.2237174348898406,False
342,mobilevit_s,Random,0.4288105877116323,0.2961472498369403,-0.13266333787469198,True
342,resnet50,GradCAM,0.3035021704621613,0.49974010735750196,0.19623793689534064,False
342,resnet50,IntegratedGradients,0.4637419402599335,0.49684295654296873,0.033101016283035245,False
342,resnet50,LRP,0.23298390302807095,0.49954843521118164,0.2665645321831107,False
342,resnet50,Random,0.3329237537109294,0.3872557496011723,0.0543319958902429,False
342,vit_base,Chefer-LRP,0.2748883544467389,0.4448308706283569,0.169942516181618,False
342,vit_base,GradCAM,0.24817022024653856,0.438964131474495,0.19079391122795641,False
342,vit_base,IntegratedGradients,0.4411078125238418,0.4415742188692093,0.00046640634536748715,False
342,vit_base,Random,0.31892782095819716,0.41882183253765104,0.09989401157945388,False
343,mobilevit_s,GradCAM,0.28683167984709146,0.46700712293386454,0.18017544308677308,False
343,mobilevit_s,IntegratedGradients,0.4544727683067322,0.47026024460792537,0.01578747630119315,False
343,mobilevit_s,Random,0.43884434252977367,0.41179790794849397,-0.0270464345812797,True
343,resnet50,GradCAM,0.49881995022296904,0.4999999910593033,0.001180040836334273,False
343,resnet50,IntegratedGradients,0.4371729403734207,0.49999998807907103,0.06282704770565034,False
343,resnet50,LRP,0.4821886077523232,0.4999999403953552,0.01781133264303203,False
343,resnet50,Random,0.4301089305896313,0.34634294367861007,-0.08376598691102122,True
343,vit_base,Chefer-LRP,0.4111421659588814,0.41841145902872084,0.007269293069839422,False
343,vit_base,GradCAM,0.4213998094201088,0.4191263586282731,-0.0022734507918357183,True
343,vit_base,IntegratedGradients,0.3904813289642335,0.4206691205501556,0.030187791585922108,False
343,vit_base,Random,0.3614379785954952,0.31800438612699505,-0.04343359246850015,True
344,mobilevit_s,GradCAM,0.08605774121679133,0.4796542823314667,0.39359654111467535,False
344,mobilevit_s,IntegratedGradients,0.1541047048784094,0.47229104936122895,0.31818634448281957,False
344,mobilevit_s,Random,0.20821719393716198,0.2591554596554488,0.0509382657182868,False
344,resnet50,GradCAM,0.08961975750280544,0.4999945521354675,0.4103747946326621,False
344,resnet50,IntegratedGradients,0.08370680314255878,0.4999910265207291,0.4162842233781703,False
344,resnet50,LRP,0.07341438584844583,0.4999909192323684,0.42657653338392254,False
344,resnet50,Random,0.2005756540049333,0.13776590458583088,-0.06280974941910242,True
344,vit_base,Chefer-LRP,0.09195027514360846,0.4538452550768852,0.3618949799332768,False
344,vit_base,GradCAM,0.11019140866119416,0.4488344728946686,0.33864306423347446,False
344,vit_base,IntegratedGradients,0.2446975287050009,0.44493801295757296,0.20024048425257207,False
344,vit_base,Random,0.35013770312070847,0.3310445047914982,-0.019093198329210248,True
345,mobilevit_s,GradCAM,0.32683035382069653,0.45420962423086164,0.1273792704101651,False
345,mobilevit_s,IntegratedGradients,0.4480251923203468,0.46338752061128613,0.015362328290939309,False
345,mobilevit_s,Random,0.1399244204063507,0.15830185337936203,0.018377432973011337,False
345,resnet50,GradCAM,0.43229341177502645,0.49999074041843417,0.06769732864340772,False
345,resnet50,IntegratedGradients,0.4166316732764244,0.499876144528389,0.0832444712519646,False
345,resnet50,LRP,0.27777367012022297,0.49997940063476565,0.22220573051454268,False
345,resnet50,Random,0.27488168458221485,0.3500479534268379,0.07516626884462307,False
345,vit_base,Chefer-LRP,0.34557758271694183,0.4253608793020249,0.07978329658508304,False
345,vit_base,GradCAM,0.3024445686955005,0.43885245025157926,0.13640788155607875,False
345,vit_base,IntegratedGradients,0.3966802999377251,0.41731699407100675,0.020636694133281674,False
345,vit_base,Random,0.34632544666528703,0.3216113016009331,-0.024714145064353932,True
346,mobilevit_s,GradCAM,0.039032002698513674,0.08247384724672882,0.04344184454821515,False
346,mobilevit_s,IntegratedGradients,0.0147945984499529,0.06790622919797897,0.053111630748026065,False
346,mobilevit_s,Random,0.06155501732137055,0.022634496031969323,-0.038920521289401225,True
346,resnet50,GradCAM,0.012920175108592957,0.28678707256913183,0.2738668974605389,False
346,resnet50,IntegratedGradients,0.013172456106985921,0.2100955545902252,0.19692309848323927,False
346,resnet50,LRP,0.011847607299569064,0.21233000233769414,0.20048239503812507,False
346,resnet50,Random,0.09493680023078922,0.07649189474323066,-0.01844490548755856,True
346,vit_base,Chefer-LRP,0.03357343512616352,0.20678385198116303,0.1732104168549995,False
346,vit_base,GradCAM,0.018772116801119412,0.2110027067363262,0.1922305899352068,False
346,vit_base,IntegratedGradients,0.09929869475308807,0.20751831587404013,0.10821962112095206,False
346,vit_base,Random,0.1091762609925354,0.1221107410034165,0.0129344800108811,False
347,mobilevit_s,GradCAM,0.001942278024216648,0.0024341191456187516,0.0004918411214021037,False
347,mobilevit_s,IntegratedGradients,0.0007508031096222111,0.005139139994571453,0.004388336884949242,False
347,mobilevit_s,Random,0.001831132441384398,0.0005683188162038277,-0.0012628136251805703,True
347,resnet50,GradCAM,0.0010251252325815586,0.11395051842555404,0.11292539319297248,False
347,resnet50,IntegratedGradients,0.0011801886550529162,0.020271017029881478,0.01909082837482856,False
347,resnet50,LRP,0.0011428287325543351,0.0018310871906578542,0.0006882584581035191,False
347,resnet50,Random,0.0019236272055422887,0.0012854472237449955,-0.0006381799817972932,True
347,vit_base,Chefer-LRP,0.042185969837009916,0.18010957315564158,0.13792360331863165,False
347,vit_base,GradCAM,0.0500188259407878,0.19986353665590287,0.14984471071511507,False
347,vit_base,IntegratedGradients,0.07663263119757177,0.18779016286134723,0.11115753166377546,False
347,vit_base,Random,0.21299793850630525,0.23063296303153036,0.017635024525225113,False
348,mobilevit_s,GradCAM,0.2032401816453785,0.45387230068445206,0.25063211903907356,False
348,mobilevit_s,IntegratedGradients,0.447537824511528,0.45187149792909626,0.00433367341756824,False
348,mobilevit_s,Random,0.3701888030394912,0.33038264170754705,-0.039806161331944145,True
348,resnet50,GradCAM,0.3601665304769995,0.49999833405017857,0.1398318035731791,False
348,resnet50,IntegratedGradients,0.49980791062116625,0.49993505924940107,0.00012714862823481887,False
348,resnet50,LRP,0.16146966315282044,0.4999974548816681,0.3385277917288476,False
348,resnet50,Random,0.3319207866152284,0.43645049605984243,0.10452970944461404,False
348,vit_base,Chefer-LRP,0.2958474885905162,0.4104554638266564,0.11460797523614019,False
348,vit_base,GradCAM,0.20221328367188107,0.424690318107605,0.22247703443572392,False
348,vit_base,IntegratedGradients,0.4292571812868118,0.3987493306398392,-0.03050785064697259,True
348,vit_base,Random,0.4113852113485337,0.41019056439399715,-0.0011946469545365268,True
349,mobilevit_s,GradCAM,0.4639612674713135,0.44005173444747925,-0.02390953302383425,True
349,mobilevit_s,IntegratedGradients,0.43829089254140857,0.45726327747106554,0.01897238492965697,False
349,mobilevit_s,Random,0.43307095319032674,0.40820166915655137,-0.024869284033775363,True
349,resnet50,GradCAM,0.4999986708164215,0.4999977290630341,-9.417533874400696e-07,True
349,resnet50,IntegratedGradients,0.4999978840351105,0.49996925294399264,-2.8631091117836682e-05,True
349,resnet50,LRP,0.4770721662789583,0.499995294213295,0.022923127934336707,False
349,resnet50,Random,0.4808372162282467,0.4860727712512017,0.005235555022954974,False
349,vit_base,Chefer-LRP,0.4343192309141159,0.41960542798042294,-0.014713802933692954,True
349,vit_base,GradCAM,0.4389870524406433,0.42326445728540424,-0.01572259515523905,True
349,vit_base,IntegratedGradients,0.4173200130462647,0.43930797576904296,0.021987962722778254,False
349,vit_base,Random,0.4266712531447411,0.43244139701128004,0.005770143866538957,False
350,mobilevit_s,GradCAM,0.005781932298123137,0.24718173183500766,0.24139979953688454,False
350,mobilevit_s,IntegratedGradients,0.005993733839568449,0.2549105897545815,0.24891685591501303,False
350,mobilevit_s,Random,0.05060732565325453,0.13295312633690629,0.08234580068365176,False
350,resnet50,GradCAM,0.002558681182563305,0.11353691145777703,0.11097823027521372,False
350,resnet50,IntegratedGradients,0.002985275424362044,0.03959757331758738,0.036612297893225336,False
350,resnet50,LRP,0.0024973018016680726,0.11830284260213374,0.11580554080046566,False
350,resnet50,Random,0.04757493604993216,0.005929144021683897,-0.041645792028248266,True
350,vit_base,Chefer-LRP,0.05139381005501492,0.2720742613077164,0.22068045125270147,False
350,vit_base,GradCAM,0.028902230059611612,0.2435606509447098,0.21465842088509818,False
350,vit_base,IntegratedGradients,0.04485624475055375,0.22103357166051868,0.17617732690996493,False
350,vit_base,Random,0.16629034344805405,0.1189137576147914,-0.04737658583326265,True
351,mobilevit_s,GradCAM,0.061429077304637765,0.10273685939610004,0.041307782091462276,False
351,mobilevit_s,IntegratedGradients,0.043215650527417895,0.28280273377022247,0.2395870832428046,False
351,mobilevit_s,Random,0.06512413928248861,0.05807174651272362,-0.007052392769764992,True
351,resnet50,GradCAM,0.10423946861992592,0.4962528377771378,0.39201336915721186,False
351,resnet50,IntegratedGradients,0.13858537023479583,0.3799283284781268,0.24134295824333096,False
351,resnet50,LRP,0.037463579075847527,0.49748910069465635,0.46002552161880883,False
351,resnet50,Random,0.10779302956778453,0.1030133221865981,-0.004779707381186424,True
351,vit_base,Chefer-LRP,0.2849464250728489,0.43004436790943146,0.14509794283658256,False
351,vit_base,GradCAM,0.24103335039690135,0.4234079495072365,0.18237459911033513,False
351,vit_base,IntegratedGradients,0.2550554729998112,0.3812896452844143,0.1262341722846031,False
351,vit_base,Random,0.25775852272199695,0.3445866511698114,0.08682812844781446,False
352,mobilevit_s,GradCAM,0.14097271208956955,0.47234879434108734,0.3313760822515178,False
352,mobilevit_s,IntegratedGradients,0.15500510840211065,0.41912865042686465,0.26412354202475397,False
352,mobilevit_s,Random,0.2644088664790616,0.18338809609849707,-0.08102077038056452,True
352,resnet50,GradCAM,0.322837279457599,0.4999988406896591,0.17716156123206012,False
352,resnet50,IntegratedGradients,0.2657071221619845,0.49998148828744887,0.23427436612546437,False
352,resnet50,LRP,0.30649118290166366,0.49999837577342987,0.1935071928717662,False
352,resnet50,Random,0.3067690200405196,0.22176830792996044,-0.08500071211055915,True
352,vit_base,Chefer-LRP,0.32790824472904206,0.3907893419265747,0.06288109719753265,False
352,vit_base,GradCAM,0.36046757474541663,0.39886698573827745,0.038399410992860816,False
352,vit_base,IntegratedGradients,0.35791614800691607,0.3696182861924172,0.011702138185501143,False
352,vit_base,Random,0.36494061797857286,0.3468451887369156,-0.018095429241657246,True
353,mobilevit_s,GradCAM,0.4686333805322647,0.4608300387859344,-0.0078033417463302945,True
353,mobilevit_s,IntegratedGradients,0.27737068411079235,0.4734688147902489,0.19609813067945653,False
353,mobilevit_s,Random,0.17467419227905343,0.13134250855509894,-0.04333168372395449,True
353,resnet50,GradCAM,0.4999948486685753,0.5,5.1513314247020325e-06,False
353,resnet50,IntegratedGradients,0.45459452345967294,0.4999930217862129,0.04539849832653997,False
353,resnet50,LRP,0.48812730014324185,0.4999999821186066,0.01187268197536473,False
353,resnet50,Random,0.24357495876029134,0.18837610272457822,-0.05519885603571312,True
353,vit_base,Chefer-LRP,0.41307121217250825,0.39844990223646165,-0.0146213099360466,True
353,vit_base,GradCAM,0.43528966605663294,0.4165910020470619,-0.018698664009571042,True
353,vit_base,IntegratedGradients,0.3894621878862381,0.43212441951036457,0.04266223162412647,False
353,vit_base,Random,0.41394069194793703,0.3964184053242207,-0.017522286623716354,True
354,mobilevit_s,GradCAM,0.2846371434628963,0.3722430735826492,0.08760593011975287,False
354,mobilevit_s,IntegratedGradients,0.1455013159720693,0.101842728437623,-0.043658587534446305,True
354,mobilevit_s,Random,0.12247937947977336,0.11910404688678684,-0.0033753325929865158,True
354,resnet50,GradCAM,0.3216241225134581,0.4999917298555374,0.1783676073420793,False
354,resnet50,IntegratedGradients,0.23804994660167725,0.47939091622829444,0.2413409696266172,False
354,resnet50,LRP,0.2343468919396401,0.49999507367610924,0.26564818173646915,False
354,resnet50,Random,0.22270269761065722,0.17292097253375685,-0.049781725076900374,True
354,vit_base,Chefer-LRP,0.3865701168775558,0.42306209057569505,0.036491973698139224,False
354,vit_base,GradCAM,0.35554583445191384,0.42972414344549176,0.07417830899357791,False
354,vit_base,IntegratedGradients,0.36474609933793545,0.41813036501407624,0.053384265676140796,False
354,vit_base,Random,0.2684894805774093,0.32792613804340365,0.05943665746599436,False
355,mobilevit_s,GradCAM,0.06417025467308123,0.37699772268533704,0.3128274680122558,False
355,mobilevit_s,IntegratedGradients,0.3045788168907165,0.12336320765316489,-0.1812156092375516,True
355,mobilevit_s,Random,0.22053993390873075,0.18096746165538208,-0.03957247225334867,True
355,resnet50,GradCAM,0.1191373790614307,0.4997674226760864,0.38063004361465574,False
355,resnet50,IntegratedGradients,0.3268997989594936,0.4957761809229851,0.16887638196349147,False
355,resnet50,LRP,0.15425462126731876,0.49938364177942274,0.345129020512104,False
355,resnet50,Random,0.33741555698215964,0.3961433719843626,0.05872781500220298,False
355,vit_base,Chefer-LRP,0.1255584904924035,0.29671473056077957,0.17115624006837607,False
355,vit_base,GradCAM,0.13663301367778333,0.29005864560604094,0.15342563192825762,False
355,vit_base,IntegratedGradients,0.17713245712220665,0.2246324434876442,0.047499986365437535,False
355,vit_base,Random,0.25283131152391436,0.19135859832167623,-0.06147271320223813,True
356,mobilevit_s,GradCAM,0.38684794360306113,0.457630829513073,0.07078288591001186,False
356,mobilevit_s,IntegratedGradients,0.3108184941345826,0.45173406302928926,0.14091556889470663,False
356,mobilevit_s,Random,0.39586492618545893,0.34836894823238257,-0.04749597795307636,True
356,resnet50,GradCAM,0.40244218297302725,0.499967348575592,0.09752516560256475,False
356,resnet50,IntegratedGradients,0.44613374806940553,0.49994964599609376,0.05381589792668823,False
356,resnet50,LRP,0.2869205716997385,0.4999701291322708,0.2130495574325323,False
356,resnet50,Random,0.34744059629738333,0.2714817062485963,-0.07595889004878703,True
356,vit_base,Chefer-LRP,0.3946833908557892,0.4197268888354302,0.025043497979641005,False
356,vit_base,GradCAM,0.4008398175239563,0.4119087144732475,0.011068896949291196,False
356,vit_base,IntegratedGradients,0.40097443759441376,0.4324580356478691,0.03148359805345535,False
356,vit_base,Random,0.4184294700622559,0.4176001280546188,-0.0008293420076370683,True
357,mobilevit_s,GradCAM,0.0010560897877439858,0.011739074671640995,0.010682984883897009,False
357,mobilevit_s,IntegratedGradients,0.08710844283923508,0.0011704737204127015,-0.08593796911882237,True
357,mobilevit_s,Random,0.0014871753286570311,0.010498208529315888,0.009011033200658857,False
357,resnet50,GradCAM,0.0003179365005053114,0.22247065341362035,0.22215271691311503,False
357,resnet50,IntegratedGradients,0.09136643680394627,0.00014701921963933273,-0.09121941758430693,True
357,resnet50,LRP,0.267796024515701,0.0012288372465263818,-0.2665671872691746,True
357,resnet50,Random,0.0665126304491423,0.0031595632000971812,-0.06335306724904512,True
357,vit_base,Chefer-LRP,0.012873208872042598,0.07001446392387152,0.05714125505182892,False
357,vit_base,GradCAM,0.028149324376136063,0.0764359138906002,0.048286589514464136,False
357,vit_base,IntegratedGradients,0.058830728195607654,0.07025821246206759,0.011427484266459939,False
357,vit_base,Random,0.1288206610828638,0.05237036794424056,-0.07645029313862324,True
358,mobilevit_s,GradCAM,0.31931310389190914,0.3955015733838082,0.07618846949189906,False
358,mobilevit_s,IntegratedGradients,0.31241571453283545,0.36505775153636927,0.052642037003533815,False
358,mobilevit_s,Random,0.2579564934132123,0.2866840204922483,0.028727527079035975,False
358,resnet50,GradCAM,0.4563210010528564,0.49999838769435884,0.04367738664150245,False
358,resnet50,IntegratedGradients,0.4450248801149428,0.4999987304210663,0.054973850306123506,False
358,resnet50,LRP,0.4729169320315123,0.4999822720885277,0.027065340057015386,False
358,resnet50,Random,0.43448008234845475,0.4724978599464521,0.03801777759799735,False
358,vit_base,Chefer-LRP,0.4264244452118873,0.4476761773228645,0.021251732110977195,False
358,vit_base,GradCAM,0.4200411602854729,0.4477486923336983,0.027707532048225403,False
358,vit_base,IntegratedGradients,0.4348810270428657,0.39479011446237566,-0.040090912580490023,True
358,vit_base,Random,0.3803569346666336,0.3662674814462662,-0.01408945322036742,True
359,mobilevit_s,GradCAM,0.0006800290451792535,0.018467932786461465,0.01778790374128221,False
359,mobilevit_s,IntegratedGradients,0.0004627526484227928,0.0008460396038572072,0.0003832869554344144,False
359,mobilevit_s,Random,0.0034529322681919445,0.0006407502660294995,-0.002812182002162445,True
359,resnet50,GradCAM,0.0008084263922285117,0.042748310556635256,0.04193988416440674,False
359,resnet50,IntegratedGradients,0.0007922457927861615,0.017057276098057628,0.016265030305271468,False
359,resnet50,LRP,0.0007720094823270074,0.023385693342424924,0.022613683860097916,False
359,resnet50,Random,0.001834494789636665,0.0009086895482255387,-0.0009258052414111263,True
359,vit_base,Chefer-LRP,0.021656009017897306,0.347316324710846,0.3256603156929487,False
359,vit_base,GradCAM,0.022184150855173355,0.34688660651445397,0.32470245565928063,False
359,vit_base,IntegratedGradients,0.035354678096337015,0.2638601820915938,0.22850550399525676,False
359,vit_base,Random,0.12918094532797114,0.10937647948740052,-0.01980446584057062,True
360,mobilevit_s,GradCAM,0.47030175030231475,0.4753125354647636,0.00501078516244885,False
360,mobilevit_s,IntegratedGradients,0.05540397256263532,0.47364016920328134,0.41823619664064604,False
360,mobilevit_s,Random,0.3423888366669417,0.29857420052867384,-0.04381463613826786,True
360,resnet50,GradCAM,0.26523526860401037,0.4999702125787735,0.23473494397476313,False
360,resnet50,IntegratedGradients,0.187789705907926,0.49995481669902797,0.312165110791102,False
360,resnet50,LRP,0.14779028706252575,0.4999584496021271,0.35216816253960137,False
360,resnet50,Random,0.38078993079252543,0.4062157859094441,0.025425855116918694,False
360,vit_base,Chefer-LRP,0.2582961232401431,0.4342165023088455,0.1759203790687024,False
360,vit_base,GradCAM,0.2476505379192531,0.44898661524057387,0.20133607732132078,False
360,vit_base,IntegratedGradients,0.327237232029438,0.4367645040154457,0.1095272719860077,False
360,vit_base,Random,0.4156285420060158,0.43545005768537526,0.01982151567935947,False
361,mobilevit_s,GradCAM,0.190631490200758,0.443677406013012,0.253045915812254,False
361,mobilevit_s,IntegratedGradients,0.1975008683250053,0.45722613483667374,0.25972526651166844,False
361,mobilevit_s,Random,0.3706238413229585,0.4260409966111184,0.05541715528815988,False
361,resnet50,GradCAM,0.18141402350738647,0.49974413961172104,0.3183301161043346,False
361,resnet50,IntegratedGradients,0.22772331424057485,0.4989003732800483,0.2711770590394735,False
361,resnet50,LRP,0.1522593192756176,0.49966046810150144,0.34740114882588385,False
361,resnet50,Random,0.26800779155455534,0.1408683510741952,-0.12713944048036013,True
361,vit_base,Chefer-LRP,0.2527304671704769,0.4098875015974045,0.15715703442692758,False
361,vit_base,GradCAM,0.3200379211455584,0.40584446489810944,0.08580654375255103,False
361,vit_base,IntegratedGradients,0.3424864426255226,0.4059768542647362,0.0634904116392136,False
361,vit_base,Random,0.3978180050849915,0.38559582084417343,-0.012222184240818057,True
362,mobilevit_s,GradCAM,0.3940108895301819,0.4399575307965279,0.04594664126634601,False
362,mobilevit_s,IntegratedGradients,0.3834838817827403,0.4554709926247597,0.07198711084201942,False
362,mobilevit_s,Random,0.3283587726647965,0.3247061915695667,-0.003652581095229812,True
362,resnet50,GradCAM,0.4794933021068573,0.49904410988092424,0.019550807774066925,False
362,resnet50,IntegratedGradients,0.3873688738793135,0.4979565396904945,0.11058766581118101,False
362,resnet50,LRP,0.42927161678671844,0.49880181849002836,0.06953020170330992,False
362,resnet50,Random,0.34865221083164216,0.36250261701643466,0.013850406184792496,False
362,vit_base,Chefer-LRP,0.4083596378564835,0.41762290000915525,0.009263262152671758,False
362,vit_base,GradCAM,0.34087941944599154,0.41086701303720474,0.0699875935912132,False
362,vit_base,IntegratedGradients,0.3819684103131295,0.421612423658371,0.03964401334524148,False
362,vit_base,Random,0.3779346376657486,0.38689518719911575,0.008960549533367168,False
363,mobilevit_s,GradCAM,0.21873574741184712,0.4187357485294342,0.20000000111758706,False
363,mobilevit_s,IntegratedGradients,0.14746917695920275,0.41182443499565125,0.2643552580364485,False
363,mobilevit_s,Random,0.22980187682132966,0.23004710047971463,0.0002452236583849743,False
363,resnet50,GradCAM,0.4143400471657515,0.49571963399648666,0.08137958683073515,False
363,resnet50,IntegratedGradients,0.31754084564745433,0.4948867961764336,0.17734595052897928,False
363,resnet50,LRP,0.2568350099958479,0.493242272734642,0.2364072627387941,False
363,resnet50,Random,0.42127178907394414,0.23380445784423504,-0.1874673312297091,True
363,vit_base,Chefer-LRP,0.24730594512075188,0.3898785620927811,0.14257261697202922,False
363,vit_base,GradCAM,0.2873300399165601,0.40342420190572736,0.11609416198916728,False
363,vit_base,IntegratedGradients,0.3980915680527687,0.3794250786304474,-0.018666489422321297,True
363,vit_base,Random,0.38012697994709016,0.38826586902141574,0.008138889074325584,False
364,mobilevit_s,GradCAM,0.05940245194360615,0.25000654514878995,0.1906040932051838,False
364,mobilevit_s,IntegratedGradients,0.05004324311885285,0.3230859376490116,0.2730426945301588,False
364,mobilevit_s,Random,0.02282366104409448,0.022860677779317485,3.701673522300483e-05,False
364,resnet50,GradCAM,0.1758141045924276,0.49957783818244933,0.32376373359002175,False
364,resnet50,IntegratedGradients,0.2812056516297162,0.4848142810165882,0.20360862938687196,False
364,resnet50,LRP,0.23869463466107846,0.49882774949073794,0.2601331148296595,False
364,resnet50,Random,0.29681904790922997,0.3094899882329628,0.012670940323732838,False
364,vit_base,Chefer-LRP,0.3929275274276734,0.40531647354364403,0.012388946115970634,False
364,vit_base,GradCAM,0.3856944844126701,0.4398938238620758,0.05419933944940569,False
364,vit_base,IntegratedGradients,0.41689324527978894,0.4021333537995816,-0.014759891480207343,True
364,vit_base,Random,0.33224701210856444,0.36787547618150707,0.03562846407294262,False
365,mobilevit_s,GradCAM,0.13885229046281894,0.19832812999375163,0.05947583953093269,False
365,mobilevit_s,IntegratedGradients,0.013337003795913916,0.3161478765308857,0.3028108727349718,False
365,mobilevit_s,Random,0.03345900465510567,0.03489594194052188,0.0014369372854162107,False
365,resnet50,GradCAM,0.1632759301690385,0.47072660028934477,0.30745067012030625,False
365,resnet50,IntegratedGradients,0.05174588528461754,0.3619333356618881,0.3101874503772706,False
365,resnet50,LRP,0.06381382394465619,0.4668458089232445,0.40303198497858833,False
365,resnet50,Random,0.1150034252292244,0.09864961891580608,-0.016353806313418318,True
365,vit_base,Chefer-LRP,0.18350821849890053,0.31219441890716554,0.128686200408265,False
365,vit_base,GradCAM,0.19818848917493598,0.3014407873153686,0.10325229814043263,False
365,vit_base,IntegratedGradients,0.27259645340964195,0.24872263222932814,-0.02387382118031381,True
365,vit_base,Random,0.13155894073424862,0.2600412386935204,0.1284822979592718,False
366,mobilevit_s,GradCAM,0.008944899402558805,0.05956320036202668,0.05061830095946788,False
366,mobilevit_s,IntegratedGradients,0.04647676358581521,0.016915450245141985,-0.029561313340673228,True
366,mobilevit_s,Random,0.01462128247221699,0.023906538635492327,0.009285256163275336,False
366,resnet50,GradCAM,0.004113825695822016,0.005843400198500603,0.0017295745026785865,False
366,resnet50,IntegratedGradients,0.0010722360049840061,0.002162353682797402,0.001090117677813396,False
366,resnet50,LRP,0.03137289480073377,0.008415006927680223,-0.022957887873053546,True
366,resnet50,Random,0.002557340898783877,0.0034280572435818613,0.0008707163447979841,False
366,vit_base,Chefer-LRP,0.025165268592536448,0.03644635286182166,0.011281084269285209,False
366,vit_base,GradCAM,0.024731063051149253,0.0378470441326499,0.013115981081500649,False
366,vit_base,IntegratedGradients,0.01889803726226091,0.033505352959036824,0.014607315696775914,False
366,vit_base,Random,0.022797896526753902,0.01673992765136063,-0.006057968875393272,True
367,mobilevit_s,GradCAM,0.14368212878507622,0.22982991337776185,0.08614778459268563,False
367,mobilevit_s,IntegratedGradients,0.04852074896625709,0.2529906548559666,0.20446990588970954,False
367,mobilevit_s,Random,0.28111707461066543,0.21388263255357742,-0.067234442057088,True
367,resnet50,GradCAM,0.1155043522885535,0.3990630760788917,0.2835587237903382,False
367,resnet50,IntegratedGradients,0.3829111620783806,0.22880231365561488,-0.15410884842276573,True
367,resnet50,LRP,0.10999884996563197,0.40487894862890245,0.2948800986632705,False
367,resnet50,Random,0.3987726286053658,0.33963941689580684,-0.05913321170955893,True
367,vit_base,Chefer-LRP,0.18778366686310619,0.24734734296798705,0.059563676104880864,False
367,vit_base,GradCAM,0.18983603597735055,0.23880555033683776,0.04896951435948721,False
367,vit_base,IntegratedGradients,0.23128149211406707,0.279289111495018,0.04800761938095094,False
367,vit_base,Random,0.2737968355417252,0.27156786620616913,-0.0022289693355560525,True
368,mobilevit_s,GradCAM,0.03082918033469469,0.4418503388762474,0.41102115854155274,False
368,mobilevit_s,IntegratedGradients,0.050627170092775495,0.4139980226755142,0.3633708525827387,False
368,mobilevit_s,Random,0.14935592225629077,0.2945072351547424,0.14515131289845165,False
368,resnet50,GradCAM,0.03929670104989782,0.4920635998249054,0.4527668987750076,False
368,resnet50,IntegratedGradients,0.02692490485205781,0.4871352300047874,0.46021032515272964,False
368,resnet50,LRP,0.030322830571094528,0.4874421879649163,0.45711935739382176,False
368,resnet50,Random,0.2590279497206211,0.23587298463680784,-0.02315496508381326,True
368,vit_base,Chefer-LRP,0.15458835614845162,0.39473421126604086,0.24014585511758924,False
368,vit_base,GradCAM,0.1314629880827852,0.4085126891732216,0.27704970109043636,False
368,vit_base,IntegratedGradients,0.1809474769048393,0.3880400747060776,0.2070925978012383,False
368,vit_base,Random,0.38118558637797834,0.41014693975448613,0.028961353376507792,False
369,mobilevit_s,GradCAM,0.09613721361383798,0.31887979954481127,0.2227425859309733,False
369,mobilevit_s,IntegratedGradients,0.05752313705161213,0.27922239899635315,0.22169926194474102,False
369,mobilevit_s,Random,0.3080853289924562,0.27423873727821046,-0.033846591714245755,True
369,resnet50,GradCAM,0.014353399758692832,0.2239708473905921,0.20961744763189927,False
369,resnet50,IntegratedGradients,0.05276806249748916,0.05245944876223803,-0.00030861373525113006,True
369,resnet50,LRP,0.07805090760812164,0.06353446021676062,-0.014516447391361015,True
369,resnet50,Random,0.13406639751046898,0.08421145466854797,-0.049854942841921004,True
369,vit_base,Chefer-LRP,0.016815006837714468,0.20103415921330453,0.18421915237559006,False
369,vit_base,GradCAM,0.015769789996556937,0.12701949067413806,0.11124970067758112,False
369,vit_base,IntegratedGradients,0.02577289106557146,0.18209506794810296,0.1563221768825315,False
369,vit_base,Random,0.24241240173578263,0.12314863428473474,-0.11926376745104789,True
370,mobilevit_s,GradCAM,0.127219422115013,0.46667204052209854,0.3394526184070855,False
370,mobilevit_s,IntegratedGradients,0.12716960657853635,0.4502747446298599,0.32310513805132357,False
370,mobilevit_s,Random,0.4666141301393509,0.4427106812596321,-0.02390344887971879,True
370,resnet50,GradCAM,0.2293524231761694,0.4999999403953552,0.2706475172191858,False
370,resnet50,IntegratedGradients,0.44481767304241654,0.49896550029516223,0.054147827252745695,False
370,resnet50,LRP,0.17477256432175642,0.49999981820583345,0.325227253884077,False
370,resnet50,Random,0.32471635557863,0.3316942863841111,0.006977930805481092,False
370,vit_base,Chefer-LRP,0.27991070281714203,0.42005079984664917,0.14014009702950714,False
370,vit_base,GradCAM,0.2697974484413862,0.4267111256718636,0.1569136772304774,False
370,vit_base,IntegratedGradients,0.4298978433012962,0.44619608372449876,0.016298240423202548,False
370,vit_base,Random,0.4377505362033844,0.4316795036196709,-0.006071032583713498,True
371,mobilevit_s,GradCAM,0.0793480879161507,0.43988386243581773,0.360535774519667,False
371,mobilevit_s,IntegratedGradients,0.18343509812111733,0.43736543059349064,0.2539303324723733,False
371,mobilevit_s,Random,0.3340990421362221,0.33824578012863643,0.004146737992414329,False
371,resnet50,GradCAM,0.17453252993291246,0.49998389184474945,0.325451361911837,False
371,resnet50,IntegratedGradients,0.08749901708215477,0.499978694319725,0.4124796772375703,False
371,resnet50,LRP,0.09350764190312474,0.4999869495630264,0.4064793076599017,False
371,resnet50,Random,0.1491188030954618,0.28666085136355834,0.13754204826809655,False
371,vit_base,Chefer-LRP,0.08849763493053615,0.42229321748018267,0.33379558254964653,False
371,vit_base,GradCAM,0.09076981833204628,0.4026085317134857,0.3118387133814394,False
371,vit_base,IntegratedGradients,0.16255462728440762,0.4047558143734932,0.24220118708908556,False
371,vit_base,Random,0.3471993913874031,0.4054213896393776,0.05822199825197455,False
372,mobilevit_s,GradCAM,0.055849871749524035,0.46234668195247647,0.4064968102029524,False
372,mobilevit_s,IntegratedGradients,0.03877066670684144,0.42514258613809947,0.38637191943125804,False
372,mobilevit_s,Random,0.1729450244572945,0.22797257639467716,0.05502755193738265,False
372,resnet50,GradCAM,0.16031170859932897,0.4997079312801361,0.3393962226808071,False
372,resnet50,IntegratedGradients,0.15154376141726975,0.499690805375576,0.3481470439583062,False
372,resnet50,LRP,0.20951979365199805,0.4997460499405861,0.290226256288588,False
372,resnet50,Random,0.12246728162281216,0.1463132888660766,0.023846007243264453,False
372,vit_base,Chefer-LRP,0.34213943555951126,0.4022332161664963,0.06009378060698506,False
372,vit_base,GradCAM,0.4145631313323974,0.38733644187450406,-0.02722668945789336,True
372,vit_base,IntegratedGradients,0.34403796121478086,0.38329016119241716,0.03925219997763629,False
372,vit_base,Random,0.3632766306400299,0.4133449912071228,0.05006836056709291,False
373,mobilevit_s,GradCAM,0.38449433632194996,0.4526925235986709,0.06819818727672095,False
373,mobilevit_s,IntegratedGradients,0.16736206440255047,0.45683832168579097,0.2894762572832405,False
373,mobilevit_s,Random,0.3836413577198982,0.2698373392224312,-0.11380401849746702,True
373,resnet50,GradCAM,0.3651637088507414,0.49977788180112837,0.13461417295038697,False
373,resnet50,IntegratedGradients,0.4850526437163354,0.499274319410324,0.014221675693988634,False
373,resnet50,LRP,0.34736678190529346,0.49967806935310366,0.1523112874478102,False
373,resnet50,Random,0.40330013702623546,0.4154917020350695,0.01219156500883406,False
373,vit_base,Chefer-LRP,0.4012143969535828,0.40893795490264895,0.007723557949066151,False
373,vit_base,GradCAM,0.4341053068637848,0.4133299931883812,-0.020775313675403584,True
373,vit_base,IntegratedGradients,0.4144259199500083,0.4143000885844231,-0.00012583136558524943,True
373,vit_base,Random,0.43819144517183306,0.4223616227507591,-0.015829822421073947,True
374,mobilevit_s,GradCAM,0.47199929505586624,0.3288776604924351,-0.14312163456343113,True
374,mobilevit_s,IntegratedGradients,0.35808111131191256,0.47295642644166946,0.1148753151297569,False
374,mobilevit_s,Random,0.2191119841660566,0.29506652660638794,0.07595454244033134,False
374,resnet50,GradCAM,0.4454769862815738,0.4995774492621422,0.05410046298056842,False
374,resnet50,IntegratedGradients,0.49985346645116807,0.4779794216156006,-0.021874044835567485,True
374,resnet50,LRP,0.312274369597435,0.49977420866489414,0.18749983906745915,False
374,resnet50,Random,0.33249174624215816,0.30344927334226673,-0.029042472899891425,True
374,vit_base,Chefer-LRP,0.38754217997193335,0.4154644295573235,0.027922249585390135,False
374,vit_base,GradCAM,0.41113966554403303,0.42479886263608935,0.013659197092056319,False
374,vit_base,IntegratedGradients,0.428055389225483,0.4157672390341759,-0.012288150191307079,True
374,vit_base,Random,0.4009127035737038,0.41011837273836144,0.009205669164657648,False
375,mobilevit_s,GradCAM,0.0348788379371399,0.3585874825716019,0.323708644634462,False
375,mobilevit_s,IntegratedGradients,0.04542938954255078,0.3401945650577545,0.29476517551520376,False
375,mobilevit_s,Random,0.1272163656074554,0.23453666977584364,0.10732030416838825,False
375,resnet50,GradCAM,0.09036412991699762,0.49972007125616075,0.40935594133916314,False
375,resnet50,IntegratedGradients,0.0660165197434253,0.49972226917743684,0.4337057494340115,False
375,resnet50,LRP,0.03775329237687402,0.49975332766771313,0.4620000352908391,False
375,resnet50,Random,0.3719969185069204,0.4680800937116146,0.09608317520469417,False
375,vit_base,Chefer-LRP,0.21599904659669847,0.409599669277668,0.19360062268096953,False
375,vit_base,GradCAM,0.20268311225809157,0.4106897681951523,0.20800665593706072,False
375,vit_base,IntegratedGradients,0.19545090172905477,0.4267948418855667,0.23134394015651194,False
375,vit_base,Random,0.33518618047237403,0.3750269368290901,0.03984075635671608,False
376,mobilevit_s,GradCAM,0.07734106411226094,0.4753009989857674,0.39795993487350645,False
376,mobilevit_s,IntegratedGradients,0.16523551411228257,0.4167320311069489,0.25149651699466635,False
376,mobilevit_s,Random,0.24042400678299602,0.1844197907630587,-0.056004216019937325,True
376,resnet50,GradCAM,0.20024674152955416,0.4996594339609146,0.2994126924313605,False
376,resnet50,IntegratedGradients,0.2717990795150399,0.49926954954862596,0.22747047003358606,False
376,resnet50,LRP,0.11858321418985725,0.4994995832443237,0.38091636905446646,False
376,resnet50,Random,0.2526461068016943,0.3895556785166264,0.13690957171493212,False
376,vit_base,Chefer-LRP,0.3111352007836104,0.41485120058059693,0.10371599979698654,False
376,vit_base,GradCAM,0.380097208917141,0.39390889257192613,0.013811683654785134,False
376,vit_base,IntegratedGradients,0.3234298691153527,0.44304938465356825,0.11961951553821554,False
376,vit_base,Random,0.35669437074102467,0.3687821172177792,0.012087746476754535,False
377,mobilevit_s,GradCAM,0.36859476603567604,0.432223291695118,0.06362852565944194,False
377,mobilevit_s,IntegratedGradients,0.3301086979052343,0.4377294063568115,0.10762070845157723,False
377,mobilevit_s,Random,0.08205840349801292,0.06837064781429945,-0.01368775568371347,True
377,resnet50,GradCAM,0.43615109473466873,0.4993202120065689,0.06316911727190017,False
377,resnet50,IntegratedGradients,0.196477784216404,0.4993408292531967,0.30286304503679273,False
377,resnet50,LRP,0.35345449373126026,0.4987941488623619,0.14533965513110164,False
377,resnet50,Random,0.20353173863841223,0.22416231014358348,0.020630571505171252,False
377,vit_base,Chefer-LRP,0.35550512298941606,0.44274692237377167,0.08724179938435561,False
377,vit_base,GradCAM,0.41133126914501195,0.4298232138156891,0.018491944670677163,False
377,vit_base,IntegratedGradients,0.37940963134169575,0.4317719176411629,0.05236228629946715,False
377,vit_base,Random,0.3415777381509543,0.36909517198801045,0.027517433837056127,False
378,mobilevit_s,GradCAM,0.14158570822328329,0.08160988669842481,-0.059975821524858475,True
378,mobilevit_s,IntegratedGradients,0.09601093064993621,0.02634469006643485,-0.06966624058350136,True
378,mobilevit_s,Random,0.04093996371375397,0.052225356048438705,0.011285392334684737,False
378,resnet50,GradCAM,0.021570647263433784,0.03165867151692509,0.010088024253491309,False
378,resnet50,IntegratedGradients,0.08530803085304797,0.07158156922087074,-0.013726461632177236,True
378,resnet50,LRP,0.015718503505922854,0.051162604894489046,0.03544410138856619,False
378,resnet50,Random,0.07782637937925757,0.034637713478878146,-0.043188665900379425,True
378,vit_base,Chefer-LRP,0.02726355511695147,0.057864110358059405,0.030600555241107934,False
378,vit_base,GradCAM,0.032797089871019126,0.03248958494514227,-0.00030750492587685446,True
378,vit_base,IntegratedGradients,0.026027699327096344,0.0456947734579444,0.019667074130848054,False
378,vit_base,Random,0.0201120859477669,0.023192861676216123,0.003080775728449222,False
379,mobilevit_s,GradCAM,0.24799299798905852,0.4621517881751061,0.21415879018604758,False
379,mobilevit_s,IntegratedGradients,0.2107741460675243,0.4602775514125824,0.24950340534505813,False
379,mobilevit_s,Random,0.3786924749612809,0.42772949784994124,0.04903702288866035,False
379,resnet50,GradCAM,0.3743496043520282,0.4997362941503525,0.1253866897983243,False
379,resnet50,IntegratedGradients,0.2311325540125836,0.49973246902227403,0.26859991500969044,False
379,resnet50,LRP,0.2881386215565726,0.4996559739112854,0.2115173523547128,False
379,resnet50,Random,0.49776376485824586,0.37702246858534644,-0.12074129627289942,True
379,vit_base,Chefer-LRP,0.2859119610860944,0.43777837157249455,0.15186641048640015,False
379,vit_base,GradCAM,0.24031589770456777,0.4218964621424675,0.18158056443789974,False
379,vit_base,IntegratedGradients,0.44885580241680145,0.4281018599867821,-0.02075394243001938,True
379,vit_base,Random,0.4090186208486557,0.4041930735111237,-0.004825547337531988,True
380,mobilevit_s,GradCAM,0.3036094108596444,0.43038197904825215,0.12677256818860777,False
380,mobilevit_s,IntegratedGradients,0.46095007359981544,0.40875202268362043,-0.052198050916195005,True
380,mobilevit_s,Random,0.4433599397540092,0.4402050837874413,-0.0031548559665679488,True
380,resnet50,GradCAM,0.49604131281375885,0.49999284744262695,0.003951534628868103,False
380,resnet50,IntegratedGradients,0.48231570571661,0.499978968501091,0.01766326278448105,False
380,resnet50,LRP,0.43152970932424073,0.4999876767396927,0.06845796741545196,False
380,resnet50,Random,0.4402714498341083,0.4928079962730408,0.05253654643893246,False
380,vit_base,Chefer-LRP,0.4042372331023217,0.375112995505333,-0.029124237596988678,True
380,vit_base,GradCAM,0.44739838242530827,0.3641890436410904,-0.08320933878421788,True
380,vit_base,IntegratedGradients,0.336231778562069,0.41281999200582503,0.07658821344375605,False
380,vit_base,Random,0.37785271257162095,0.3403311684727669,-0.037521544098854054,True
381,mobilevit_s,GradCAM,0.41658613607287404,0.4809509605169297,0.06436482444405567,False
381,mobilevit_s,IntegratedGradients,0.4270837917923927,0.48689488023519517,0.059811088442802474,False
381,mobilevit_s,Random,0.4124726250767708,0.4404727991670371,0.028000174090266283,False
381,resnet50,GradCAM,0.3709014874184504,0.4999876886606217,0.1290862012421713,False
381,resnet50,IntegratedGradients,0.4603014126420021,0.4997519478201866,0.03945053517818453,False
381,resnet50,LRP,0.19834202361380449,0.4999838173389434,0.30164179372513894,False
381,resnet50,Random,0.4710795906605199,0.2611200507009926,-0.20995953995952732,True
381,vit_base,Chefer-LRP,0.4256591334939004,0.4374941512942314,0.011835017800331027,False
381,vit_base,GradCAM,0.4155387982726097,0.4347894951701164,0.01925069689750669,False
381,vit_base,IntegratedGradients,0.4333478718996048,0.43525359183549883,0.0019057199358940569,False
381,vit_base,Random,0.4141620591282844,0.398267275094986,-0.015894784033298415,True
382,mobilevit_s,GradCAM,0.41382620930671693,0.4470717325806618,0.033245523273944866,False
382,mobilevit_s,IntegratedGradients,0.21183486552909017,0.4440545871853829,0.2322197216562927,False
382,mobilevit_s,Random,0.46459471732378005,0.4193253546953201,-0.04526936262845993,True
382,resnet50,GradCAM,0.2627420888282359,0.4999933898448944,0.23725130101665848,False
382,resnet50,IntegratedGradients,0.1868046147748828,0.4999784201383591,0.3131738053634763,False
382,resnet50,LRP,0.19812628552317624,0.4999861061573028,0.3018598206341266,False
382,resnet50,Random,0.3432815318461508,0.3746358899399639,0.031354358093813095,False
382,vit_base,Chefer-LRP,0.257025008648634,0.40831582099199293,0.15129081234335895,False
382,vit_base,GradCAM,0.2691090248525143,0.4109057873487473,0.14179676249623296,False
382,vit_base,IntegratedGradients,0.40363784283399584,0.4193530216813087,0.015715178847312883,False
382,vit_base,Random,0.3980705067515374,0.39171818345785137,-0.006352323293686013,True
383,mobilevit_s,GradCAM,0.35456803441047674,0.4240757003426552,0.06950766593217844,False
383,mobilevit_s,IntegratedGradients,0.10996790863573551,0.39863592833280564,0.2886680196970701,False
383,mobilevit_s,Random,0.39280529916286466,0.38652301281690593,-0.006282286345958732,True
383,resnet50,GradCAM,0.2599481761455536,0.4987472683191299,0.2387990921735763,False
383,resnet50,IntegratedGradients,0.28877252973616124,0.4985567271709442,0.20978419743478294,False
383,resnet50,LRP,0.23618191070854663,0.4985474288463592,0.2623655181378126,False
383,resnet50,Random,0.30589183242991563,0.3642099336721003,0.05831810124218467,False
383,vit_base,Chefer-LRP,0.21118612997233874,0.38411830365657806,0.17293217368423933,False
383,vit_base,GradCAM,0.26791024655103685,0.38090814203023915,0.1129978954792023,False
383,vit_base,IntegratedGradients,0.32061478979885577,0.3918153196573258,0.07120052985847003,False
383,vit_base,Random,0.33834903091192237,0.3604675740003586,0.02211854308843625,False
384,mobilevit_s,GradCAM,0.2323519192636013,0.4202835589647293,0.187931639701128,False
384,mobilevit_s,IntegratedGradients,0.31983958669006823,0.47190505266189575,0.15206546597182752,False
384,mobilevit_s,Random,0.41424206048250195,0.4298458263278008,0.015603765845298823,False
384,resnet50,GradCAM,0.4027618288993836,0.49999045431613925,0.09722862541675564,False
384,resnet50,IntegratedGradients,0.4744052171707154,0.4999755591154099,0.02557034194469454,False
384,resnet50,LRP,0.4102502435445785,0.49999307394027714,0.08974283039569864,False
384,resnet50,Random,0.4437412619590759,0.44410845786333086,0.00036719590425493553,False
384,vit_base,Chefer-LRP,0.22576551092788577,0.3951583802700042,0.16939286934211845,False
384,vit_base,GradCAM,0.25084674134850504,0.4290891572833061,0.17824241593480106,False
384,vit_base,IntegratedGradients,0.3655477568507195,0.4477907374501228,0.08224298059940333,False
384,vit_base,Random,0.3967308074235916,0.4557559236884117,0.0590251162648201,False
385,mobilevit_s,GradCAM,0.13345594275742773,0.39678215980529785,0.2633262170478701,False
385,mobilevit_s,IntegratedGradients,0.2895501285791397,0.30197619199752807,0.012426063418388367,False
385,mobilevit_s,Random,0.17549054491100835,0.0732345925673144,-0.10225595234369395,True
385,resnet50,GradCAM,0.42121625244617455,0.49130260199308395,0.0700863495469094,False
385,resnet50,IntegratedGradients,0.41344611197710035,0.45973086543381214,0.04628475345671179,False
385,resnet50,LRP,0.42001218646764754,0.46694089695811275,0.04692871049046521,False
385,resnet50,Random,0.3971909262239933,0.4284465663135052,0.03125564008951187,False
385,vit_base,Chefer-LRP,0.4127699226140976,0.46652742773294453,0.053757505118846916,False
385,vit_base,GradCAM,0.3953949026763439,0.4574541822075843,0.06205927953124041,False
385,vit_base,IntegratedGradients,0.410403235256672,0.4598945565521717,0.04949132129549971,False
385,vit_base,Random,0.4200219660997391,0.4342740580439568,0.014252091944217726,False
386,mobilevit_s,GradCAM,0.12073381927330049,0.20375277549028395,0.08301895621698346,False
386,mobilevit_s,IntegratedGradients,0.02021532644284889,0.1915625475347042,0.1713472210918553,False
386,mobilevit_s,Random,0.17603479967510796,0.06479934098897502,-0.11123545868613294,True
386,resnet50,GradCAM,0.046373074315488344,0.2556934840977192,0.20932040978223085,False
386,resnet50,IntegratedGradients,0.1989353976561688,0.37596659809350963,0.17703120043734083,False
386,resnet50,LRP,0.07383030818309635,0.29914476424455644,0.22531445606146008,False
386,resnet50,Random,0.4155415862798691,0.2588181229657494,-0.15672346331411968,True
386,vit_base,Chefer-LRP,0.1418353180983104,0.20302733406424522,0.06119201596593482,False
386,vit_base,GradCAM,0.12252421057783068,0.21666970551013945,0.09414549493230877,False
386,vit_base,IntegratedGradients,0.2510123305022717,0.21755784004926682,-0.03345449045300486,True
386,vit_base,Random,0.2523572318255901,0.25081658065319057,-0.001540651172399543,True
387,mobilevit_s,GradCAM,0.28675728670787065,0.35654570907354355,0.0697884223656729,False
387,mobilevit_s,IntegratedGradients,0.06349006398813799,0.3573475793004036,0.2938575153122656,False
387,mobilevit_s,Random,0.3546424835920334,0.2850844092667103,-0.06955807432532307,True
387,resnet50,GradCAM,0.15739613035839287,0.4692213624715805,0.3118252321131877,False
387,resnet50,IntegratedGradients,0.09944105417162065,0.47463206052780155,0.3751910063561809,False
387,resnet50,LRP,0.11637223763391377,0.47241566181182854,0.3560434241779148,False
387,resnet50,Random,0.3430907395348186,0.45034654140472413,0.10725580186990552,False
387,vit_base,Chefer-LRP,0.14566657585237408,0.3458654254674912,0.20019884961511714,False
387,vit_base,GradCAM,0.17260781648219561,0.36977954953908926,0.19717173305689364,False
387,vit_base,IntegratedGradients,0.22538940772647037,0.3475211068987846,0.12213169917231426,False
387,vit_base,Random,0.35007534772157667,0.3440872743725777,-0.005988073348998979,True
388,mobilevit_s,GradCAM,0.2647761491229176,0.4716212198138237,0.20684507069090613,False
388,mobilevit_s,IntegratedGradients,0.1307655407814309,0.4744928896427154,0.34372734886128453,False
388,mobilevit_s,Random,0.403719883156009,0.43272400628775354,0.029004123131744552,False
388,resnet50,GradCAM,0.2917197212635074,0.499334916472435,0.20761519520892757,False
388,resnet50,IntegratedGradients,0.22147770711744671,0.4995764911174774,0.27809878400003063,False
388,resnet50,LRP,0.12226998404366897,0.4994065105915069,0.37713652654783797,False
388,resnet50,Random,0.4996030747890472,0.49976526647806163,0.00016219168901443481,False
388,vit_base,Chefer-LRP,0.15327587344800123,0.3868500128388405,0.2335741393908393,False
388,vit_base,GradCAM,0.21329260999336838,0.37785692960023876,0.16456431960687037,False
388,vit_base,IntegratedGradients,0.3580576989799738,0.42102203369140623,0.06296433471143242,False
388,vit_base,Random,0.35582437366247177,0.4029753983020783,0.04715102463960652,False
389,mobilevit_s,GradCAM,0.24961842000484466,0.4497880443930626,0.20016962438821792,False
389,mobilevit_s,IntegratedGradients,0.41349921822547914,0.4695852726697921,0.05608605444431297,False
389,mobilevit_s,Random,0.3580000711954199,0.29772030846215786,-0.06027976273326202,True
389,resnet50,GradCAM,0.29938800925156106,0.49999991655349735,0.2006119073019363,False
389,resnet50,IntegratedGradients,0.22484512284572702,0.4999998688697814,0.27515474602405443,False
389,resnet50,LRP,0.15957333049736916,0.49999991655349735,0.3404265860561282,False
389,resnet50,Random,0.2763801075087067,0.32107663133124814,0.04469652382254147,False
389,vit_base,Chefer-LRP,0.19638173116836702,0.4342564016580581,0.2378746704896911,False
389,vit_base,GradCAM,0.1947204140073154,0.4327908113598823,0.23807039735256688,False
389,vit_base,IntegratedGradients,0.25610645860433584,0.43561612963676455,0.1795096710324287,False
389,vit_base,Random,0.42648312151432033,0.4318583562970162,0.005375234782695859,False
390,mobilevit_s,GradCAM,0.008721007272106363,0.36577401943504817,0.35705301216294183,False
390,mobilevit_s,IntegratedGradients,0.0055300492952028435,0.18308035545051096,0.17755030615530812,False
390,mobilevit_s,Random,0.006262277968744457,0.017404715763768765,0.011142437795024308,False
390,resnet50,GradCAM,0.02489013854738005,0.48982391655445096,0.4649337780070709,False
390,resnet50,IntegratedGradients,0.024080602422873198,0.4793017119169235,0.4552211094940503,False
390,resnet50,LRP,0.024126911686653332,0.4923698380589485,0.4682429263722952,False
390,resnet50,Random,0.13235066458155417,0.06584785246923276,-0.06650281211232141,True
390,vit_base,Chefer-LRP,0.031729219655971974,0.29715261906385426,0.2654233994078823,False
390,vit_base,GradCAM,0.022144745161494943,0.3697810232639313,0.34763627810243636,False
390,vit_base,IntegratedGradients,0.02302455446042586,0.3460219606757164,0.32299740621529055,False
390,vit_base,Random,0.13712429975275883,0.2344754006713629,0.09735110091860408,False
391,mobilevit_s,GradCAM,0.44698649793863293,0.4542844533920288,0.0072979554533958435,False
391,mobilevit_s,IntegratedGradients,0.41560875005088754,0.4242708958685398,0.008662145817652234,False
391,mobilevit_s,Random,0.23732320780236482,0.3203344826411922,0.08301127483882736,False
391,resnet50,GradCAM,0.49932433664798737,0.49999595284461973,0.000671616196632363,False
391,resnet50,IntegratedGradients,0.4917677834630012,0.4999923646450043,0.008224581182003088,False
391,resnet50,LRP,0.3087066650157795,0.4999914407730103,0.1912847757572308,False
391,resnet50,Random,0.493723438680172,0.43523860499262806,-0.058484833687543925,True
391,vit_base,Chefer-LRP,0.34976475983858113,0.3843321532011032,0.03456739336252207,False
391,vit_base,GradCAM,0.3983363077044487,0.4044302925467491,0.006093984842300393,False
391,vit_base,IntegratedGradients,0.41464070677757264,0.41017531156539916,-0.004465395212173484,True
391,vit_base,Random,0.35712929219007494,0.3526086859405041,-0.0045206062495708466,True
392,mobilevit_s,GradCAM,0.13251598000642842,0.44929839223623275,0.3167824122298043,False
392,mobilevit_s,IntegratedGradients,0.11862361378152857,0.4368303507566452,0.31820673697511664,False
392,mobilevit_s,Random,0.2915071624753182,0.22106447553087494,-0.07044268694444328,True
392,resnet50,GradCAM,0.1940057472791523,0.49999941885471344,0.3059936715755611,False
392,resnet50,IntegratedGradients,0.25560077137779447,0.4999991118907929,0.2443983405129984,False
392,resnet50,LRP,0.1857020747847855,0.4999992609024048,0.3142971861176193,False
392,resnet50,Random,0.28312144904630265,0.2292199571207675,-0.053901491925535144,True
392,vit_base,Chefer-LRP,0.2631587216630578,0.3801966652274132,0.11703794356435537,False
392,vit_base,GradCAM,0.1919156831689179,0.4134944722056389,0.22157878903672099,False
392,vit_base,IntegratedGradients,0.3951781764626504,0.3950527265667915,-0.00012544989585888677,True
392,vit_base,Random,0.3828390657901764,0.37099111676216123,-0.01184794902801517,True
393,mobilevit_s,GradCAM,0.17119971843203532,0.4796053752303123,0.30840565679827703,False
393,mobilevit_s,IntegratedGradients,0.15155404071556403,0.48024591058492655,0.3286918698693625,False
393,mobilevit_s,Random,0.4779779568314552,0.4194474379808526,-0.05853051885060262,True
393,resnet50,GradCAM,0.44169229418039324,0.49999739825725553,0.05830510407686229,False
393,resnet50,IntegratedGradients,0.420041807211237,0.49999732673168185,0.07995551952044483,False
393,resnet50,LRP,0.18346654511988164,0.49999557733535765,0.316529032215476,False
393,resnet50,Random,0.34826948237430316,0.32357832881671134,-0.024691153557591827,True
393,vit_base,Chefer-LRP,0.3275445193052292,0.41974957883358005,0.09220505952835084,False
393,vit_base,GradCAM,0.36112561337649823,0.3842729613184929,0.02314734794199469,False
393,vit_base,IntegratedGradients,0.41112771034240725,0.4188334867358208,0.007705776393413577,False
393,vit_base,Random,0.40090146511793134,0.379308570921421,-0.021592894196510337,True
394,mobilevit_s,GradCAM,0.0012481825287977701,0.00014253838710374112,-0.001105644141694029,True
394,mobilevit_s,IntegratedGradients,0.00014386246825779379,0.0006622641039484735,0.0005184016356906797,False
394,mobilevit_s,Random,0.00019865495407316304,0.0001481520089555488,-5.0502945117614255e-05,True
394,resnet50,GradCAM,2.4728742164370488e-05,0.0005345595993276219,0.0005098308571632515,False
394,resnet50,IntegratedGradients,2.674562151696591e-05,0.00010065421884064563,7.390859732367972e-05,False
394,resnet50,LRP,0.00022627329162787648,3.694262752560462e-05,-0.00018933066410227185,True
394,resnet50,Random,2.9585955212496634e-05,3.404315375519218e-05,4.457198542695544e-06,False
394,vit_base,Chefer-LRP,0.001130747409479227,0.015649248519912364,0.014518501110433138,False
394,vit_base,GradCAM,0.0008791489230134177,0.027922214567661283,0.027043065644647864,False
394,vit_base,IntegratedGradients,0.0006937107442354319,0.018994835251942274,0.018301124507706844,False
394,vit_base,Random,0.005183931449209922,0.006672611575413614,0.0014886801262036916,False
395,mobilevit_s,GradCAM,0.14394671488553284,0.48866792172193524,0.3447212068364024,False
395,mobilevit_s,IntegratedGradients,0.1953322198241949,0.48935137689113617,0.29401915706694126,False
395,mobilevit_s,Random,0.34136080527678136,0.29101720776816364,-0.05034359750861772,True
395,resnet50,GradCAM,0.11821142027620228,0.4994014576077462,0.3811900373315439,False
395,resnet50,IntegratedGradients,0.10980236730247274,0.49869081079959865,0.3888884434971259,False
395,resnet50,LRP,0.043510541931027547,0.49947825819253916,0.4559677162615116,False
395,resnet50,Random,0.17022250316449572,0.13666859200584444,-0.03355391115865128,True
395,vit_base,Chefer-LRP,0.08446582844480872,0.2988818153738976,0.21441598692908886,False
395,vit_base,GradCAM,0.07540941033512355,0.26721512377262113,0.19180571343749758,False
395,vit_base,IntegratedGradients,0.15327000366523866,0.29318355917930605,0.1399135555140674,False
395,vit_base,Random,0.19216447547078133,0.2215437263250351,0.029379250854253774,False
396,mobilevit_s,GradCAM,0.2107994438178139,0.4633624240756035,0.2525629802577896,False
396,mobilevit_s,IntegratedGradients,0.11011387975740944,0.48868526667356493,0.3785713869161555,False
396,mobilevit_s,Random,0.2211694437835831,0.14521785640390591,-0.0759515873796772,True
396,resnet50,GradCAM,0.17671394502103793,0.49996169805526736,0.3232477530342294,False
396,resnet50,IntegratedGradients,0.2316964010946322,0.49997962117195127,0.2682832200773191,False
396,resnet50,LRP,0.12571419607775172,0.4999675333499909,0.3742533372722392,False
396,resnet50,Random,0.3073085794158033,0.2835106257298321,-0.023797953685971207,True
396,vit_base,Chefer-LRP,0.2269857064005919,0.4126359060406685,0.18565019964007662,False
396,vit_base,GradCAM,0.1807901801803382,0.4010158866643906,0.22022570648405237,False
396,vit_base,IntegratedGradients,0.42474974393844606,0.42479817271232606,4.842877388000488e-05,False
396,vit_base,Random,0.41814775615930555,0.42052189260721207,0.0023741364479065163,False
397,mobilevit_s,GradCAM,0.31729640550911425,0.474464724957943,0.15716831944882875,False
397,mobilevit_s,IntegratedGradients,0.24824435147456825,0.4654064357280731,0.21716208425350486,False
397,mobilevit_s,Random,0.2698310501757078,0.3087713078824891,0.03894025770678128,False
397,resnet50,GradCAM,0.48059214800596234,0.499999874830246,0.019407726824283655,False
397,resnet50,IntegratedGradients,0.4733402699232102,0.49999934732913975,0.026659077405929543,False
397,resnet50,LRP,0.46639530509710314,0.4999997675418854,0.03360446244478227,False
397,resnet50,Random,0.2983946194406599,0.4517004825174809,0.15330586307682098,False
397,vit_base,Chefer-LRP,0.4378788977861405,0.42655000388622283,-0.011328893899917647,True
397,vit_base,GradCAM,0.45883417725563047,0.4393024653196335,-0.019531711935996954,True
397,vit_base,IntegratedGradients,0.4459717392921448,0.45159867852926255,0.005626939237117767,False
397,vit_base,Random,0.4105870649218559,0.4002887845039368,-0.010298280417919137,True
398,mobilevit_s,GradCAM,0.15574711304652739,0.4594962283968926,0.3037491153503652,False
398,mobilevit_s,IntegratedGradients,0.12639651838944702,0.45647276937961573,0.3300762509901687,False
398,mobilevit_s,Random,0.26087477571472856,0.24928844766636757,-0.011586328048360989,True
398,resnet50,GradCAM,0.29908036068081856,0.4999994158744812,0.20091905519366265,False
398,resnet50,IntegratedGradients,0.437670722976327,0.499999937415123,0.06232921443879602,False
398,resnet50,LRP,0.19695830421405844,0.4999971032142639,0.30303879900020547,False
398,resnet50,Random,0.2831362257354215,0.3388348426853312,0.055698616949909685,False
398,vit_base,Chefer-LRP,0.2102165181189776,0.4388819307088852,0.2286654125899076,False
398,vit_base,GradCAM,0.2072609629482031,0.43706805258989334,0.22980708964169025,False
398,vit_base,IntegratedGradients,0.4375933647155761,0.4367959707975388,-0.0007973939180372924,True
398,vit_base,Random,0.43116593360900884,0.4035811394453049,-0.027584794163703963,True
399,mobilevit_s,GradCAM,0.22071891510859132,0.4684808999300003,0.247761984821409,False
399,mobilevit_s,IntegratedGradients,0.16491584124923978,0.4607117921113968,0.29579595086215704,False
399,mobilevit_s,Random,0.2816710927159875,0.2642380780136592,-0.01743301470232833,True
399,resnet50,GradCAM,0.2931951347738504,0.4999996066093445,0.2068044718354941,False
399,resnet50,IntegratedGradients,0.4075329221785069,0.4999984800815582,0.09246555790305133,False
399,resnet50,LRP,0.2018927099183202,0.4999995321035385,0.2981068221852183,False
399,resnet50,Random,0.373977323807776,0.38053433025488637,0.006557006447110381,False
399,vit_base,Chefer-LRP,0.2056793110445142,0.40796340107917783,0.20228409003466363,False
399,vit_base,GradCAM,0.19746764320880178,0.43887885063886645,0.24141120743006467,False
399,vit_base,IntegratedGradients,0.4173707365989685,0.44357110559940344,0.02620036900043493,False
399,vit_base,Random,0.41113583296537404,0.3748487293720245,-0.03628710359334952,True
400,mobilevit_s,GradCAM,0.07711296940688044,0.28067806027829645,0.203565090871416,False
400,mobilevit_s,IntegratedGradients,0.06497754623705988,0.10879000802524388,0.043812461788184,False
400,mobilevit_s,Random,0.0801891437760787,0.0332298727833404,-0.046959270992738306,True
400,resnet50,GradCAM,0.027655107644386594,0.08960657808929681,0.061951470444910214,False
400,resnet50,IntegratedGradients,0.05930087378801545,0.27490828894078734,0.21560741515277188,False
400,resnet50,LRP,0.017784182226751002,0.08201029840856791,0.06422611618181691,False
400,resnet50,Random,0.0837085640290752,0.07879835332278162,-0.004910210706293577,True
400,vit_base,Chefer-LRP,0.27032894771546123,0.3148302778601647,0.04450133014470348,False
400,vit_base,GradCAM,0.1627886780537665,0.28371823728084566,0.12092955922707915,False
400,vit_base,IntegratedGradients,0.2772526569664478,0.27799523174762725,0.0007425747811794503,False
400,vit_base,Random,0.2549414776265621,0.22139218840748073,-0.033549289219081374,True
401,mobilevit_s,GradCAM,0.019820160974632017,0.2246476411819458,0.20482748020731378,False
401,mobilevit_s,IntegratedGradients,0.02733781575079774,0.10382548486813904,0.0764876691173413,False
401,mobilevit_s,Random,0.016397316850634527,0.02504835218423978,0.008651035333605252,False
401,resnet50,GradCAM,0.004205677914433181,0.02932449271902442,0.02511881480459124,False
401,resnet50,IntegratedGradients,0.014386808639392259,0.005900064978050069,-0.00848674366134219,True
401,resnet50,LRP,0.02781869217287749,0.020081880781799556,-0.007736811391077934,True
401,resnet50,Random,0.03160817574243993,0.00979638493154198,-0.02181179081089795,True
401,vit_base,Chefer-LRP,0.31528594784904274,0.44230615943670276,0.12702021158766003,False
401,vit_base,GradCAM,0.4000208608806133,0.4184460639953614,0.0184252031147481,False
401,vit_base,IntegratedGradients,0.3127713656052947,0.42729516029357917,0.11452379468828444,False
401,vit_base,Random,0.3866203725337982,0.31529241814278064,-0.07132795439101758,True
402,mobilevit_s,GradCAM,0.028505146712996067,0.054380191606469445,0.02587504489347338,False
402,mobilevit_s,IntegratedGradients,0.024208613182418046,0.01298153593670577,-0.011227077245712277,True
402,mobilevit_s,Random,0.0032869365531951193,0.0028350533626507967,-0.00045188319054432265,True
402,resnet50,GradCAM,0.011356580420397222,0.15495049133896827,0.14359391091857104,False
402,resnet50,IntegratedGradients,0.016073250211775303,0.12063657343387603,0.10456332322210073,False
402,resnet50,LRP,0.01788098057731986,0.09615200050175189,0.07827101992443203,False
402,resnet50,Random,0.03971024095080794,0.03298321468755603,-0.00672702626325191,True
402,vit_base,Chefer-LRP,0.02734726881608367,0.019215311203151942,-0.008131957612931728,True
402,vit_base,GradCAM,0.01685064202174544,0.029240645095705987,0.012390003073960546,False
402,vit_base,IntegratedGradients,0.024713573046028614,0.021222126111388205,-0.003491446934640409,True
402,vit_base,Random,0.01284365584142506,0.017734890524297952,0.004891234682872891,False
403,mobilevit_s,GradCAM,0.39247167930006976,0.22804412121186035,-0.1644275580882094,True
403,mobilevit_s,IntegratedGradients,0.06880233464762568,0.21741946265101433,0.14861712800338867,False
403,mobilevit_s,Random,0.08442137185484172,0.08665492720901966,0.002233555354177935,False
403,resnet50,GradCAM,0.043972366489470005,0.4999947041273117,0.45602233763784167,False
403,resnet50,IntegratedGradients,0.057350045815110204,0.499959135055542,0.4426090892404318,False
403,resnet50,LRP,0.04589712750166655,0.4999948978424072,0.4540977703407406,False
403,resnet50,Random,0.1905038387514651,0.3175308408448473,0.1270270020933822,False
403,vit_base,Chefer-LRP,0.04220046503469348,0.38088614046573643,0.33868567543104294,False
403,vit_base,GradCAM,0.03871232136152685,0.3678282707929611,0.32911594943143424,False
403,vit_base,IntegratedGradients,0.04524909825995564,0.3173507198691368,0.27210162160918117,False
403,vit_base,Random,0.12633472424931827,0.15797676276415587,0.0316420385148376,False
404,mobilevit_s,GradCAM,0.10598250469192863,0.2100034110248089,0.10402090633288028,False
404,mobilevit_s,IntegratedGradients,0.05797798493294977,0.27768401727080344,0.21970603233785369,False
404,mobilevit_s,Random,0.12563449708904956,0.24037809520959855,0.11474359812054899,False
404,resnet50,GradCAM,0.09458069291504217,0.48968340158462526,0.3951027086695831,False
404,resnet50,IntegratedGradients,0.39286894127726557,0.3686355940997601,-0.02423334717750547,True
404,resnet50,LRP,0.05121151464991272,0.49046529233455655,0.4392537776846438,False
404,resnet50,Random,0.4581345751881599,0.19804526343941692,-0.260089311748743,True
404,vit_base,Chefer-LRP,0.030734436586499218,0.18805424124002457,0.15731980465352535,False
404,vit_base,GradCAM,0.06791018173098563,0.19909100607037541,0.13118082433938977,False
404,vit_base,IntegratedGradients,0.054452743008732804,0.13310405164957048,0.07865130864083768,False
404,vit_base,Random,0.07716733179986476,0.0755518276244402,-0.0016155041754245675,True
405,mobilevit_s,GradCAM,0.1435607462655753,0.4158168911933899,0.2722561449278146,False
405,mobilevit_s,IntegratedGradients,0.2601293988525868,0.3011877149343491,0.0410583160817623,False
405,mobilevit_s,Random,0.3552540093660354,0.34507721198751823,-0.010176797378517177,True
405,resnet50,GradCAM,0.34984884981240616,0.49995587617158893,0.15010702635918277,False
405,resnet50,IntegratedGradients,0.38228716556914155,0.4999731987714767,0.11768603320233517,False
405,resnet50,LRP,0.3140018536476419,0.4999647378921509,0.18596288424450902,False
405,resnet50,Random,0.4763523280620575,0.48991714268922804,0.013564814627170518,False
405,vit_base,Chefer-LRP,0.2856170546263457,0.4414370387792587,0.15581998415291304,False
405,vit_base,GradCAM,0.2954779272899032,0.4421065405011177,0.1466286132112145,False
405,vit_base,IntegratedGradients,0.45079921334981915,0.4383555352687835,-0.012443678081035636,True
405,vit_base,Random,0.43772292137145996,0.41959872692823413,-0.018124194443225827,True
406,mobilevit_s,GradCAM,0.016823906614445147,0.014553414098918437,-0.0022704925155267106,True
406,mobilevit_s,IntegratedGradients,0.007973552821204067,0.016367958160117265,0.008394405338913198,False
406,mobilevit_s,Random,0.003566468571079895,0.003276499715866521,-0.0002899688552133739,True
406,resnet50,GradCAM,0.0003682692272377608,1.005615993108222e-05,-0.0003582130673066786,True
406,resnet50,IntegratedGradients,0.00015054059435897215,6.185973297760937e-05,-8.868086138136277e-05,True
406,resnet50,LRP,0.002064303505085263,0.0002475617092386528,-0.0018167417958466102,True
406,resnet50,Random,0.004108450834610266,0.002391513046950422,-0.001716937787659844,True
406,vit_base,Chefer-LRP,0.03425712641328574,0.05703656096011401,0.02277943454682827,False
406,vit_base,GradCAM,0.024339916231110693,0.060163131356239324,0.035823215125128635,False
406,vit_base,IntegratedGradients,0.03324633752927184,0.030817168066278103,-0.002429169462993739,True
406,vit_base,Random,0.025883889757096767,0.01678832769393921,-0.009095562063157557,True
407,mobilevit_s,GradCAM,0.010476147051667795,0.030454970430582765,0.01997882337891497,False
407,mobilevit_s,IntegratedGradients,0.017617143760435286,0.023643570062995427,0.0060264263025601415,False
407,mobilevit_s,Random,0.0196001554148097,0.009332376049678714,-0.010267779365130987,True
407,resnet50,GradCAM,0.08951960703416263,0.1638249883428216,0.07430538130865898,False
407,resnet50,IntegratedGradients,0.012032332284434233,0.17734859995543956,0.16531626767100532,False
407,resnet50,LRP,0.008231617626734078,0.2522670429199934,0.24403542529325933,False
407,resnet50,Random,0.013902912556659429,0.013732583835371771,-0.00017032872128765718,True
407,vit_base,Chefer-LRP,0.14310609875246885,0.2694984346628189,0.12639233591035007,False
407,vit_base,GradCAM,0.06863023696932942,0.18280435521155597,0.11417411824222655,False
407,vit_base,IntegratedGradients,0.09057178882649168,0.1800814962014556,0.08950970737496393,False
407,vit_base,Random,0.05336846906575375,0.0983356655924581,0.04496719652670435,False
408,mobilevit_s,GradCAM,0.38044599853456024,0.48167140036821365,0.10122540183365342,False
408,mobilevit_s,IntegratedGradients,0.27303034365177153,0.4269792437553406,0.15394890010356904,False
408,mobilevit_s,Random,0.11162603198026774,0.21570732695399786,0.10408129497373012,False
408,resnet50,GradCAM,0.5,0.5,0.0,False
408,resnet50,IntegratedGradients,0.4999997109174728,0.5,2.890825271939512e-07,False
408,resnet50,LRP,0.4999252930283547,0.49999997317790984,7.468014955513969e-05,False
408,resnet50,Random,0.38580214685207465,0.45990586280822754,0.0741037159561529,False
408,vit_base,Chefer-LRP,0.4471309453248978,0.4627390086650848,0.015608063340186995,False
408,vit_base,GradCAM,0.32460825145244604,0.45421794801950455,0.1296096965670585,False
408,vit_base,IntegratedGradients,0.39081563949584963,0.4465040355920792,0.05568839609622955,False
408,vit_base,Random,0.3248672347515822,0.29073087908327583,-0.03413635566830636,True
409,mobilevit_s,GradCAM,0.4248329997062683,0.4429320052266121,0.01809900552034377,False
409,mobilevit_s,IntegratedGradients,0.33497413955628874,0.3983642905950546,0.06339015103876589,False
409,mobilevit_s,Random,0.4068623282015324,0.3464262258727104,-0.06043610232882202,True
409,resnet50,GradCAM,0.32349049858748913,0.4999999225139618,0.17650942392647267,False
409,resnet50,IntegratedGradients,0.499962131679058,0.49999981820583345,3.768652677543782e-05,False
409,resnet50,LRP,0.34116193484514956,0.49999995231628425,0.15883801747113468,False
409,resnet50,Random,0.49994139224290846,0.49588565081357955,-0.004055741429328907,True
409,vit_base,Chefer-LRP,0.36666018739342693,0.43748310506343846,0.07082291767001153,False
409,vit_base,GradCAM,0.3747101858258247,0.43540130108594893,0.06069111526012422,False
409,vit_base,IntegratedGradients,0.4287535175681114,0.4408992975950241,0.01214578002691269,False
409,vit_base,Random,0.4133400321006775,0.40079365372657777,-0.01254637837409972,True
410,mobilevit_s,GradCAM,0.024580797104863453,0.38495221734046936,0.3603714202356059,False
410,mobilevit_s,IntegratedGradients,0.06944934672210366,0.08478832871187479,0.015338981989771128,False
410,mobilevit_s,Random,0.08175146716994278,0.038925396405102224,-0.04282607076484055,True
410,resnet50,GradCAM,0.08937785965390505,0.4603705763816833,0.3709927167277783,False
410,resnet50,IntegratedGradients,0.04331366540154704,0.41530933976173406,0.37199567436018705,False
410,resnet50,LRP,0.05965200038626789,0.4898560121655464,0.43020401177927853,False
410,resnet50,Random,0.1373059399891645,0.10552277667067357,-0.03178316331849092,True
410,vit_base,Chefer-LRP,0.1885265037417412,0.4076964586973191,0.21916995495557787,False
410,vit_base,GradCAM,0.22399926446378232,0.4011412873864174,0.1771420229226351,False
410,vit_base,IntegratedGradients,0.32581218630075454,0.3479388579726219,0.02212667167186738,False
410,vit_base,Random,0.2937686357647181,0.3418082277290523,0.04803959196433416,False
411,mobilevit_s,GradCAM,0.006482250709086656,0.0986870851367712,0.09220483442768454,False
411,mobilevit_s,IntegratedGradients,0.003209703171160072,0.04055380672216415,0.03734410355100408,False
411,mobilevit_s,Random,0.009355287460493855,0.014984539907891305,0.00562925244739745,False
411,resnet50,GradCAM,0.006669265491655097,0.12055762112140656,0.11388835562975146,False
411,resnet50,IntegratedGradients,0.030045820138184357,0.04896732158958912,0.018921501451404765,False
411,resnet50,LRP,0.011799508263356984,0.1073906932026148,0.0955911849392578,False
411,resnet50,Random,0.010474081157008186,0.01632241078768857,0.005848329630680384,False
411,vit_base,Chefer-LRP,0.0036142291093710813,0.03481928389519453,0.031205054785823447,False
411,vit_base,GradCAM,0.0038338335492881024,0.10953827258199454,0.10570443903270645,False
411,vit_base,IntegratedGradients,0.02551647477084771,0.051931361854076395,0.026414887083228686,False
411,vit_base,Random,0.006683236954268069,0.020290301390923558,0.013607064436655488,False
412,mobilevit_s,GradCAM,0.058654980085611895,0.19539018720388412,0.13673520711827222,False
412,mobilevit_s,IntegratedGradients,0.10450638396723663,0.1521388553082943,0.047632471341057664,False
412,mobilevit_s,Random,0.13883179660188036,0.13637106508540453,-0.002460731516475828,True
412,resnet50,GradCAM,0.08446565872618522,0.24852903038263321,0.164063371656448,False
412,resnet50,IntegratedGradients,0.08539598533534444,0.25269098579883575,0.16729500046349133,False
412,resnet50,LRP,0.09550106207316275,0.24538828060030937,0.14988721852714662,False
412,resnet50,Random,0.11235087090417437,0.3016955844355834,0.18934471353140905,False
412,vit_base,Chefer-LRP,0.03327016794646624,0.09052349999547005,0.057253332049003805,False
412,vit_base,GradCAM,0.05041828132234514,0.09268001802265645,0.04226173670031131,False
412,vit_base,IntegratedGradients,0.08689097426831723,0.1024900894612074,0.015599115192890173,False
412,vit_base,Random,0.07407249473035336,0.10187801681458951,0.027805522084236145,False
413,mobilevit_s,GradCAM,0.022231118875788526,0.2150344617664814,0.19280334289069287,False
413,mobilevit_s,IntegratedGradients,0.07858958173310385,0.14565385207533837,0.06706427034223453,False
413,mobilevit_s,Random,0.038901101564988494,0.06365331663400868,0.024752215069020186,False
413,resnet50,GradCAM,0.12302581013063901,0.48893745392560956,0.36591164379497054,False
413,resnet50,IntegratedGradients,0.17633982510160426,0.43637786954641344,0.26003804444480916,False
413,resnet50,LRP,0.14617184827948224,0.4711988627910614,0.3250270145115791,False
413,resnet50,Random,0.22679136507213116,0.13527271635830404,-0.09151864871382712,True
413,vit_base,Chefer-LRP,0.0686378963291645,0.21029975712299348,0.14166186079382898,False
413,vit_base,GradCAM,0.06750669777393341,0.2521474815905094,0.184640783816576,False
413,vit_base,IntegratedGradients,0.20385744497179983,0.22522231340408325,0.021364868432283413,False
413,vit_base,Random,0.2223225988447666,0.22539817690849304,0.0030755780637264363,False
414,mobilevit_s,GradCAM,0.37189279645681383,0.4700756952166557,0.09818289875984187,False
414,mobilevit_s,IntegratedGradients,0.24695659211065504,0.44937451928853983,0.2024179271778848,False
414,mobilevit_s,Random,0.18988025562139227,0.14895475477314907,-0.0409255008482432,True
414,resnet50,GradCAM,0.17544871037825943,0.4877054288983345,0.3122567185200751,False
414,resnet50,IntegratedGradients,0.35672732740640645,0.4502645060420037,0.09353717863559724,False
414,resnet50,LRP,0.11686399076133966,0.4930878311395645,0.37622384037822487,False
414,resnet50,Random,0.33965294305235144,0.29301489889621735,-0.046638044156134095,True
414,vit_base,Chefer-LRP,0.23845168128609656,0.4185477986931801,0.18009611740708353,False
414,vit_base,GradCAM,0.2896734803915024,0.41115970313549044,0.12148622274398801,False
414,vit_base,IntegratedGradients,0.31243232488632205,0.39744261652231216,0.08501029163599011,False
414,vit_base,Random,0.3364431321620941,0.36009467542171475,0.023651543259620655,False
415,mobilevit_s,GradCAM,0.10672993217594924,0.13348425338626838,0.026754321210319135,False
415,mobilevit_s,IntegratedGradients,0.17336254622787237,0.265211720764637,0.09184917453676464,False
415,mobilevit_s,Random,0.20311030203010888,0.1654075905797072,-0.03770271145040169,True
415,resnet50,GradCAM,0.20585241695516743,0.49990787059068686,0.29405545363551944,False
415,resnet50,IntegratedGradients,0.272934896091465,0.49968840479850773,0.22675350870704275,False
415,resnet50,LRP,0.23506023864028977,0.49981945008039474,0.26475921144010495,False
415,resnet50,Random,0.2987612288910896,0.235955242838827,-0.06280598605226259,True
415,vit_base,Chefer-LRP,0.26175049194134775,0.4260218665003776,0.16427137455902985,False
415,vit_base,GradCAM,0.3706901364028454,0.43813272565603256,0.06744258925318714,False
415,vit_base,IntegratedGradients,0.38933118944987655,0.43749174028635024,0.04816055083647369,False
415,vit_base,Random,0.42115401923656465,0.4384576842188835,0.017303664982318834,False
416,mobilevit_s,GradCAM,0.09083588564535604,0.469859179854393,0.37902329420903696,False
416,mobilevit_s,IntegratedGradients,0.10353095378086437,0.46656845808029174,0.3630375042994274,False
416,mobilevit_s,Random,0.1244582432875177,0.14401487279683353,0.01955662950931583,False
416,resnet50,GradCAM,0.3153019941295498,0.4999995738267899,0.1846975796972401,False
416,resnet50,IntegratedGradients,0.4662494957447052,0.49960832893848417,0.03335883319377897,False
416,resnet50,LRP,0.19327832422277424,0.4999997198581696,0.30672139563539536,False
416,resnet50,Random,0.45859471354633574,0.32085727029480043,-0.1377374432515353,True
416,vit_base,Chefer-LRP,0.2520136798149906,0.4367000177502632,0.18468633793527256,False
416,vit_base,GradCAM,0.18206620728597045,0.43261464536190036,0.2505484380759299,False
416,vit_base,IntegratedGradients,0.4551420629024506,0.4092749416828156,-0.04586712121963499,True
416,vit_base,Random,0.43792875707149503,0.4534728690981865,0.015544112026691481,False
417,mobilevit_s,GradCAM,0.1692977395839989,0.4587807223200798,0.2894829827360809,False
417,mobilevit_s,IntegratedGradients,0.31195738920832816,0.4429654255509376,0.13100803634260944,False
417,mobilevit_s,Random,0.37112196543021125,0.4452094353735447,0.07408746994333343,False
417,resnet50,GradCAM,0.31053487565368415,0.4999981909990311,0.18946331534534694,False
417,resnet50,IntegratedGradients,0.39496273137629034,0.4999965071678162,0.10503377579152584,False
417,resnet50,LRP,0.21699110451154413,0.4999985098838806,0.2830074053723365,False
417,resnet50,Random,0.4310488104820252,0.43213062770664695,0.0010818172246217506,False
417,vit_base,Chefer-LRP,0.2412033459637314,0.4249456271529198,0.18374228118918837,False
417,vit_base,GradCAM,0.24134412556886675,0.4155664131045342,0.17422228753566743,False
417,vit_base,IntegratedGradients,0.4085290774703026,0.42459302246570585,0.016063944995403256,False
417,vit_base,Random,0.4190776839852333,0.4150355890393257,-0.004042094945907626,True
418,mobilevit_s,GradCAM,0.33394407257437714,0.449513566493988,0.11556949391961086,False
418,mobilevit_s,IntegratedGradients,0.23671430367976432,0.4826605096459389,0.24594620596617456,False
418,mobilevit_s,Random,0.20749254878610374,0.214677095040679,0.007184546254575264,False
418,resnet50,GradCAM,0.4958408400416374,0.4999999284744263,0.004159088432788893,False
418,resnet50,IntegratedGradients,0.498396073281765,0.49611919820308686,-0.002276875078678131,True
418,resnet50,LRP,0.2720566757023335,0.4999999284744262,0.2279432527720927,False
418,resnet50,Random,0.45664062462747096,0.44743277002125986,-0.009207854606211097,True
418,vit_base,Chefer-LRP,0.28899698480963704,0.41392357647418976,0.12492659166455272,False
418,vit_base,GradCAM,0.36169015495106577,0.4188775941729545,0.057187439221888736,False
418,vit_base,IntegratedGradients,0.4191459238529205,0.4219526290893555,0.002806705236435003,False
418,vit_base,Random,0.3860132470726967,0.39658500999212276,0.010571762919426075,False
419,mobilevit_s,GradCAM,0.2999855473637581,0.41181717365980147,0.11183162629604337,False
419,mobilevit_s,IntegratedGradients,0.35284334495663644,0.44669344872236255,0.09385010376572611,False
419,mobilevit_s,Random,0.3526846455410123,0.3250892366748304,-0.027595408866181892,True
419,resnet50,GradCAM,0.3595866352319717,0.48984340727329256,0.13025677204132086,False
419,resnet50,IntegratedGradients,0.48644776195287703,0.42206129729747777,-0.06438646465539927,True
419,resnet50,LRP,0.2724779911339283,0.49361544400453566,0.22113745287060738,False
419,resnet50,Random,0.3050317771732807,0.30210948716849095,-0.0029222900047897737,True
419,vit_base,Chefer-LRP,0.3645446240901947,0.38104007840156556,0.01649545431137084,False
419,vit_base,GradCAM,0.28850925192236904,0.4303830027580261,0.14187375083565706,False
419,vit_base,IntegratedGradients,0.3979831516742707,0.37807148247957234,-0.019911669194698334,True
419,vit_base,Random,0.3631918899714947,0.37362730056047433,0.010435410588979621,False
420,mobilevit_s,GradCAM,0.019930515242231196,0.05526769566349685,0.03533718042126566,False
420,mobilevit_s,IntegratedGradients,0.019231441078591163,0.1290053960867226,0.10977395500813143,False
420,mobilevit_s,Random,0.040488582372199745,0.041993639327120046,0.0015050569549203002,False
420,resnet50,GradCAM,0.04076287826756015,0.4979226037859916,0.4571597255184315,False
420,resnet50,IntegratedGradients,0.03104732444917318,0.49889859110116963,0.46785126665199644,False
420,resnet50,LRP,0.03560359054245055,0.4983757749199867,0.46277218437753614,False
420,resnet50,Random,0.46172238588333125,0.1585519547981676,-0.3031704310851636,True
420,vit_base,Chefer-LRP,0.07365011420915837,0.4380732238292695,0.36442310962011115,False
420,vit_base,GradCAM,0.05964189204387367,0.363048143684864,0.30340625164099033,False
420,vit_base,IntegratedGradients,0.17035575658082963,0.44169744700193414,0.2713416904211045,False
420,vit_base,Random,0.392677254229784,0.4083080142736435,0.015630760043859493,False
421,mobilevit_s,GradCAM,0.05306724794209004,0.07967308387160302,0.026605835929512975,False
421,mobilevit_s,IntegratedGradients,0.0478151086717844,0.07531762830913066,0.027502519637346262,False
421,mobilevit_s,Random,0.04763028378947638,0.04840094471583144,0.0007706609263550546,False
421,resnet50,GradCAM,1.1774884626447598e-06,1.8396278313126398e-06,6.6213936866788e-07,False
421,resnet50,IntegratedGradients,0.0016470972377135237,8.796075677253155e-06,-0.0016383011620362705,True
421,resnet50,LRP,0.004225823124721728,4.003573423005946e-07,-0.004225422767379427,True
421,resnet50,Random,0.06331861106749558,0.05448906781940651,-0.008829543248089065,True
421,vit_base,Chefer-LRP,0.01917858337983489,0.020966909732669594,0.0017883263528347057,False
421,vit_base,GradCAM,0.024343610182404517,0.019911407399922608,-0.004432202782481909,True
421,vit_base,IntegratedGradients,0.032242923695594075,0.023413047939538953,-0.008829875756055122,True
421,vit_base,Random,0.031663428712636235,0.038867338281124826,0.007203909568488591,False
422,mobilevit_s,GradCAM,0.20686361198313535,0.4644496694207192,0.25758605743758384,False
422,mobilevit_s,IntegratedGradients,0.1619023381562329,0.4574098870158195,0.29550754885958663,False
422,mobilevit_s,Random,0.2553241020674477,0.24393273358505213,-0.01139136848239558,True
422,resnet50,GradCAM,0.14549117832939373,0.49998217225074765,0.3544909939213539,False
422,resnet50,IntegratedGradients,0.44911074638366705,0.4999642342329025,0.050853487849235435,False
422,resnet50,LRP,0.0829020854900591,0.49998784363269805,0.41708575814263893,False
422,resnet50,Random,0.4069500286132097,0.4975619226694107,0.09061189405620096,False
422,vit_base,Chefer-LRP,0.2689007941866294,0.4092890575528145,0.1403882633661851,False
422,vit_base,GradCAM,0.24770857566036286,0.41782107949256897,0.1701125038322061,False
422,vit_base,IntegratedGradients,0.38507749885320663,0.4284652292728424,0.043387730419635784,False
422,vit_base,Random,0.3843484148383141,0.34736830443143846,-0.036980110406875655,True
423,mobilevit_s,GradCAM,0.2739348754286766,0.3331283852458,0.0591935098171234,False
423,mobilevit_s,IntegratedGradients,0.1384926888160408,0.4841268837451935,0.3456341949291527,False
423,mobilevit_s,Random,0.4125538000836969,0.3318185248412192,-0.0807352752424777,True
423,resnet50,GradCAM,0.4944936528801918,0.49990530312061315,0.00541165024042134,False
423,resnet50,IntegratedGradients,0.38943770900368685,0.49979059398174286,0.11035288497805601,False
423,resnet50,LRP,0.4137932792305946,0.4998613819479943,0.08606810271739967,False
423,resnet50,Random,0.4082130778580904,0.3497163705527782,-0.0584967073053122,True
423,vit_base,Chefer-LRP,0.3340335234999657,0.4507177516818046,0.11668422818183893,False
423,vit_base,GradCAM,0.34932301491498946,0.45629513859748844,0.10697212368249898,False
423,vit_base,IntegratedGradients,0.3866643361747265,0.4527564212679863,0.06609208509325981,False
423,vit_base,Random,0.46480990052223203,0.440479888021946,-0.024330012500286047,True
424,mobilevit_s,GradCAM,0.04983714082336519,0.4018069565296173,0.3519698157062521,False
424,mobilevit_s,IntegratedGradients,0.21447744444012645,0.3644435822963714,0.14996613785624496,False
424,mobilevit_s,Random,0.26819681813940405,0.2956387442885899,0.027441926149185836,False
424,resnet50,GradCAM,0.1930253055499634,0.49999390542507177,0.3069685998751084,False
424,resnet50,IntegratedGradients,0.3871162489056587,0.49696130901575086,0.10984506011009215,False
424,resnet50,LRP,0.07130214874632657,0.49998995661735535,0.4286878078710288,False
424,resnet50,Random,0.4350214824080468,0.26442356670740996,-0.17059791570063682,True
424,vit_base,Chefer-LRP,0.08539167726412417,0.3910822406411171,0.3056905633769929,False
424,vit_base,GradCAM,0.06610435785260052,0.38552454411983494,0.31942018626723445,False
424,vit_base,IntegratedGradients,0.41155051738023757,0.36682899445295336,-0.04472152292728421,True
424,vit_base,Random,0.3318227350711823,0.3869011417031288,0.055078406631946464,False
425,mobilevit_s,GradCAM,0.04493564011063428,0.46258347779512404,0.41764783768448976,False
425,mobilevit_s,IntegratedGradients,0.11154390651499853,0.44507320672273637,0.33352930020773786,False
425,mobilevit_s,Random,0.1890026490902528,0.14509214697172867,-0.043910502118524125,True
425,resnet50,GradCAM,0.17725017510820185,0.4999921023845673,0.32274192727636547,False
425,resnet50,IntegratedGradients,0.10629517699126152,0.4999906957149506,0.3936955187236891,False
425,resnet50,LRP,0.14059587939409537,0.4999945223331451,0.3593986429390498,False
425,resnet50,Random,0.206170817441307,0.2886344728758559,0.08246365543454892,False
425,vit_base,Chefer-LRP,0.09617442644666883,0.4097067698836327,0.31353234343696385,False
425,vit_base,GradCAM,0.06780176190659404,0.40731754899024963,0.3395157870836556,False
425,vit_base,IntegratedGradients,0.15086583122611044,0.43826467990875245,0.287398848682642,False
425,vit_base,Random,0.4055571779608727,0.414421920478344,0.008864742517471269,False
426,mobilevit_s,GradCAM,0.06333760888664984,0.4414427146315575,0.37810510574490763,False
426,mobilevit_s,IntegratedGradients,0.17300634756684305,0.43151267170906066,0.25850632414221764,False
426,mobilevit_s,Random,0.23431064458563927,0.20401790798641745,-0.030292736599221826,True
426,resnet50,GradCAM,0.29237381443381305,0.4999513179063797,0.20757750347256665,False
426,resnet50,IntegratedGradients,0.32161956913769246,0.49985263198614127,0.1782330628484488,False
426,resnet50,LRP,0.2718323118053377,0.49990993142127993,0.22807761961594225,False
426,resnet50,Random,0.36599149657413366,0.31671682409512414,-0.04927467247900952,True
426,vit_base,Chefer-LRP,0.29638941511511807,0.4021336987614632,0.10574428364634514,False
426,vit_base,GradCAM,0.1719410526682623,0.4038140907883644,0.2318730381201021,False
426,vit_base,IntegratedGradients,0.32831975296139715,0.41090358048677444,0.0825838275253773,False
426,vit_base,Random,0.3982761040329934,0.373404660820961,-0.024871443212032385,True
427,mobilevit_s,GradCAM,0.0282024673106207,0.46038166582584383,0.43217919851522313,False
427,mobilevit_s,IntegratedGradients,0.03157272567959808,0.47391564846038814,0.44234292278079007,False
427,mobilevit_s,Random,0.10661063784282306,0.12674226694580285,0.02013162910297979,False
427,resnet50,GradCAM,0.07546200830838642,0.4097799077630043,0.3343178994546179,False
427,resnet50,IntegratedGradients,0.024499624280724674,0.40497276112437247,0.3804731368436478,False
427,resnet50,LRP,0.02019943913910538,0.3768337324261665,0.35663429328706114,False
427,resnet50,Random,0.15175898381858133,0.09278780851163902,-0.058971175306942306,True
427,vit_base,Chefer-LRP,0.07716545360162856,0.19222235158085824,0.11505689797922967,False
427,vit_base,GradCAM,0.06411064167041333,0.2155958481132984,0.15148520644288507,False
427,vit_base,IntegratedGradients,0.15579254105687143,0.16941711232066153,0.013624571263790103,False
427,vit_base,Random,0.18660412803292276,0.18256235085427763,-0.004041777178645123,True
428,mobilevit_s,GradCAM,0.006517423887271434,0.22016411032527683,0.21364668643800538,False
428,mobilevit_s,IntegratedGradients,0.014415533887222408,0.07815515566617251,0.0637396217789501,False
428,mobilevit_s,Random,0.1518733964301646,0.11103564137592913,-0.04083775505423547,True
428,resnet50,GradCAM,0.00021727127438353475,0.00013082923615002074,-8.644203823351401e-05,True
428,resnet50,IntegratedGradients,0.0005845157277178713,0.0003918160247849301,-0.0001926997029329412,True
428,resnet50,LRP,0.001012459705088986,0.002005386706150603,0.000992927001061617,False
428,resnet50,Random,0.0010068324918393046,0.002334795270871836,0.0013279627790325314,False
428,vit_base,Chefer-LRP,0.01620271399151534,0.10040884166955948,0.08420612767804414,False
428,vit_base,GradCAM,0.009606435155728834,0.11077032461762429,0.10116388946189546,False
428,vit_base,IntegratedGradients,0.01714104280108586,0.10867967382073401,0.09153863101964815,False
428,vit_base,Random,0.1564388796687126,0.14770436957478525,-0.008734510093927339,True
429,mobilevit_s,GradCAM,0.060182185284793376,0.42187989503145223,0.3616977097466589,False
429,mobilevit_s,IntegratedGradients,0.03011247969698161,0.36795715242624283,0.3378446727292612,False
429,mobilevit_s,Random,0.12685849964618684,0.06228278897469865,-0.06457571067148819,True
429,resnet50,GradCAM,0.004843043590153683,0.15118479430675508,0.14634175071660138,False
429,resnet50,IntegratedGradients,0.007002146367449314,0.340792679041624,0.3337905326741747,False
429,resnet50,LRP,0.006018712813965977,0.3462791614234448,0.3402604486094788,False
429,resnet50,Random,0.21165761852171278,0.041500569781055686,-0.1701570487406571,True
429,vit_base,Chefer-LRP,0.01308243357343599,0.20828462243080137,0.19520218885736537,False
429,vit_base,GradCAM,0.012715133134042846,0.15037282183766368,0.13765768870362083,False
429,vit_base,IntegratedGradients,0.03678184813761619,0.2609427087008953,0.2241608605632791,False
429,vit_base,Random,0.2905371583998203,0.20455260202288628,-0.08598455637693403,True
430,mobilevit_s,GradCAM,0.06913391629350372,0.03644867641851307,-0.032685239874990654,True
430,mobilevit_s,IntegratedGradients,0.028576461414922965,0.03445998392999172,0.005883522515068757,False
430,mobilevit_s,Random,0.08136063272540923,0.09252107412903568,0.011160441403626445,False
430,resnet50,GradCAM,0.16057567820535043,0.49881579726934433,0.33824011906399387,False
430,resnet50,IntegratedGradients,0.43451149836182595,0.4869988977909088,0.05248739942908287,False
430,resnet50,LRP,0.15955769555584992,0.4980556577444077,0.33849796218855777,False
430,resnet50,Random,0.19019010442425502,0.3026303198188543,0.11244021539459928,False
430,vit_base,Chefer-LRP,0.1079309965367429,0.3084031492471695,0.2004721527104266,False
430,vit_base,GradCAM,0.059861522456049,0.3396826580166817,0.2798211355606327,False
430,vit_base,IntegratedGradients,0.20884631797671319,0.32693562209606175,0.11808930411934856,False
430,vit_base,Random,0.2305813801067416,0.2074435919523239,-0.023137788154417693,True
431,mobilevit_s,GradCAM,0.06238274860806997,0.39018951952457426,0.3278067709165043,False
431,mobilevit_s,IntegratedGradients,0.0459802013981971,0.33727674931287766,0.29129654791468057,False
431,mobilevit_s,Random,0.12895205402601279,0.1615301600962994,0.032578106070286605,False
431,resnet50,GradCAM,0.1900238277652534,0.4997109815478325,0.3096871537825791,False
431,resnet50,IntegratedGradients,0.4694525398313999,0.44830038482323287,-0.02115215500816703,True
431,resnet50,LRP,0.07576937151607127,0.49976529330015185,0.4239959217840806,False
431,resnet50,Random,0.3172713213018142,0.27571523645892737,-0.04155608484288681,True
431,vit_base,Chefer-LRP,0.12149132827762514,0.3481765583157539,0.22668523003812874,False
431,vit_base,GradCAM,0.11241399655118586,0.3369992777705193,0.22458528121933344,False
431,vit_base,IntegratedGradients,0.35982625335454943,0.32833488658070564,-0.03149136677384379,True
431,vit_base,Random,0.3265964977443218,0.32976780384778975,0.0031713061034679413,False
432,mobilevit_s,GradCAM,0.3215332567691803,0.4565428093075752,0.13500955253839486,False
432,mobilevit_s,IntegratedGradients,0.23364952956326307,0.27475527897477153,0.04110574941150846,False
432,mobilevit_s,Random,0.21196347689256076,0.2450808314373717,0.033117354544810934,False
432,resnet50,GradCAM,0.4955637082457543,0.4999304056167602,0.004366697371005923,False
432,resnet50,IntegratedGradients,0.40073576979339126,0.4998046144843102,0.09906884469091892,False
432,resnet50,LRP,0.44159923940896983,0.49989214837551116,0.058292908966541324,False
432,resnet50,Random,0.39599649157316896,0.34106344243336933,-0.05493304913979963,True
432,vit_base,Chefer-LRP,0.4145170629024506,0.41700935661792754,0.0024922937154769342,False
432,vit_base,GradCAM,0.43203108012676233,0.4055685445666313,-0.026462535560131062,True
432,vit_base,IntegratedGradients,0.40865367501974104,0.4337320998311043,0.025078424811363242,False
432,vit_base,Random,0.4380712762475013,0.43628025203943255,-0.0017910242080687588,True
433,mobilevit_s,GradCAM,0.06909803917260435,0.15500800535082818,0.08590996617822383,False
433,mobilevit_s,IntegratedGradients,0.12475385938887487,0.28704975135624416,0.1622958919673693,False
433,mobilevit_s,Random,0.0792189606345346,0.0478938640699198,-0.031325096564614796,True
433,resnet50,GradCAM,0.3721751816570759,0.4978222191333771,0.12564703747630118,False
433,resnet50,IntegratedGradients,0.2589985597878695,0.4528395026922227,0.19384094290435316,False
433,resnet50,LRP,0.2002087646164,0.48068663924932475,0.28047787463292473,False
433,resnet50,Random,0.2725982074858621,0.1732491145376116,-0.0993490929482505,True
433,vit_base,Chefer-LRP,0.28340678871609276,0.42540843933820727,0.1420016506221145,False
433,vit_base,GradCAM,0.26168840005993843,0.42241582572460173,0.1607274256646633,False
433,vit_base,IntegratedGradients,0.3992233693599701,0.4162908419966698,0.01706747263669972,False
433,vit_base,Random,0.3119593640789389,0.3631859615445137,0.051226597465574786,False
434,mobilevit_s,GradCAM,0.1436372151016258,0.4631483167409898,0.31951110163936397,False
434,mobilevit_s,IntegratedGradients,0.08908048981502359,0.4719084739685059,0.3828279841534823,False
434,mobilevit_s,Random,0.2983786290307762,0.23065507547144082,-0.0677235535593354,True
434,resnet50,GradCAM,0.26783258505165575,0.49771358668804166,0.22988100163638592,False
434,resnet50,IntegratedGradients,0.30624917456880213,0.49686951935291296,0.19062034478411083,False
434,resnet50,LRP,0.1451854481598357,0.4981964975595474,0.35301104939971173,False
434,resnet50,Random,0.25274489650037135,0.2902029620017857,0.03745806550141434,False
434,vit_base,Chefer-LRP,0.23350473493337634,0.3688992440700531,0.13539450913667675,False
434,vit_base,GradCAM,0.17216395139694216,0.36158757060766217,0.18942361921072,False
434,vit_base,IntegratedGradients,0.3583453387022019,0.348285274207592,-0.010060064494609944,True
434,vit_base,Random,0.3085447534918786,0.3241831839084625,0.015638430416583915,False
435,mobilevit_s,GradCAM,0.0314805374306161,0.19508534148335457,0.16360480405273847,False
435,mobilevit_s,IntegratedGradients,0.02161333606345579,0.14318999601528049,0.12157665995182469,False
435,mobilevit_s,Random,0.04225323145074072,0.0672739829742568,0.02502075152351608,False
435,resnet50,GradCAM,0.07350144084266505,0.28361556604504584,0.2101141252023808,False
435,resnet50,IntegratedGradients,0.04211005895631389,0.15851758085191248,0.11640752189559858,False
435,resnet50,LRP,0.025488751563716508,0.30586753189563753,0.28037878033192104,False
435,resnet50,Random,0.04050856897138147,0.05726473537506536,0.016756166403683888,False
435,vit_base,Chefer-LRP,0.04647477334365249,0.1289977591484785,0.082522985804826,False
435,vit_base,GradCAM,0.041634717909619215,0.11999082081019878,0.07835610290057957,False
435,vit_base,IntegratedGradients,0.07587568741291763,0.12350124008953572,0.047625552676618096,False
435,vit_base,Random,0.1501856926828623,0.1433723706752062,-0.0068133220076561085,True
436,mobilevit_s,GradCAM,0.0658016729867086,0.3804951295256615,0.3146934565389529,False
436,mobilevit_s,IntegratedGradients,0.12429791456088425,0.2893079709261656,0.16501005636528138,False
436,mobilevit_s,Random,0.10770354988198962,0.09619200928136708,-0.011511540600622538,True
436,resnet50,GradCAM,0.36057677417993544,0.4999764621257782,0.13939968794584273,False
436,resnet50,IntegratedGradients,0.4809353545308113,0.49495802074670786,0.01402266621589654,False
436,resnet50,LRP,0.2898145015584305,0.49996417015790934,0.2101496685994788,False
436,resnet50,Random,0.22961649913340806,0.20879685212858023,-0.02081964700482783,True
436,vit_base,Chefer-LRP,0.22159120850265024,0.4228680953383446,0.20127688683569434,False
436,vit_base,GradCAM,0.3048319675028325,0.42553811520338064,0.12070614770054816,False
436,vit_base,IntegratedGradients,0.39836197197437284,0.36913773156702523,-0.029224240407347613,True
436,vit_base,Random,0.34704277813434603,0.3804875567555427,0.03344477862119666,False
437,mobilevit_s,GradCAM,0.11775380456674611,0.41301428973674775,0.29526048517000164,False
437,mobilevit_s,IntegratedGradients,0.08081444528288559,0.37481065914034845,0.2939962138574629,False
437,mobilevit_s,Random,0.11879508604470175,0.11390645045903511,-0.0048886355856666425,True
437,resnet50,GradCAM,0.29887538477778436,0.4951916992664337,0.19631631448864933,False
437,resnet50,IntegratedGradients,0.24375233359169216,0.48261045515537265,0.2388581215636805,False
437,resnet50,LRP,0.1804818206932396,0.49326851218938833,0.31278669149614874,False
437,resnet50,Random,0.3672822932712734,0.3183412333298748,-0.04894105994139858,True
437,vit_base,Chefer-LRP,0.2723703179508448,0.4503560125827789,0.1779856946319341,False
437,vit_base,GradCAM,0.29152125045657157,0.4563187941908836,0.16479754373431205,False
437,vit_base,IntegratedGradients,0.41762955188751216,0.4353449419140816,0.01771539002656941,False
437,vit_base,Random,0.4225227877497673,0.4346481963992119,0.012125408649444558,False
438,mobilevit_s,GradCAM,0.14318631514906882,0.11689423052594068,-0.02629208462312814,True
438,mobilevit_s,IntegratedGradients,0.04592946720076725,0.13299697048496456,0.08706750328419731,False
438,mobilevit_s,Random,0.05281361493252917,0.0823826589179589,0.029569043985429734,False
438,resnet50,GradCAM,0.014644678565673527,0.2068515797611326,0.19220690119545908,False
438,resnet50,IntegratedGradients,0.16746382224373518,0.009165063709951939,-0.15829875853378325,True
438,resnet50,LRP,0.008172025880776345,0.02526777540333569,0.017095749522559343,False
438,resnet50,Random,0.05675729331560433,0.09477020159829408,0.03801290828268975,False
438,vit_base,Chefer-LRP,0.05848344867117703,0.2700533851981163,0.21156993652693926,False
438,vit_base,GradCAM,0.0737821371294558,0.2815047487616539,0.20772261163219807,False
438,vit_base,IntegratedGradients,0.10118403024971485,0.17539326781407,0.07420923756435514,False
438,vit_base,Random,0.10236519705504178,0.12336204349994659,0.020996846444904807,False
439,mobilevit_s,GradCAM,0.32604855224490165,0.36749399825930595,0.04144544601440431,False
439,mobilevit_s,IntegratedGradients,0.31412539128214123,0.44155780822038654,0.1274324169382453,False
439,mobilevit_s,Random,0.2749403779860586,0.24482324856799095,-0.03011712941806763,True
439,resnet50,GradCAM,0.4592083305120468,0.499483872950077,0.04027554243803022,False
439,resnet50,IntegratedGradients,0.408785916864872,0.475209167599678,0.06642325073480604,False
439,resnet50,LRP,0.26543543394654984,0.49929402470588685,0.23385859075933702,False
439,resnet50,Random,0.26715418091043835,0.21087014349177477,-0.056284037418663585,True
439,vit_base,Chefer-LRP,0.2649324402213097,0.34063894599676137,0.07570650577545168,False
439,vit_base,GradCAM,0.16281967628747224,0.24161127656698228,0.07879160027951004,False
439,vit_base,IntegratedGradients,0.2728985995054245,0.30643256828188903,0.03353396877646453,False
439,vit_base,Random,0.3241080358624458,0.3061524733901023,-0.017955562472343478,True
440,mobilevit_s,GradCAM,0.12785249184817077,0.48149981349706655,0.3536473216488958,False
440,mobilevit_s,IntegratedGradients,0.380293520539999,0.47750279456377026,0.09720927402377127,False
440,mobilevit_s,Random,0.2940183313563467,0.3243778560543433,0.03035952469799663,False
440,resnet50,GradCAM,0.1877044332679361,0.49999673068523404,0.3122922974172979,False
440,resnet50,IntegratedGradients,0.2960417337715626,0.4999929636716842,0.2039512299001216,False
440,resnet50,LRP,0.13153861953178425,0.49999336004257205,0.3684547405107878,False
440,resnet50,Random,0.41897578360512855,0.3961373927071691,-0.02283839089795947,True
440,vit_base,Chefer-LRP,0.144077194808051,0.3708178579807282,0.2267406631726772,False
440,vit_base,GradCAM,0.11710779941640795,0.35334815233945843,0.23624035292305048,False
440,vit_base,IntegratedGradients,0.36550740301609036,0.32413622587919233,-0.04137117713689803,True
440,vit_base,Random,0.3757105112075806,0.37492563501000403,-0.0007848761975765561,True
441,mobilevit_s,GradCAM,0.045730291638756165,0.38654205650091167,0.3408117648621555,False
441,mobilevit_s,IntegratedGradients,0.27652803584933283,0.14100307725311723,-0.1355249585962156,True
441,mobilevit_s,Random,0.22172451345250016,0.23544123512692752,0.013716721674427362,False
441,resnet50,GradCAM,0.027128104167059065,0.4769407287240028,0.4498126245569437,False
441,resnet50,IntegratedGradients,0.021464930250658654,0.4238776795566082,0.40241274930594956,False
441,resnet50,LRP,0.022582190182583874,0.3335100248456001,0.3109278346630162,False
441,resnet50,Random,0.06807401641272008,0.1393608365673572,0.07128682015463712,False
441,vit_base,Chefer-LRP,0.013618222004151904,0.14923280030488967,0.13561457830073775,False
441,vit_base,GradCAM,0.03927188980742358,0.14618470445275308,0.10691281464532951,False
441,vit_base,IntegratedGradients,0.01812070024316199,0.1503911241889,0.132270423945738,False
441,vit_base,Random,0.2564707547426224,0.18583845905959606,-0.07063229568302631,True
442,mobilevit_s,GradCAM,0.0036404948972631247,0.28294534860178827,0.2793048537045251,False
442,mobilevit_s,IntegratedGradients,0.02073166680056602,0.0209822486853227,0.00025058188475668083,False
442,mobilevit_s,Random,0.011488129750068765,0.02068572799325921,0.009197598243190443,False
442,resnet50,GradCAM,0.006502747751073912,0.18828134723007678,0.18177859947900288,False
442,resnet50,IntegratedGradients,0.004904798656934873,0.06921381577849389,0.06430901712155902,False
442,resnet50,LRP,0.00737786516547203,0.05867625633254647,0.05129839116707444,False
442,resnet50,Random,0.02347143426304683,0.02289254354836885,-0.0005788907146779786,True
442,vit_base,Chefer-LRP,0.061146311974152934,0.3953699469566346,0.33422363498248164,False
442,vit_base,GradCAM,0.04336126639973373,0.38741612285375593,0.34405485645402223,False
442,vit_base,IntegratedGradients,0.22412128336727621,0.27384054474532604,0.04971926137804983,False
442,vit_base,Random,0.21427665071096272,0.14608614820172078,-0.06819050250924194,True
443,mobilevit_s,GradCAM,0.2413321666419506,0.261867507477291,0.020535340835340393,False
443,mobilevit_s,IntegratedGradients,0.32086397702805697,0.19336393056437376,-0.1275000464636832,True
443,mobilevit_s,Random,0.20235792480089004,0.15433597491573894,-0.0480219498851511,True
443,resnet50,GradCAM,0.21742351488210268,0.4995000049471855,0.28207649006508284,False
443,resnet50,IntegratedGradients,0.4190830998122692,0.39824780672788623,-0.020835293084382978,True
443,resnet50,LRP,0.1936984238040168,0.49925746768713,0.30555904388311317,False
443,resnet50,Random,0.4575032278895378,0.2599418675221387,-0.19756136036739907,True
443,vit_base,Chefer-LRP,0.2800670990371145,0.4504769995808601,0.1704099005437456,False
443,vit_base,GradCAM,0.15825884475198113,0.43348907232284545,0.27523022757086435,False
443,vit_base,IntegratedGradients,0.4078551456332207,0.24909515150357037,-0.1587599941296503,True
443,vit_base,Random,0.41881483346223836,0.2863164890091867,-0.13249834445305164,True
444,mobilevit_s,GradCAM,0.021972159296274184,0.22928758747875694,0.20731542818248275,False
444,mobilevit_s,IntegratedGradients,0.1639639787375927,0.2673410184681415,0.10337703973054882,False
444,mobilevit_s,Random,0.06741331666707992,0.06590668242424726,-0.0015066342428326635,True
444,resnet50,GradCAM,0.08723477809107864,0.1281587615609169,0.04092398346983826,False
444,resnet50,IntegratedGradients,0.03750112252309918,0.07238655644468964,0.03488543392159046,False
444,resnet50,LRP,0.015123348575434646,0.1040899693965912,0.08896662082115656,False
444,resnet50,Random,0.06055594722022306,0.02294174868980008,-0.037614198530422985,True
444,vit_base,Chefer-LRP,0.018218273913953455,0.11502943113446236,0.0968111572205089,False
444,vit_base,GradCAM,0.018770867417333647,0.10591215901076793,0.08714129159343428,False
444,vit_base,IntegratedGradients,0.1251286081969738,0.11498424857854843,-0.010144359618425372,True
444,vit_base,Random,0.06586861237883569,0.08671031072735787,0.020841698348522175,False
445,mobilevit_s,GradCAM,0.2757494732737541,0.4369286328554154,0.1611791595816613,False
445,mobilevit_s,IntegratedGradients,0.3739851832389832,0.4287614226341248,0.05477623939514159,False
445,mobilevit_s,Random,0.09004512198735028,0.20740216076374055,0.11735703877639027,False
445,resnet50,GradCAM,0.4927472144365311,0.49942014515399935,0.006672930717468273,False
445,resnet50,IntegratedGradients,0.4849501177668571,0.3672102451324464,-0.11773987263441071,True
445,resnet50,LRP,0.42367282658815386,0.4549491047859192,0.03127627819776535,False
445,resnet50,Random,0.19255575133574893,0.14803565248730594,-0.04452009884844299,True
445,vit_base,Chefer-LRP,0.42652668058872223,0.4328976139426232,0.006370933353900987,False
445,vit_base,GradCAM,0.4368660286068916,0.4157968178391457,-0.021069210767745927,True
445,vit_base,IntegratedGradients,0.4173562824726105,0.38672881051898006,-0.030627471953630414,True
445,vit_base,Random,0.3122524105012417,0.3097524307668209,-0.0024999797344207875,True
446,mobilevit_s,GradCAM,0.2852899961173534,0.39803017601370816,0.11274017989635476,False
446,mobilevit_s,IntegratedGradients,0.09774382081632213,0.4438847526907921,0.3461409318744699,False
446,mobilevit_s,Random,0.23715704533315152,0.1136862602797919,-0.12347078505335962,True
446,resnet50,GradCAM,0.19920417347457262,0.4999999076128006,0.300795734138228,False
446,resnet50,IntegratedGradients,0.27059271915932187,0.4898767203092575,0.21928400114993563,False
446,resnet50,LRP,0.15129824979230763,0.49999824166297907,0.34869999187067147,False
446,resnet50,Random,0.22343456308590248,0.20974437890690753,-0.013690184178994952,True
446,vit_base,Chefer-LRP,0.2101509581785649,0.3899501904845238,0.17979923230595887,False
446,vit_base,GradCAM,0.2737353992182761,0.39929022490978244,0.12555482569150633,False
446,vit_base,IntegratedGradients,0.34275493323802947,0.3022590722888709,-0.04049586094915858,True
446,vit_base,Random,0.27681550709530717,0.2548963399603963,-0.021919167134910877,True
447,mobilevit_s,GradCAM,0.09383219698793255,0.47440077811479575,0.3805685811268632,False
447,mobilevit_s,IntegratedGradients,0.023054594010454826,0.46720150560140605,0.4441469115909512,False
447,mobilevit_s,Random,0.16982223746599628,0.1519325069151819,-0.017889730550814387,True
447,resnet50,GradCAM,0.008481742581352593,0.1447046112269163,0.1362228686455637,False
447,resnet50,IntegratedGradients,0.017176113877212632,0.1729100462049246,0.15573393232771196,False
447,resnet50,LRP,0.010038048168644311,0.11483822427690028,0.10480017610825597,False
447,resnet50,Random,0.13020886608283036,0.08796956344740467,-0.04223930263542569,True
447,vit_base,Chefer-LRP,0.03682709047570825,0.3548959597945214,0.3180688693188131,False
447,vit_base,GradCAM,0.04743402982130647,0.3287752985954284,0.28134126877412197,False
447,vit_base,IntegratedGradients,0.25762922763824464,0.19013477761764078,-0.06749445002060386,True
447,vit_base,Random,0.14157949145883325,0.18190586159471425,0.040326370135881,False
448,mobilevit_s,GradCAM,0.0007308835552976235,0.2597366246394813,0.25900574108418367,False
448,mobilevit_s,IntegratedGradients,0.0007245759055876989,0.0681359234265983,0.0674113475210106,False
448,mobilevit_s,Random,0.007328725173783824,0.004407619226549287,-0.0029211059472345367,True
448,resnet50,GradCAM,0.020950041024843817,0.3808861449360847,0.35993610391124087,False
448,resnet50,IntegratedGradients,0.013662317902753785,0.339358539879322,0.3256962219765682,False
448,resnet50,LRP,0.013847773068118841,0.33548692613840103,0.3216391530702822,False
448,resnet50,Random,0.06966446987353267,0.2405375070462469,0.17087303717271424,False
448,vit_base,Chefer-LRP,0.0107427645016287,0.1510651484131813,0.1403223839115526,False
448,vit_base,GradCAM,0.011835669661013527,0.1789929263293743,0.1671572566683608,False
448,vit_base,IntegratedGradients,0.04283877213638334,0.138546621799469,0.09570784966308565,False
448,vit_base,Random,0.07940614186227322,0.08349775178648997,0.004091609924216741,False
449,mobilevit_s,GradCAM,0.026514857506845145,0.19595437310636044,0.16943951559951528,False
449,mobilevit_s,IntegratedGradients,0.03952222857406014,0.13600814789533616,0.09648591932127602,False
449,mobilevit_s,Random,0.04301083952086628,0.08735541645437479,0.04434457693350851,False
449,resnet50,GradCAM,0.07015331036527643,0.09367973525077106,0.023526424885494626,False
449,resnet50,IntegratedGradients,0.08270031921565534,0.23177277371287347,0.14907245449721812,False
449,resnet50,LRP,0.06454947689962866,0.20071112886071205,0.13616165196108337,False
449,resnet50,Random,0.07358085042942548,0.05991697356739678,-0.013663876862028704,True
449,vit_base,Chefer-LRP,0.0508299121982418,0.1932954505085945,0.1424655383103527,False
449,vit_base,GradCAM,0.03091287545394153,0.19676336348056794,0.1658504880266264,False
449,vit_base,IntegratedGradients,0.08444176756311207,0.20208304002881053,0.11764127246569846,False
449,vit_base,Random,0.09919575974345207,0.14885807922109962,0.04966231947764754,False
450,mobilevit_s,GradCAM,0.010468070549177356,0.12288210075348616,0.1124140302043088,False
450,mobilevit_s,IntegratedGradients,0.03605905337899458,0.045301689318148416,0.009242635939153837,False
450,mobilevit_s,Random,0.012334488165834047,0.015179758556951127,0.00284527039111708,False
450,resnet50,GradCAM,0.06200777615376866,0.30623861625790594,0.2442308401041373,False
450,resnet50,IntegratedGradients,0.006386553324409761,0.07104119323194026,0.0646546399075305,False
450,resnet50,LRP,0.013285896426532417,0.03641802626661956,0.02313212984008714,False
450,resnet50,Random,0.005560115025582491,0.01239888726267964,0.006838772237097148,False
450,vit_base,Chefer-LRP,0.08039279730000999,0.28588994145393376,0.20549714415392378,False
450,vit_base,GradCAM,0.08825232758536004,0.309108667075634,0.22085633949027395,False
450,vit_base,IntegratedGradients,0.17770410424564037,0.315255606174469,0.13755150192882865,False
450,vit_base,Random,0.21633073652628812,0.2565730411559344,0.04024230462964626,False
451,mobilevit_s,GradCAM,0.07936663590371609,0.3254827633500099,0.24611612744629383,False
451,mobilevit_s,IntegratedGradients,0.1329878938966431,0.4179256215691567,0.2849377276725136,False
451,mobilevit_s,Random,0.10175204811821459,0.143291330926877,0.0415392828086624,False
451,resnet50,GradCAM,0.26888673163484783,0.4999998897314072,0.23111315809655936,False
451,resnet50,IntegratedGradients,0.40530481026507914,0.4999006152153015,0.09459580495022235,False
451,resnet50,LRP,0.11979674496687949,0.4999998271465302,0.3802030821796507,False
451,resnet50,Random,0.43186342511326076,0.3051957815943752,-0.12666764351888554,True
451,vit_base,Chefer-LRP,0.2781079360051081,0.4384911760687828,0.16038324006367471,False
451,vit_base,GradCAM,0.25579905259655794,0.4538790345191956,0.19807998192263765,False
451,vit_base,IntegratedGradients,0.44422215074300764,0.2668377781577874,-0.17738437258522022,True
451,vit_base,Random,0.35900535210967066,0.3766884483397007,0.01768309623003006,False
452,mobilevit_s,GradCAM,0.003072257732856088,0.0810476646758616,0.0779754069430055,False
452,mobilevit_s,IntegratedGradients,0.013293846999295058,0.09735686732456088,0.08406302032526582,False
452,mobilevit_s,Random,0.16036251643672583,0.08115859599784016,-0.07920392043888567,True
452,resnet50,GradCAM,0.00019610310482676144,0.0017415109374269374,0.001545407832600176,False
452,resnet50,IntegratedGradients,0.02962940341240028,0.0005819873731525148,-0.029047416039247764,True
452,resnet50,LRP,0.11280546776906704,0.0005893541827390436,-0.11221611358632799,True
452,resnet50,Random,0.028314261313789755,0.008715704768110297,-0.019598556545679456,True
452,vit_base,Chefer-LRP,0.0010875123050936963,0.012959022214636207,0.011871509909542511,False
452,vit_base,GradCAM,0.0012588541096192785,0.018522080918774005,0.017263226809154725,False
452,vit_base,IntegratedGradients,0.002550252367655048,0.01728069158270955,0.014730439215054503,False
452,vit_base,Random,0.04332654110621662,0.046929827891290195,0.003603286785073573,False
453,mobilevit_s,GradCAM,0.14832919606706127,0.286973302566912,0.13864410649985073,False
453,mobilevit_s,IntegratedGradients,0.23684271735837684,0.17245460947742688,-0.06438810788094995,True
453,mobilevit_s,Random,0.09163438075920566,0.10573732986813414,0.01410294910892848,False
453,resnet50,GradCAM,0.07824426982260776,0.44660079181194307,0.36835652198933533,False
453,resnet50,IntegratedGradients,0.23402702845633033,0.4444488614797592,0.21042183302342887,False
453,resnet50,LRP,0.08447612971649505,0.4304859504103661,0.34600982069387104,False
453,resnet50,Random,0.3477459350600839,0.34356210865080355,-0.0041838264092803334,True
453,vit_base,Chefer-LRP,0.09642165778204799,0.20216470472514628,0.10574304694309829,False
453,vit_base,GradCAM,0.10213569924235345,0.28645059056580063,0.1843148913234472,False
453,vit_base,IntegratedGradients,0.21789837367832662,0.2046343106776476,-0.013264063000679033,True
453,vit_base,Random,0.11656342879869044,0.1354709656909108,0.018907536892220356,False
454,mobilevit_s,GradCAM,0.008457001301576386,0.11413880512118339,0.10568180381960701,False
454,mobilevit_s,IntegratedGradients,0.03373879161663353,0.2453851245343685,0.21164633291773496,False
454,mobilevit_s,Random,0.07414113231934609,0.09137329992372542,0.01723216760437933,False
454,resnet50,GradCAM,0.027035465763765386,0.3397926025092602,0.3127571367454948,False
454,resnet50,IntegratedGradients,0.027048782003112136,0.3626649186015129,0.3356161365984008,False
454,resnet50,LRP,0.022637401997326383,0.4369637012481689,0.4143262992508425,False
454,resnet50,Random,0.08154874110477978,0.08885404783341075,0.0073053067286309725,False
454,vit_base,Chefer-LRP,0.04136694761691615,0.3528101369738579,0.3114431893569417,False
454,vit_base,GradCAM,0.034124039125163104,0.36638200134038923,0.33225796221522613,False
454,vit_base,IntegratedGradients,0.04900250369682908,0.3741025641560554,0.32510006045922635,False
454,vit_base,Random,0.11847745943814517,0.14730958181899043,0.02883212238084526,False
455,mobilevit_s,GradCAM,0.2125204226234928,0.45163294672966003,0.23911252410616723,False
455,mobilevit_s,IntegratedGradients,0.26342294858768583,0.22858193200081592,-0.034841016586869916,True
455,mobilevit_s,Random,0.09893732995551546,0.1298939443553536,0.030956614399838128,False
455,resnet50,GradCAM,0.44198325937613847,0.5,0.05801674062386153,False
455,resnet50,IntegratedGradients,0.4999153196811676,0.4999924525618553,7.713288068772473e-05,False
455,resnet50,LRP,0.21428090929985044,0.5,0.28571909070014956,False
455,resnet50,Random,0.3570528440177441,0.4248147859470919,0.06776194192934776,False
455,vit_base,Chefer-LRP,0.4123196072876454,0.4193761140108109,0.00705650672316549,False
455,vit_base,GradCAM,0.4164968699216843,0.41228476911783224,-0.004212100803852037,True
455,vit_base,IntegratedGradients,0.4186593398451805,0.3305435813963413,-0.08811575844883918,True
455,vit_base,Random,0.40334295481443405,0.43271297365427014,0.029370018839836087,False
456,mobilevit_s,GradCAM,0.1990601136349142,0.4398294016718865,0.2407692880369723,False
456,mobilevit_s,IntegratedGradients,0.3645429789554328,0.17252216180786492,-0.19202081714756788,True
456,mobilevit_s,Random,0.12544289450656834,0.19153569970367246,0.06609280519710412,False
456,resnet50,GradCAM,0.3900187388062477,0.49962950199842454,0.10961076319217683,False
456,resnet50,IntegratedGradients,0.34481850266456604,0.4983959704637528,0.15357746779918674,False
456,resnet50,LRP,0.29016824513673783,0.4992316633462906,0.20906341820955276,False
456,resnet50,Random,0.23345645461231473,0.2262708475114778,-0.007185607100836933,True
456,vit_base,Chefer-LRP,0.41386878937482835,0.412463966012001,-0.0014048233628273232,True
456,vit_base,GradCAM,0.39312391504645355,0.3698963455855847,-0.023227569460868847,True
456,vit_base,IntegratedGradients,0.420918969810009,0.3669722087681294,-0.053946761041879565,True
456,vit_base,Random,0.30098156072199345,0.3935669228434563,0.09258536212146284,False
457,mobilevit_s,GradCAM,0.00011841749342238471,0.002680765287368559,0.0025623477939461744,False
457,mobilevit_s,IntegratedGradients,0.00032032208691816776,0.0010685147870390208,0.000748192700120853,False
457,mobilevit_s,Random,0.0002504243795556249,0.0004260895846528002,0.00017566520509717528,False
457,resnet50,GradCAM,0.002212626966502285,0.014333957573398948,0.012121330606896663,False
457,resnet50,IntegratedGradients,0.0013235451973741873,0.017583307065069675,0.016259761867695486,False
457,resnet50,LRP,0.0056332164444029345,0.008269362396094949,0.0026361459516920146,False
457,resnet50,Random,0.002321759737787943,0.0019271318089304824,-0.0003946279288574608,True
457,vit_base,Chefer-LRP,0.1217539636476431,0.3862649358808995,0.26451097223325637,False
457,vit_base,GradCAM,0.19094266530591997,0.42029949277639383,0.22935682747047387,False
457,vit_base,IntegratedGradients,0.15198104879818855,0.3491439007222652,0.19716285192407665,False
457,vit_base,Random,0.24655609355540947,0.2552359616500326,0.008679868094623122,False
458,mobilevit_s,GradCAM,0.32249075062572957,0.4782525613903999,0.15576181076467033,False
458,mobilevit_s,IntegratedGradients,0.1991008304001298,0.4727073162794113,0.2736064858792815,False
458,mobilevit_s,Random,0.24000190496444704,0.20760806612670418,-0.032393838837742855,True
458,resnet50,GradCAM,0.29163241237401966,0.4999999552965164,0.20836754292249676,False
458,resnet50,IntegratedGradients,0.49999926984310156,0.45051551759243014,-0.04948375225067142,True
458,resnet50,LRP,0.17489137090742587,0.4999998211860656,0.32510845027863977,False
458,resnet50,Random,0.4996319994330406,0.45927578322589396,-0.040356216207146633,True
458,vit_base,Chefer-LRP,0.30767091047018763,0.3884354442358017,0.08076453376561404,False
458,vit_base,GradCAM,0.343422712571919,0.40916855484247217,0.06574584227055319,False
458,vit_base,IntegratedGradients,0.4180674269795418,0.35255350768566135,-0.06551391929388045,True
458,vit_base,Random,0.42145013958215716,0.4238230615854264,0.0023729220032692178,False
459,mobilevit_s,GradCAM,0.0005066582118161023,0.0007619489770149812,0.0002552907651988789,False
459,mobilevit_s,IntegratedGradients,0.026374213089002296,0.00197997061040951,-0.024394242478592787,True
459,mobilevit_s,Random,0.0015026062028482556,0.006159532064339146,0.00465692586149089,False
459,resnet50,GradCAM,0.013216387690044941,0.1759273387491703,0.16271095105912536,False
459,resnet50,IntegratedGradients,0.013225957987015136,0.33119506090879447,0.3179691029217793,False
459,resnet50,LRP,0.012448282411787661,0.40756497234106065,0.395116689929273,False
459,resnet50,Random,0.24187128804624078,0.08674078723415733,-0.15513050081208346,True
459,vit_base,Chefer-LRP,0.0017805981915444138,0.00845475709065795,0.006674158899113537,False
459,vit_base,GradCAM,0.0017945028055692091,0.02882615979760885,0.027031656992039643,False
459,vit_base,IntegratedGradients,0.0014865034536342137,0.025514045776799322,0.024027542323165108,False
459,vit_base,Random,0.08749513928778468,0.10881007937714457,0.021314940089359885,False
460,mobilevit_s,GradCAM,0.04513063235208392,0.29730909019708635,0.2521784578450024,False
460,mobilevit_s,IntegratedGradients,0.1276577662676573,0.3166909039020538,0.1890331376343965,False
460,mobilevit_s,Random,0.2152128778398037,0.1389440744649619,-0.07626880337484179,True
460,resnet50,GradCAM,0.2039117326261476,0.4996585294604301,0.2957467968342825,False
460,resnet50,IntegratedGradients,0.3387868199279183,0.4997923254966735,0.1610055055687552,False
460,resnet50,LRP,0.31508004693314434,0.49983582943677907,0.18475578250363472,False
460,resnet50,Random,0.29061233572429046,0.3776832966017537,0.08707096087746324,False
460,vit_base,Chefer-LRP,0.2509432951454073,0.41511276364326477,0.16416946849785746,False
460,vit_base,GradCAM,0.18395433924160898,0.4008394435048103,0.21688510426320134,False
460,vit_base,IntegratedGradients,0.3639592707157135,0.4202170461416244,0.05625777542591093,False
460,vit_base,Random,0.2551820833235979,0.33219111934304235,0.07700903601944448,False
461,mobilevit_s,GradCAM,0.23744157277978958,0.48104257583618165,0.24360100305639207,False
461,mobilevit_s,IntegratedGradients,0.08003891552216373,0.2218970760703087,0.14185816054814498,False
461,mobilevit_s,Random,0.2094146462106437,0.1335097803444569,-0.0759048658661868,True
461,resnet50,GradCAM,0.3147578853182495,0.49038373380899425,0.17562584849074475,False
461,resnet50,IntegratedGradients,0.2127479139715433,0.45815659612417226,0.24540868215262895,False
461,resnet50,LRP,0.042853863933123654,0.47095477432012556,0.42810091038700193,False
461,resnet50,Random,0.1773613999854206,0.1677788895554841,-0.00958251042993652,True
461,vit_base,Chefer-LRP,0.10868240939453244,0.3597283363342285,0.2510459269396961,False
461,vit_base,GradCAM,0.1169763304293156,0.3513855502009392,0.2344092197716236,False
461,vit_base,IntegratedGradients,0.2582789812237024,0.34863671734929086,0.09035773612558845,False
461,vit_base,Random,0.3093173673376441,0.32487649843096733,0.015559131093323242,False
462,mobilevit_s,GradCAM,0.13395368906276417,0.49699206203222274,0.36303837296945857,False
462,mobilevit_s,IntegratedGradients,0.1357871956191957,0.4889940097928047,0.353206814173609,False
462,mobilevit_s,Random,0.2597649744944648,0.14802283397875726,-0.11174214051570752,True
462,resnet50,GradCAM,0.26991151564288884,0.49999970793724063,0.2300881922943518,False
462,resnet50,IntegratedGradients,0.2004761696211063,0.499916185438633,0.29944001581752666,False
462,resnet50,LRP,0.19289021629374475,0.4999996185302734,0.30710940223652866,False
462,resnet50,Random,0.20903586129716134,0.2760396932309959,0.06700383193383458,False
462,vit_base,Chefer-LRP,0.35672884136438365,0.43496504127979274,0.07823619991540909,False
462,vit_base,GradCAM,0.368310242285952,0.4327767089009285,0.06446646661497651,False
462,vit_base,IntegratedGradients,0.43521130830049515,0.4443705201148987,0.009159211814403545,False
462,vit_base,Random,0.3713900770992041,0.40594171434640886,0.03455163724720478,False
463,mobilevit_s,GradCAM,0.00038463906967081126,0.013184388028457762,0.01279974895878695,False
463,mobilevit_s,IntegratedGradients,0.0003853014706692193,0.0004644713466404937,7.916987597127439e-05,False
463,mobilevit_s,Random,0.00016165855113285945,0.00017784131985081332,1.6182768717953877e-05,False
463,resnet50,GradCAM,0.00010793779038067441,0.001004871416807873,0.0008969336264271986,False
463,resnet50,IntegratedGradients,0.00015460766298929228,0.0006921571250131818,0.0005375494620238894,False
463,resnet50,LRP,0.0005300946890201885,0.00019138864518026822,-0.0003387060438399203,True
463,resnet50,Random,0.00041780413448577747,0.0013884050051274246,0.0009706008706416472,False
463,vit_base,Chefer-LRP,0.0001112531950639095,0.0008373197546461597,0.0007260665595822501,False
463,vit_base,GradCAM,0.00017316089433734306,0.0012897157401312142,0.0011165548457938712,False
463,vit_base,IntegratedGradients,0.0003841513360384851,0.0005823842671816236,0.00019823293114313851,False
463,vit_base,Random,0.0002595325255242642,0.0003815372561803088,0.00012200473065604456,False
464,mobilevit_s,GradCAM,0.28557671196758744,0.46242414563894274,0.1768474336713553,False
464,mobilevit_s,IntegratedGradients,0.44172742962837225,0.4348938420414925,-0.006833587586879741,True
464,mobilevit_s,Random,0.23896700736950155,0.2805296642458415,0.041562656876339976,False
464,resnet50,GradCAM,0.4478647513315082,0.49986784160137177,0.05200309026986355,False
464,resnet50,IntegratedGradients,0.4994895398616791,0.49573325067758556,-0.003756289184093542,True
464,resnet50,LRP,0.30626857765018944,0.4998340725898743,0.19356549493968483,False
464,resnet50,Random,0.4013370174914599,0.4996577203273773,0.09832070283591743,False
464,vit_base,Chefer-LRP,0.40096369832754136,0.43248317837715144,0.03151948004961008,False
464,vit_base,GradCAM,0.4203786328434944,0.44774639755487444,0.027367764711380027,False
464,vit_base,IntegratedGradients,0.4191978335380554,0.43414457589387895,0.01494674235582355,False
464,vit_base,Random,0.3985652029514313,0.37898598536849026,-0.01957921758294101,True
465,mobilevit_s,GradCAM,0.09947929047048092,0.2410803847014904,0.14160109423100947,False
465,mobilevit_s,IntegratedGradients,0.042584539344534274,0.26199042424559593,0.21940588490106167,False
465,mobilevit_s,Random,0.07522524505911862,0.06008178652555216,-0.01514345853356646,True
465,resnet50,GradCAM,0.19946077098720708,0.39298260807991026,0.19352183709270318,False
465,resnet50,IntegratedGradients,0.17667923858389262,0.4037449672818184,0.2270657286979258,False
465,resnet50,LRP,0.09890818974236028,0.4093863248825073,0.31047813514014705,False
465,resnet50,Random,0.22089447150938213,0.04888770419638604,-0.17200676731299608,True
465,vit_base,Chefer-LRP,0.3698444921523333,0.4065583795309067,0.036713887378573395,False
465,vit_base,GradCAM,0.33410777985118334,0.3862345203757286,0.052126740524545245,False
465,vit_base,IntegratedGradients,0.32820814643782803,0.4087883606553077,0.08058021421747968,False
465,vit_base,Random,0.40130667984485624,0.379481828212738,-0.021824851632118225,True
466,mobilevit_s,GradCAM,0.0029020662594120956,0.031580566940829155,0.02867850068141706,False
466,mobilevit_s,IntegratedGradients,0.007318214513361454,0.007737104152329266,0.00041888963896781223,False
466,mobilevit_s,Random,0.0068967965489719054,0.005794808827340603,-0.001101987721631302,True
466,resnet50,GradCAM,0.012963733857031914,0.05820732796564698,0.045243594108615066,False
466,resnet50,IntegratedGradients,0.04601619318127632,0.01555008111517964,-0.030466112066096677,True
466,resnet50,LRP,0.00670897823147243,0.04301089132204652,0.03630191309057409,False
466,resnet50,Random,0.008167524274904282,0.015242403977026699,0.007074879702122417,False
466,vit_base,Chefer-LRP,0.08811933185206726,0.1823369562625885,0.09421762441052124,False
466,vit_base,GradCAM,0.102623900026083,0.13008306100964548,0.027459160983562478,False
466,vit_base,IntegratedGradients,0.26517508961260317,0.07308418657630682,-0.19209090303629633,True
466,vit_base,Random,0.10015558125451209,0.09472021367400887,-0.0054353675805032114,True
467,mobilevit_s,GradCAM,0.007448397320695222,0.0271636120043695,0.01971521468367428,False
467,mobilevit_s,IntegratedGradients,0.008924667088285789,0.031848713383078577,0.022924046294792787,False
467,mobilevit_s,Random,0.008136736971209757,0.006548657618623111,-0.0015880793525866457,True
467,resnet50,GradCAM,0.012637022149283441,0.048468197137117384,0.03583117498783395,False
467,resnet50,IntegratedGradients,0.01782591906012385,0.04641478853300214,0.02858886947287829,False
467,resnet50,LRP,0.006813357520150021,0.04210744574666023,0.03529408822651021,False
467,resnet50,Random,0.02075107636046596,0.012218633326119744,-0.008532443034346216,True
467,vit_base,Chefer-LRP,0.0038253143920883304,0.020841129682958127,0.017015815290869797,False
467,vit_base,GradCAM,0.0048932664882158855,0.021055078180506826,0.01616181169229094,False
467,vit_base,IntegratedGradients,0.00924551415082533,0.012013597507029773,0.0027680833562044437,False
467,vit_base,Random,0.00841766944504343,0.009026113152503968,0.0006084437074605382,False
468,mobilevit_s,GradCAM,0.021525457970710704,0.29014227762818334,0.26861681965747264,False
468,mobilevit_s,IntegratedGradients,0.061383232868683996,0.2588506430387497,0.19746741017006572,False
468,mobilevit_s,Random,0.17634147367052722,0.11824637851605076,-0.05809509515447646,True
468,resnet50,GradCAM,0.13615914060501383,0.49055408835411074,0.3543949477490969,False
468,resnet50,IntegratedGradients,0.41431483104825023,0.49542923271656036,0.08111440166831013,False
468,resnet50,LRP,0.07815325181582013,0.49211885035038,0.4139655985345599,False
468,resnet50,Random,0.2931972780148499,0.2759086178964935,-0.01728866011835639,True
468,vit_base,Chefer-LRP,0.1899362247262616,0.34757438302040106,0.15763815829413946,False
468,vit_base,GradCAM,0.259245866566198,0.3603960871696472,0.10115022060344919,False
468,vit_base,IntegratedGradients,0.36138920038938527,0.3127642866224051,-0.04862491376698019,True
468,vit_base,Random,0.290247068554163,0.2414034627377987,-0.048843605816364294,True
469,mobilevit_s,GradCAM,0.002853506224346347,0.06650460839737206,0.0636511021730257,False
469,mobilevit_s,IntegratedGradients,0.0030618227894592563,0.031774457683786755,0.028712634894327498,False
469,mobilevit_s,Random,0.008344374387797872,0.0056967376109696485,-0.0026476367768282234,True
469,resnet50,GradCAM,0.0003593634028220549,0.004239444341510534,0.0038800809386884787,False
469,resnet50,IntegratedGradients,0.0011032768823497465,0.00102324077161029,-8.003611073945658e-05,True
469,resnet50,LRP,0.0015102965116966518,0.0015253617661073803,1.5065254410728465e-05,False
469,resnet50,Random,0.0013039057244895959,0.0015003926673671233,0.0001964869428775274,False
469,vit_base,Chefer-LRP,0.0025240122951800006,0.006168619520030916,0.0036446072248509155,False
469,vit_base,GradCAM,0.004585454880725592,0.008858511311700568,0.004273056430974975,False
469,vit_base,IntegratedGradients,0.004356308790738695,0.004990032222121954,0.0006337234313832591,False
469,vit_base,Random,0.010028940276242793,0.006992765027098356,-0.0030361752491444363,True
470,mobilevit_s,GradCAM,0.11315353027284802,0.4458740934729576,0.33272056320010956,False
470,mobilevit_s,IntegratedGradients,0.09727716604211309,0.45219069719314575,0.35491353115103264,False
470,mobilevit_s,Random,0.21311815423396183,0.1606159673705406,-0.05250218686342123,True
470,resnet50,GradCAM,0.21788545603631065,0.4999673038721084,0.28208184783579776,False
470,resnet50,IntegratedGradients,0.18060061894357207,0.49996454119682315,0.31936392225325105,False
470,resnet50,LRP,0.13625353518873456,0.4999561041593552,0.36370256897062064,False
470,resnet50,Random,0.290548971761018,0.29030934707261624,-0.00023962468840177387,True
470,vit_base,Chefer-LRP,0.21304927746532487,0.3797872141003609,0.16673793663503605,False
470,vit_base,GradCAM,0.09907302064821125,0.3600057020783424,0.26093268143013115,False
470,vit_base,IntegratedGradients,0.2442511349916458,0.34775782376527786,0.10350668877363206,False
470,vit_base,Random,0.34621211141347885,0.2660079197492451,-0.08020419166423376,True
471,mobilevit_s,GradCAM,0.11082910983823241,0.4306052222847939,0.3197761124465615,False
471,mobilevit_s,IntegratedGradients,0.15447661082725972,0.41792488247156145,0.26344827164430173,False
471,mobilevit_s,Random,0.23604381368895702,0.2914535222422274,0.055409708553270404,False
471,resnet50,GradCAM,0.31753912453423255,0.4999797195196152,0.18244059498538262,False
471,resnet50,IntegratedGradients,0.18654847959405743,0.49996525943279263,0.31341677983873517,False
471,resnet50,LRP,0.1693783659837209,0.4999828726053238,0.3306045066216029,False
471,resnet50,Random,0.3313712553266669,0.3539858907926828,0.022614635466015887,False
471,vit_base,Chefer-LRP,0.18982013820204885,0.45665896832942965,0.2668388301273808,False
471,vit_base,GradCAM,0.1658003574470058,0.4467408820986748,0.28094052465166897,False
471,vit_base,IntegratedGradients,0.41339020729064946,0.44312633723020556,0.0297361299395561,False
471,vit_base,Random,0.4383018344640731,0.40727093368768696,-0.03103090077638615,True
472,mobilevit_s,GradCAM,0.0023971650865860284,0.423624823614955,0.42122765852836896,False
472,mobilevit_s,IntegratedGradients,0.004946214385563507,0.12205561213195323,0.11710939774638973,False
472,mobilevit_s,Random,0.010943867330206558,0.01443579139449867,0.003491924064292112,False
472,resnet50,GradCAM,0.006631526492128614,0.24028488360345363,0.233653357111325,False
472,resnet50,IntegratedGradients,0.002723264726228081,0.04608409386128187,0.04336082913505379,False
472,resnet50,LRP,0.012414111447287724,0.06235482176052757,0.04994071031323984,False
472,resnet50,Random,0.004607767274137586,0.007572938987868838,0.002965171713731252,False
472,vit_base,Chefer-LRP,0.09150298028253019,0.056346098147332664,-0.03515688213519753,True
472,vit_base,GradCAM,0.009818281829939225,0.21730345021933314,0.20748516838939393,False
472,vit_base,IntegratedGradients,0.11982193905860185,0.034415386803448196,-0.08540655225515364,True
472,vit_base,Random,0.10392440240830182,0.141212441958487,0.037288039550185184,False
473,mobilevit_s,GradCAM,0.02787498496727494,0.4263519525527954,0.3984769675855205,False
473,mobilevit_s,IntegratedGradients,0.1907391823770013,0.36007601767778397,0.16933683530078267,False
473,mobilevit_s,Random,0.2657014759424783,0.2359113571350463,-0.029790118807431987,True
473,resnet50,GradCAM,0.17638618107494042,0.4992368444800377,0.32285066340509727,False
473,resnet50,IntegratedGradients,0.11842677862632628,0.49823880493640904,0.37981202631008276,False
473,resnet50,LRP,0.04290714364724408,0.4985411450266838,0.4556340013794397,False
473,resnet50,Random,0.08965032817068279,0.25717096566222614,0.16752063749154333,False
473,vit_base,Chefer-LRP,0.195185949432198,0.30244527310132985,0.10725932366913185,False
473,vit_base,GradCAM,0.14520044284872713,0.25652677640318877,0.11132633355446164,False
473,vit_base,IntegratedGradients,0.24126492331270127,0.35177970975637435,0.11051478644367307,False
473,vit_base,Random,0.2869641505181789,0.2957395769655704,0.008775426447391488,False
474,mobilevit_s,GradCAM,0.013522543208819114,0.3191025771200657,0.30558003391124655,False
474,mobilevit_s,IntegratedGradients,0.013461422149339344,0.3292676948010922,0.3158062726517529,False
474,mobilevit_s,Random,0.10352010443421024,0.046327785236644554,-0.057192319197565684,True
474,resnet50,GradCAM,0.020731165099641662,0.18987167626619342,0.16914051116655177,False
474,resnet50,IntegratedGradients,0.014793870173161852,0.18538983426988126,0.1705959640967194,False
474,resnet50,LRP,0.01067204501978267,0.12355262339115143,0.11288057837136876,False
474,resnet50,Random,0.06756784017197788,0.06436606161805684,-0.0032017785539210364,True
474,vit_base,Chefer-LRP,0.020480834769841753,0.2933359377086163,0.2728551029387746,False
474,vit_base,GradCAM,0.018364228078280576,0.2968410953879357,0.2784768673096551,False
474,vit_base,IntegratedGradients,0.10361896939430153,0.31058891043066983,0.2069699410363683,False
474,vit_base,Random,0.16543507389724257,0.11390387751162052,-0.05153119638562205,True
475,mobilevit_s,GradCAM,0.10216936871220243,0.41379708945751187,0.3116277207453094,False
475,mobilevit_s,IntegratedGradients,0.39485491216182705,0.3655106708407402,-0.029344241321086872,True
475,mobilevit_s,Random,0.32704228609800334,0.27546173632144927,-0.051580549776554074,True
475,resnet50,GradCAM,0.006474916830393341,0.342225057631731,0.33575014080133764,False
475,resnet50,IntegratedGradients,0.055965833063964965,0.19098529929397043,0.13501946623000546,False
475,resnet50,LRP,0.007736724815003981,0.32033072486519815,0.31259400005019417,False
475,resnet50,Random,0.013436049194092449,0.020382882189005615,0.006946832994913166,False
475,vit_base,Chefer-LRP,0.049535428173840046,0.21934960298240186,0.1698141748085618,False
475,vit_base,GradCAM,0.027705508191138508,0.19755410179495814,0.16984859360381963,False
475,vit_base,IntegratedGradients,0.0980474240379408,0.22848727479577063,0.13043985075782982,False
475,vit_base,Random,0.12781132161617278,0.1507863538339734,0.022975032217800617,False
476,mobilevit_s,GradCAM,0.31745183393359183,0.45388087481260303,0.1364290408790112,False
476,mobilevit_s,IntegratedGradients,0.2729561510495842,0.18316246112808587,-0.08979368992149833,True
476,mobilevit_s,Random,0.13625171800958924,0.19092789957066997,0.05467618156108073,False
476,resnet50,GradCAM,0.4814864382147789,0.4999920830130577,0.01850564479827882,False
476,resnet50,IntegratedGradients,0.20172676041256637,0.4999890953302384,0.298262334917672,False
476,resnet50,LRP,0.37297199666500097,0.4999167010188103,0.12694470435380933,False
476,resnet50,Random,0.27739370639901606,0.378958285599947,0.10156457920093093,False
476,vit_base,Chefer-LRP,0.4310460641980171,0.4065849229693413,-0.02446114122867582,True
476,vit_base,GradCAM,0.4387441843748093,0.41459361314773563,-0.024150571227073647,True
476,vit_base,IntegratedGradients,0.43060247302055366,0.44987194538116454,0.019269472360610884,False
476,vit_base,Random,0.4350220933556556,0.43624343574047086,0.0012213423848152494,False
477,mobilevit_s,GradCAM,0.061133164586499346,0.3192427821457386,0.2581096175592392,False
477,mobilevit_s,IntegratedGradients,0.22246216973289848,0.036042330757481984,-0.1864198389754165,True
477,mobilevit_s,Random,0.15998630175017753,0.07854108681785876,-0.08144521493231877,True
477,resnet50,GradCAM,0.33501413539052016,0.4997381657361984,0.16472403034567823,False
477,resnet50,IntegratedGradients,0.18219687058590353,0.4995418399572373,0.3173449693713337,False
477,resnet50,LRP,0.22373648807406427,0.4998869687318802,0.27615048065781594,False
477,resnet50,Random,0.1821272311382927,0.17857203630846924,-0.0035551948298234715,True
477,vit_base,Chefer-LRP,0.43093122392892835,0.42954930812120434,-0.0013819158077240101,True
477,vit_base,GradCAM,0.35585221052169796,0.4270384520292282,0.07118624150753022,False
477,vit_base,IntegratedGradients,0.4334806606173515,0.4303075268864632,-0.0031731337308883445,True
477,vit_base,Random,0.43266425728797914,0.4297443926334381,-0.0029198646545410267,True
478,mobilevit_s,GradCAM,0.0023526900869910604,0.007372349081560969,0.005019658994569909,False
478,mobilevit_s,IntegratedGradients,0.0030988931277534,0.003685464430600405,0.000586571302847005,False
478,mobilevit_s,Random,0.004072600511426572,0.003105271502863616,-0.0009673290085629562,True
478,resnet50,GradCAM,0.07276228538248689,0.27716314047574997,0.20440085509326308,False
478,resnet50,IntegratedGradients,0.13529657267790757,0.033794600056717174,-0.1015019726211904,True
478,resnet50,LRP,0.02896249924378936,0.18356487381388434,0.15460237457009499,False
478,resnet50,Random,0.05482305168261519,0.04020032721564348,-0.014622724466971708,True
478,vit_base,Chefer-LRP,0.029039783519692722,0.10359896142035724,0.07455917790066452,False
478,vit_base,GradCAM,0.02055328586138785,0.08239131085574626,0.061838024994358406,False
478,vit_base,IntegratedGradients,0.032508193887770175,0.09262980055063963,0.060121606662869455,False
478,vit_base,Random,0.02586267471779138,0.03178519925568253,0.00592252453789115,False
479,mobilevit_s,GradCAM,0.12194206882268191,0.3828608810901642,0.26091881226748226,False
479,mobilevit_s,IntegratedGradients,0.12691175593063236,0.2901073634624482,0.16319560753181583,False
479,mobilevit_s,Random,0.11976149589172565,0.16113383821211757,0.04137234232039193,False
479,resnet50,GradCAM,0.07707659631269052,0.4963191539049148,0.4192425575922243,False
479,resnet50,IntegratedGradients,0.06463888207945274,0.4457210123538971,0.3810821302744444,False
479,resnet50,LRP,0.05713890814222396,0.4876789450645447,0.43054003692232073,False
479,resnet50,Random,0.19009541827326756,0.08141369639006373,-0.10868172188320384,True
479,vit_base,Chefer-LRP,0.23155495189130307,0.37756386250257495,0.14600891061127189,False
479,vit_base,GradCAM,0.22912805341184142,0.35785207748413084,0.12872402407228942,False
479,vit_base,IntegratedGradients,0.3345783546566964,0.3236527867615223,-0.010925567895174071,True
479,vit_base,Random,0.36663266420364377,0.29321700856089594,-0.07341565564274782,True
480,mobilevit_s,GradCAM,0.1842077512294054,0.46733747422695165,0.28312972299754624,False
480,mobilevit_s,IntegratedGradients,0.4699133425951004,0.4448967397212982,-0.02501660287380225,True
480,mobilevit_s,Random,0.3273234595602844,0.322836853354238,-0.004486606206046406,True
480,resnet50,GradCAM,0.4951107710599899,0.49999952018260957,0.004888749122619662,False
480,resnet50,IntegratedGradients,0.469954177737236,0.4999964624643326,0.03004228472709658,False
480,resnet50,LRP,0.4503532357513905,0.4999990373849869,0.04964580163359639,False
480,resnet50,Random,0.3826135641196743,0.45644950699061154,0.07383594287093725,False
480,vit_base,Chefer-LRP,0.42441810071468355,0.420613132417202,-0.003804968297481559,True
480,vit_base,GradCAM,0.4223042979836464,0.4256308168172836,0.0033265188336372153,False
480,vit_base,IntegratedGradients,0.42944874316453935,0.41933023035526273,-0.010118512809276614,True
480,vit_base,Random,0.37255544513463973,0.37285519577562815,0.00029975064098841653,False
481,mobilevit_s,GradCAM,0.3323866702616215,0.4761665269732476,0.14377985671162608,False
481,mobilevit_s,IntegratedGradients,0.15470390100963416,0.4783134788274765,0.32360957781784233,False
481,mobilevit_s,Random,0.2253250412511989,0.29873151526990116,0.07340647401870226,False
481,resnet50,GradCAM,0.3425486892461777,0.49185761213302615,0.14930892288684844,False
481,resnet50,IntegratedGradients,0.45193269029259686,0.4739716589450836,0.022038968652486723,False
481,resnet50,LRP,0.2513974486384541,0.4913522139191628,0.2399547652807087,False
481,resnet50,Random,0.3529368486721069,0.3470946717076004,-0.005842176964506507,True
481,vit_base,Chefer-LRP,0.30199285149574284,0.361403751373291,0.05941089987754816,False
481,vit_base,GradCAM,0.22641191184520723,0.3601360931992531,0.13372418135404587,False
481,vit_base,IntegratedGradients,0.3631837457418442,0.3002527706325054,-0.06293097510933882,True
481,vit_base,Random,0.21618430893868212,0.27593684419989584,0.05975253526121371,False
482,mobilevit_s,GradCAM,0.33633052799850705,0.4377649873495102,0.10143445935100315,False
482,mobilevit_s,IntegratedGradients,0.4166058912873268,0.3966084182262421,-0.01999747306108468,True
482,mobilevit_s,Random,0.3432029351592064,0.40255690068006517,0.059353965520858754,False
482,resnet50,GradCAM,0.49889539629220964,0.4970865219831467,-0.0018088743090629578,True
482,resnet50,IntegratedGradients,0.49616707116365427,0.49281073659658436,-0.0033563345670699074,True
482,resnet50,LRP,0.4975375846028328,0.48287564516067505,-0.014661939442157768,True
482,resnet50,Random,0.4910221755504608,0.49406495243310933,0.0030427768826485346,False
482,vit_base,Chefer-LRP,0.439924643933773,0.4072131797671318,-0.032711464166641224,True
482,vit_base,GradCAM,0.43608726263046266,0.3934424996376038,-0.04264476299285885,True
482,vit_base,IntegratedGradients,0.42203300744295125,0.4379454970359802,0.015912489593028933,False
482,vit_base,Random,0.4114261135458946,0.41561945825815205,0.004193344712257463,False
483,mobilevit_s,GradCAM,0.17721264706924558,0.12067109867930412,-0.056541548389941465,True
483,mobilevit_s,IntegratedGradients,0.14067080097447618,0.09816179908812046,-0.042509001886355716,True
483,mobilevit_s,Random,0.05287405711278553,0.055442048548138716,0.0025679914353531827,False
483,resnet50,GradCAM,0.3696395173668861,0.4982105419039726,0.12857102453708652,False
483,resnet50,IntegratedGradients,0.35098320227116353,0.46911997944116596,0.11813677717000243,False
483,resnet50,LRP,0.19963302942924205,0.49882101118564603,0.299187981756404,False
483,resnet50,Random,0.20617170421755873,0.270427488203859,0.06425578398630025,False
483,vit_base,Chefer-LRP,0.3042212046682835,0.3448990866541862,0.04067788198590272,False
483,vit_base,GradCAM,0.28682432919740675,0.3255111202597618,0.038686791062355064,False
483,vit_base,IntegratedGradients,0.2740987569093704,0.33777492046356206,0.06367616355419164,False
483,vit_base,Random,0.16599055379629138,0.20183943659067155,0.03584888279438017,False
484,mobilevit_s,GradCAM,0.4149455025792122,0.3194699347019196,-0.09547556787729261,True
484,mobilevit_s,IntegratedGradients,0.2509587099775672,0.24601153004914522,-0.004947179928421974,True
484,mobilevit_s,Random,0.1286897388577927,0.13623266962240452,0.0075429307646118215,False
484,resnet50,GradCAM,0.49466401487588885,0.4999717205762863,0.005307705700397458,False
484,resnet50,IntegratedGradients,0.4746631354093552,0.49861237853765483,0.023949243128299658,False
484,resnet50,LRP,0.40038486412959173,0.49982486218214034,0.0994399980525486,False
484,resnet50,Random,0.2750986668164842,0.23889999763341624,-0.036198669183067966,True
484,vit_base,Chefer-LRP,0.3340063259005547,0.3550869271159172,0.021080601215362538,False
484,vit_base,GradCAM,0.3640346303582191,0.34478907436132433,-0.01924555599689476,True
484,vit_base,IntegratedGradients,0.3525054782629013,0.3428715497255326,-0.009633928537368719,True
484,vit_base,Random,0.33851017206907275,0.30383334743091844,-0.0346768246381543,True
485,mobilevit_s,GradCAM,0.00020516530767054065,0.008266765356529504,0.008061600048858964,False
485,mobilevit_s,IntegratedGradients,0.0006674431235296652,0.015108904719818381,0.014441461596288716,False
485,mobilevit_s,Random,0.0007808530019246974,0.0003920965253200848,-0.0003887564766046126,True
485,resnet50,GradCAM,0.0022350566578097646,0.05768357971683144,0.055448523059021676,False
485,resnet50,IntegratedGradients,0.002653972897678614,0.01957781936507672,0.016923846467398106,False
485,resnet50,LRP,0.0033057689346605913,0.053929101768881084,0.05062333283422049,False
485,resnet50,Random,0.006161840661297902,0.0078222887683296,0.0016604481070316979,False
485,vit_base,Chefer-LRP,0.01182746516351472,0.10892996452748775,0.09710249936397303,False
485,vit_base,GradCAM,0.010506197691574926,0.08340507559478283,0.0728988779032079,False
485,vit_base,IntegratedGradients,0.03230409822717775,0.0698073286563158,0.03750323042913804,False
485,vit_base,Random,0.036142954567185366,0.04257104006828741,0.006428085501102042,False
486,mobilevit_s,GradCAM,0.0689585162792355,0.24734245687723158,0.1783839405979961,False
486,mobilevit_s,IntegratedGradients,0.11055138418450952,0.2936057493090629,0.1830543651245534,False
486,mobilevit_s,Random,0.23853232147521344,0.20493920511216857,-0.03359311636304488,True
486,resnet50,GradCAM,0.21825698133907284,0.4820844784379006,0.26382749709882775,False
486,resnet50,IntegratedGradients,0.2725473621394485,0.47265985459089277,0.20011249245144425,False
486,resnet50,LRP,0.1556500078411773,0.4794379264116287,0.3237879185704514,False
486,resnet50,Random,0.18241878888657084,0.36122616553329867,0.17880737664672783,False
486,vit_base,Chefer-LRP,0.22056845389306548,0.3955540910363198,0.1749856371432543,False
486,vit_base,GradCAM,0.12328216070309282,0.36031929850578315,0.2370371378026903,False
486,vit_base,IntegratedGradients,0.33065325915813454,0.37644565254449847,0.04579239338636393,False
486,vit_base,Random,0.37943304777145387,0.32911396585404873,-0.05031908191740514,True
487,mobilevit_s,GradCAM,0.0875803994946182,0.2922953173518181,0.20471491785719986,False
487,mobilevit_s,IntegratedGradients,0.12763730026781558,0.14942663130350414,0.02178933103568856,False
487,mobilevit_s,Random,0.10295868912094193,0.08633448937596314,-0.016624199744978793,True
487,resnet50,GradCAM,0.22489554799394681,0.4987450435757637,0.2738494955818169,False
487,resnet50,IntegratedGradients,0.09009133409126663,0.4914739340543747,0.40138259996310804,False
487,resnet50,LRP,0.19906739046564326,0.4944876328110695,0.29542024234542624,False
487,resnet50,Random,0.12058096769033,0.23873566679540092,0.11815469910507093,False
487,vit_base,Chefer-LRP,0.1383579121902585,0.2501556031405926,0.1117976909503341,False
487,vit_base,GradCAM,0.14517007917165758,0.24786956459283827,0.10269948542118068,False
487,vit_base,IntegratedGradients,0.2331535793840885,0.2731635645031929,0.04000998511910439,False
487,vit_base,Random,0.25530456528067585,0.3581337332725525,0.10282916799187664,False
488,mobilevit_s,GradCAM,0.05654515691567213,0.42662636339664456,0.3700812064809724,False
488,mobilevit_s,IntegratedGradients,0.12961067901778733,0.4399770990014076,0.31036641998362025,False
488,mobilevit_s,Random,0.2179034237853557,0.17705076755082702,-0.04085265623452869,True
488,resnet50,GradCAM,0.3576228111982346,0.4999958008527755,0.14237298965454093,False
488,resnet50,IntegratedGradients,0.22133994067553434,0.4999882400035858,0.27864829932805146,False
488,resnet50,LRP,0.16869254501652906,0.49999290704727173,0.33130036203074265,False
488,resnet50,Random,0.3185337121598423,0.2656360710621812,-0.0528976410976611,True
488,vit_base,Chefer-LRP,0.3081065820530057,0.45173671245574953,0.14363013040274386,False
488,vit_base,GradCAM,0.29920463301241396,0.43451477736234667,0.13531014434993272,False
488,vit_base,IntegratedGradients,0.4000225722789765,0.44689048677682874,0.04686791449785227,False
488,vit_base,Random,0.42143780887126925,0.44201445132493977,0.020576642453670524,False
489,mobilevit_s,GradCAM,0.13190983054228125,0.46987038403749465,0.33796055349521337,False
489,mobilevit_s,IntegratedGradients,0.38575553037226207,0.36306796060816854,-0.02268756976409353,True
489,mobilevit_s,Random,0.27951720453565937,0.27964706355996904,0.00012985902430967533,False
489,resnet50,GradCAM,0.3946716330945491,0.49999116063117977,0.10531952753663065,False
489,resnet50,IntegratedGradients,0.34174555416684604,0.49999421536922456,0.15824866120237852,False
489,resnet50,LRP,0.26382597838528454,0.49999297559261324,0.2361669972073287,False
489,resnet50,Random,0.43218676075339324,0.3984089734032751,-0.03377778735011816,True
489,vit_base,Chefer-LRP,0.2211450430360856,0.412056203186512,0.1909111601504264,False
489,vit_base,GradCAM,0.23181085428223014,0.40058589577674864,0.1687750414945185,False
489,vit_base,IntegratedGradients,0.41882170438766475,0.4176685228943825,-0.0011531814932822515,True
489,vit_base,Random,0.4032178327441216,0.3929395690560341,-0.010278263688087486,True
490,mobilevit_s,GradCAM,0.023840903494146914,0.3681808605790138,0.34433995708486687,False
490,mobilevit_s,IntegratedGradients,0.12497625696742035,0.15393945092655487,0.02896319395913452,False
490,mobilevit_s,Random,0.09794641888265689,0.12884797242641072,0.030901553543753832,False
490,resnet50,GradCAM,0.017213710439148145,0.4171753227710724,0.39996161233192423,False
490,resnet50,IntegratedGradients,0.021395675529493022,0.3851268529891968,0.3637311774597038,False
490,resnet50,LRP,0.017390212291593342,0.3813455998897553,0.363955387598162,False
490,resnet50,Random,0.08629870020231468,0.06580086958638277,-0.02049783061593191,True
490,vit_base,Chefer-LRP,0.1300458228157368,0.42113727033138276,0.291091447515646,False
490,vit_base,GradCAM,0.10983396930387244,0.35754190087318416,0.2477079315693117,False
490,vit_base,IntegratedGradients,0.36129411072470247,0.37912753298878665,0.017833422264084187,False
490,vit_base,Random,0.26698814318515357,0.22332653435878455,-0.04366160882636902,True
491,mobilevit_s,GradCAM,0.1775877412233967,0.47396462261676786,0.29637688139337115,False
491,mobilevit_s,IntegratedGradients,0.3206359170377254,0.3232844382320763,0.0026485211943508835,False
491,mobilevit_s,Random,0.24630426959338367,0.198193657308002,-0.04811061228538166,True
491,resnet50,GradCAM,0.21379714742506623,0.4999142944812775,0.2861171470562113,False
491,resnet50,IntegratedGradients,0.4977477669715882,0.3963572595268488,-0.10139050744473938,True
491,resnet50,LRP,0.1705821643801755,0.49990180283784863,0.3293196384576731,False
491,resnet50,Random,0.44402222931385044,0.2296603515656898,-0.21436187774816062,True
491,vit_base,Chefer-LRP,0.20192169518559241,0.38414772599935526,0.18222603081376285,False
491,vit_base,GradCAM,0.18004085517750354,0.38990762829780584,0.2098667731203023,False
491,vit_base,IntegratedGradients,0.3758915960788726,0.2918735802057199,-0.08401801587315272,True
491,vit_base,Random,0.3648563355207443,0.38491850346326834,0.020062167942524023,False
492,mobilevit_s,GradCAM,0.2990918906405568,0.4521747872233391,0.1530828965827823,False
492,mobilevit_s,IntegratedGradients,0.20036286391550676,0.3771649323403835,0.17680206842487675,False
492,mobilevit_s,Random,0.1259161951544229,0.13857606695964936,0.012659871805226458,False
492,resnet50,GradCAM,0.46950907409191134,0.49951842427253723,0.030009350180625893,False
492,resnet50,IntegratedGradients,0.4844301700592041,0.45368621349334715,-0.030743956565856934,True
492,resnet50,LRP,0.47300182133913043,0.49926175475120543,0.026259933412075,False
492,resnet50,Random,0.4435802585678175,0.48492926359176636,0.04134900502394884,False
492,vit_base,Chefer-LRP,0.37102285772562027,0.4206714436411858,0.049648585915565535,False
492,vit_base,GradCAM,0.38720068000257013,0.42278804928064345,0.03558736927807332,False
492,vit_base,IntegratedGradients,0.42192694544792175,0.3683670908212662,-0.05355985462665558,True
492,vit_base,Random,0.4113823607563973,0.40057372823357584,-0.010808632522821437,True
493,mobilevit_s,GradCAM,0.03392651270842179,0.2774092495441437,0.2434827368357219,False
493,mobilevit_s,IntegratedGradients,0.03359562093392015,0.17463963404297828,0.14104401310905812,False
493,mobilevit_s,Random,0.08258311316603796,0.05986918862035964,-0.02271392454567832,True
493,resnet50,GradCAM,0.027611471962882207,0.41601601839065555,0.38840454642777333,False
493,resnet50,IntegratedGradients,0.08593089205678553,0.38967427313327796,0.30374338107649246,False
493,resnet50,LRP,0.021595690649701287,0.4302076652646065,0.4086119746149052,False
493,resnet50,Random,0.23729700917465382,0.1882700314759859,-0.04902697769866793,True
493,vit_base,Chefer-LRP,0.35282444846816363,0.44029639512300495,0.08747194665484131,False
493,vit_base,GradCAM,0.2235625276807696,0.4373643919825554,0.2138018643017858,False
493,vit_base,IntegratedGradients,0.4384650394320488,0.4237147003412247,-0.014750339090824072,True
493,vit_base,Random,0.4125543422996998,0.4048933617770672,-0.007660980522632588,True
494,mobilevit_s,GradCAM,0.2428318195627071,0.444028490781784,0.20119667121907692,False
494,mobilevit_s,IntegratedGradients,0.16574818005319686,0.23146811079932378,0.06571993074612692,False
494,mobilevit_s,Random,0.11744970725667371,0.10639125715824777,-0.011058450098425945,True
494,resnet50,GradCAM,0.2591077676508576,0.4999670505523682,0.2408592829015106,False
494,resnet50,IntegratedGradients,0.467593052983284,0.42613485604524615,-0.04145819693803787,True
494,resnet50,LRP,0.25879937056743074,0.49993316531181337,0.24113379474438262,False
494,resnet50,Random,0.33231504815630614,0.30282321911072363,-0.029491829045582507,True
494,vit_base,Chefer-LRP,0.31512826681137085,0.39834021776914597,0.08321195095777512,False
494,vit_base,GradCAM,0.3527242708951235,0.42437769472599035,0.07165342383086687,False
494,vit_base,IntegratedGradients,0.35002023279666905,0.3679633438587188,0.017943111062049766,False
494,vit_base,Random,0.27610638812184335,0.2759694822132588,-0.00013690590858456142,True
495,mobilevit_s,GradCAM,0.4177716732025146,0.419587019085884,0.0018153458833694014,False
495,mobilevit_s,IntegratedGradients,0.2616246124947793,0.43847033381462097,0.17684572131984166,False
495,mobilevit_s,Random,0.33460318148136137,0.39012736305594453,0.055524181574583165,False
495,resnet50,GradCAM,0.4999712601304055,0.5,2.873986959450736e-05,False
495,resnet50,IntegratedGradients,0.497602891921997,0.49998293966054913,0.0023800477385521046,False
495,resnet50,LRP,0.4831198737025261,0.49999999403953554,0.01688012033700942,False
495,resnet50,Random,0.3823036108165979,0.4049562177620829,0.022652606945484988,False
495,vit_base,Chefer-LRP,0.2886104632169008,0.43751639127731323,0.14890592806041242,False
495,vit_base,GradCAM,0.30523430109024047,0.4208858847618102,0.11565158367156975,False
495,vit_base,IntegratedGradients,0.4012185424566269,0.4182142868638039,0.016995744407176994,False
495,vit_base,Random,0.31286823377013206,0.3819485865533352,0.06908035278320312,False
496,mobilevit_s,GradCAM,0.05560059374438426,0.47579448819160464,0.4201938944472204,False
496,mobilevit_s,IntegratedGradients,0.2004519370268099,0.39189333170652396,0.19144139467971405,False
496,mobilevit_s,Random,0.14966803091083422,0.13489648743852745,-0.014771543472306775,True
496,resnet50,GradCAM,0.3599783930345439,0.4999981552362442,0.14001976220170032,False
496,resnet50,IntegratedGradients,0.43943194337189195,0.49999948740005495,0.060567544028163,False
496,resnet50,LRP,0.24718826504831667,0.49999917149543766,0.252810906447121,False
496,resnet50,Random,0.3790952504612506,0.3536108665110078,-0.025484383950242773,True
496,vit_base,Chefer-LRP,0.3289753075689078,0.42920086383819583,0.10022555626928803,False
496,vit_base,GradCAM,0.3930608004331589,0.41595268398523333,0.022891883552074443,False
496,vit_base,IntegratedGradients,0.3952931717038155,0.44579324424266814,0.050500072538852636,False
496,vit_base,Random,0.32996951397508384,0.3078252494335175,-0.022144264541566316,True
497,mobilevit_s,GradCAM,0.02430016442376655,0.02088843295350671,-0.003411731470259839,True
497,mobilevit_s,IntegratedGradients,0.0076276705720374595,0.05468942629813683,0.047061755726099365,False
497,mobilevit_s,Random,0.03729500827976153,0.028046979915234256,-0.009248028364527275,True
497,resnet50,GradCAM,0.0009567211347530247,0.08049927137326449,0.07954255023851146,False
497,resnet50,IntegratedGradients,0.0011296720593236386,0.0018350917271163785,0.0007054196677927398,False
497,resnet50,LRP,0.0012024154668324627,0.00599492042674683,0.004792504959914367,False
497,resnet50,Random,0.002901479048887268,0.0022945245087612424,-0.0006069545401260258,True
497,vit_base,Chefer-LRP,0.08399926573038102,0.14703255146741864,0.06303328573703762,False
497,vit_base,GradCAM,0.050963370857061825,0.1357192099094391,0.08475583905237727,False
497,vit_base,IntegratedGradients,0.07169173546135427,0.08273375015705825,0.011042014695703983,False
497,vit_base,Random,0.061962250713258976,0.0631426740437746,0.0011804233305156286,False
498,mobilevit_s,GradCAM,0.1752039322629571,0.3934932664036751,0.218289334140718,False
498,mobilevit_s,IntegratedGradients,0.2868027083575726,0.34580264464020727,0.05899993628263467,False
498,mobilevit_s,Random,0.27737082988023765,0.27509389012120666,-0.0022769397590309826,True
498,resnet50,GradCAM,0.25463513191789394,0.49589827060699465,0.2412631386891007,False
498,resnet50,IntegratedGradients,0.4873591676354408,0.4867123395204544,-0.0006468281149863975,True
498,resnet50,LRP,0.24613213092088698,0.49444962143898014,0.24831749051809315,False
498,resnet50,Random,0.4061271917074919,0.3747161478735507,-0.03141104383394122,True
498,vit_base,Chefer-LRP,0.27542544230818755,0.3403164267539978,0.06489098444581026,False
498,vit_base,GradCAM,0.30803798139095306,0.3548429608345032,0.04680497944355011,False
498,vit_base,IntegratedGradients,0.30441046655178067,0.32562201619148257,0.0212115496397019,False
498,vit_base,Random,0.3622756510972977,0.3616495341062546,-0.0006261169910430908,True
499,mobilevit_s,GradCAM,0.10837974043097348,0.3863159418106079,0.27793620137963443,False
499,mobilevit_s,IntegratedGradients,0.2676232090219856,0.3270450880751014,0.0594218790531158,False
499,mobilevit_s,Random,0.2845126130618155,0.4301817521452903,0.14566913908347479,False
499,resnet50,GradCAM,0.3116602845489979,0.4970194265246391,0.18535914197564118,False
499,resnet50,IntegratedGradients,0.2507031577406451,0.4906224355101585,0.23991927776951338,False
499,resnet50,LRP,0.18154162050341255,0.4978675350546837,0.3163259145512711,False
499,resnet50,Random,0.29466946665197613,0.4183946803212165,0.12372521366924039,False
499,vit_base,Chefer-LRP,0.2040825923555531,0.3940632998943329,0.18998070753877982,False
499,vit_base,GradCAM,0.20082859073590956,0.3319607809185982,0.13113219018268865,False
499,vit_base,IntegratedGradients,0.31584945470094683,0.399745275080204,0.08389582037925719,False
499,vit_base,Random,0.3338046811521054,0.39655278474092487,0.06274810358881949,False
500,mobilevit_s,GradCAM,0.06573125071445247,0.48232057392597205,0.4165893232115196,False
500,mobilevit_s,IntegratedGradients,0.13296265128592494,0.4837974950671196,0.35083484378119467,False
500,mobilevit_s,Random,0.2814098268863745,0.1285545216611354,-0.1528553052252391,True
500,resnet50,GradCAM,0.08168034381233155,0.49994095712900166,0.4182606133166701,False
500,resnet50,IntegratedGradients,0.11097497423179446,0.49993033260107034,0.38895535836927586,False
500,resnet50,LRP,0.03728635385632515,0.4999314025044441,0.46264504864811895,False
500,resnet50,Random,0.22443253265545313,0.2803725105007288,0.055939977845275685,False
500,vit_base,Chefer-LRP,0.07766139619052409,0.38560184538364406,0.30794044919311997,False
500,vit_base,GradCAM,0.06976760691031814,0.39751571714878087,0.32774811023846273,False
500,vit_base,IntegratedGradients,0.32163220348302274,0.3530389606952667,0.03140675721224395,False
500,vit_base,Random,0.2888686992228031,0.2617322939448059,-0.02713640527799721,True
501,mobilevit_s,GradCAM,0.011065140494611117,0.37233845889568323,0.36127331840107213,False
501,mobilevit_s,IntegratedGradients,0.022427649790188298,0.34888844043016437,0.3264607906399761,False
501,mobilevit_s,Random,0.10610719859250822,0.13238802903215402,0.026280830439645797,False
501,resnet50,GradCAM,0.014206871623173358,0.2847241461277008,0.27051727450452745,False
501,resnet50,IntegratedGradients,0.052640988115308575,0.26517814993858335,0.21253716182327478,False
501,resnet50,LRP,0.011726652702782303,0.3298523351550102,0.31812568245222794,False
501,resnet50,Random,0.06645758112936165,0.0721912003660691,0.0057336192367074545,False
501,vit_base,Chefer-LRP,0.047232105853618124,0.2999652460217476,0.2527331401681295,False
501,vit_base,GradCAM,0.02395940277638147,0.3536288052797318,0.3296694025033503,False
501,vit_base,IntegratedGradients,0.17453872004989537,0.32314849644899374,0.14860977639909836,False
501,vit_base,Random,0.17114668665453792,0.1764509675485897,0.005304280894051772,False
502,mobilevit_s,GradCAM,0.20132918134331707,0.2947577878832818,0.09342860653996471,False
502,mobilevit_s,IntegratedGradients,0.2700545281171799,0.286975179426372,0.016920651309192125,False
502,mobilevit_s,Random,0.3739993141760351,0.31327519793994724,-0.060724116236087866,True
502,resnet50,GradCAM,0.14303496908396482,0.33088164031505585,0.18784667123109103,False
502,resnet50,IntegratedGradients,0.2294617688283324,0.2939420692622662,0.06448030043393377,False
502,resnet50,LRP,0.106653526017908,0.34477601945400244,0.23812249343609443,False
502,resnet50,Random,0.25051296851597726,0.27969024602789433,0.029177277511917066,False
502,vit_base,Chefer-LRP,0.12119151242077351,0.1801973469555378,0.05900583453476428,False
502,vit_base,GradCAM,0.17030770704150203,0.15607106387615202,-0.014236643165350005,True
502,vit_base,IntegratedGradients,0.20634369999170304,0.13981618098914625,-0.0665275190025568,True
502,vit_base,Random,0.16531955003738405,0.13761349394917488,-0.02770605608820917,True
503,mobilevit_s,GradCAM,0.10565501246601344,0.3376130133867264,0.23195800092071295,False
503,mobilevit_s,IntegratedGradients,0.15213260650634763,0.37472669631242755,0.22259408980607992,False
503,mobilevit_s,Random,0.2630807483568788,0.2325011054519564,-0.030579642904922377,True
503,resnet50,GradCAM,0.3298975206911564,0.45430975854396816,0.12441223785281175,False
503,resnet50,IntegratedGradients,0.3654398784041405,0.46420181989669795,0.09876194149255746,False
503,resnet50,LRP,0.24461326953023677,0.4373389482498169,0.19272567871958013,False
503,resnet50,Random,0.2912441725842655,0.2363114352687262,-0.0549327373155393,True
503,vit_base,Chefer-LRP,0.2526351511478424,0.30302088111639025,0.05038572996854784,False
503,vit_base,GradCAM,0.23855864852666858,0.32519846856594087,0.08663982003927229,False
503,vit_base,IntegratedGradients,0.23927325755357742,0.288275820016861,0.04900256246328355,False
503,vit_base,Random,0.21375661268830298,0.2555602505803108,0.041803637892007806,False
504,mobilevit_s,GradCAM,2.2028233161108805e-05,0.0005380010994485928,0.000515972866287484,False
504,mobilevit_s,IntegratedGradients,0.001950482368738449,2.8562622173922132e-05,-0.0019219197465645268,True
504,mobilevit_s,Random,6.830617221567081e-05,0.00014567725120286922,7.737107898719842e-05,False
504,resnet50,GradCAM,4.673732983064838e-05,0.00013106054539093747,8.43232155602891e-05,False
504,resnet50,IntegratedGradients,0.00019892865075235022,0.0001712880427476193,-2.7640608004730926e-05,True
504,resnet50,LRP,0.0013549329827583277,6.442995854740729e-05,-0.0012905030242109205,True
504,resnet50,Random,0.002128457866456301,0.0005748505542214843,-0.0015536073122348168,True
504,vit_base,Chefer-LRP,0.00023329286123043854,0.0002976854149892461,6.439255375880756e-05,False
504,vit_base,GradCAM,0.0002527767501305789,0.00047032695656525894,0.00021755020643468006,False
504,vit_base,IntegratedGradients,0.00028137892950326205,0.0013557564176153395,0.0010743774881120775,False
504,vit_base,Random,0.0002970516412460711,0.00025402667524758725,-4.3024965998483854e-05,True
505,mobilevit_s,GradCAM,0.0010281739592755913,0.011202245677122845,0.010174071717847254,False
505,mobilevit_s,IntegratedGradients,0.001822537597763585,0.003783956886036322,0.001961419288272737,False
505,mobilevit_s,Random,0.0009017295370540523,0.0007591144018988415,-0.00014261513515521072,True
505,resnet50,GradCAM,0.0003950932332372759,0.0033263652818277477,0.002931272048590472,False
505,resnet50,IntegratedGradients,0.000252213383646449,0.005699861363973469,0.00544764798032702,False
505,resnet50,LRP,0.0020410321882081916,0.009081800642888991,0.007040768454680799,False
505,resnet50,Random,0.004890320070626331,0.000903543929598527,-0.003986776141027804,True
505,vit_base,Chefer-LRP,0.006001755261968357,0.05951177747920156,0.05351002221723321,False
505,vit_base,GradCAM,0.0061888859170721846,0.07203658912330868,0.0658477032062365,False
505,vit_base,IntegratedGradients,0.006522833078633995,0.052480785921216,0.04595795284258201,False
505,vit_base,Random,0.02062091797706671,0.07393107446841896,0.05331015649135225,False
506,mobilevit_s,GradCAM,0.32919674143195155,0.43614466935396196,0.10694792792201041,False
506,mobilevit_s,IntegratedGradients,0.3030183223425411,0.420055465400219,0.11703714305767787,False
506,mobilevit_s,Random,0.37761936783790584,0.3419713672250509,-0.035648000612854946,True
506,resnet50,GradCAM,0.3653121985495091,0.4998256772756577,0.1345134787261486,False
506,resnet50,IntegratedGradients,0.37260500043630596,0.4996147513389587,0.12700975090265276,False
506,resnet50,LRP,0.29463000707328324,0.49951833188533784,0.2048883248120546,False
506,resnet50,Random,0.4237782388925553,0.28863372074556537,-0.1351445181469899,True
506,vit_base,Chefer-LRP,0.43856445401906974,0.4339151054620743,-0.004649348556995447,True
506,vit_base,GradCAM,0.4116089344024659,0.4387305721640587,0.02712163776159282,False
506,vit_base,IntegratedGradients,0.43653464615345006,0.43028906434774394,-0.006245581805706113,True
506,vit_base,Random,0.4109859704971313,0.41536366790533064,0.004377697408199321,False
507,mobilevit_s,GradCAM,0.014675488846842201,0.14276490323245528,0.12808941438561308,False
507,mobilevit_s,IntegratedGradients,0.034597645309986554,0.33451137393713,0.29991372862714344,False
507,mobilevit_s,Random,0.05854253704164876,0.0642903250132804,0.0057477879716316405,False
507,resnet50,GradCAM,0.48768037855625157,0.4999877631664276,0.012307384610176053,False
507,resnet50,IntegratedGradients,0.49992642700672146,0.4999344915151596,8.06450843815476e-06,False
507,resnet50,LRP,0.402828402875457,0.49999230802059175,0.09716390514513473,False
507,resnet50,Random,0.40909648607485,0.3627334718126804,-0.0463630142621696,True
507,vit_base,Chefer-LRP,0.4086823120713234,0.44010894894599917,0.031426636874675784,False
507,vit_base,GradCAM,0.3496519267559052,0.42855653017759326,0.07890460342168809,False
507,vit_base,IntegratedGradients,0.4494521856307983,0.4221301987767219,-0.027321986854076385,True
507,vit_base,Random,0.35628436058759694,0.4090439051389694,0.05275954455137244,False
508,mobilevit_s,GradCAM,0.16002938337624076,0.4644623100757599,0.30443292669951916,False
508,mobilevit_s,IntegratedGradients,0.3208570033311844,0.4151145666837692,0.09425756335258484,False
508,mobilevit_s,Random,0.227469057450071,0.15664607690414414,-0.07082298054592687,True
508,resnet50,GradCAM,0.31277386676520114,0.49999869167804717,0.18722482491284603,False
508,resnet50,IntegratedGradients,0.4940090537071228,0.4900407701730728,-0.003968283534049988,True
508,resnet50,LRP,0.23904524275567385,0.4999986231327057,0.26095338037703186,False
508,resnet50,Random,0.24575437153689567,0.315018973685801,0.06926460214890534,False
508,vit_base,Chefer-LRP,0.2574278232641518,0.44707724004983906,0.18964941678568725,False
508,vit_base,GradCAM,0.28563343398273,0.4472673013806343,0.1616338673979043,False
508,vit_base,IntegratedGradients,0.40093112736940384,0.4364905804395675,0.03555945307016367,False
508,vit_base,Random,0.41114125549793246,0.4337568908929824,0.02261563539504996,False
509,mobilevit_s,GradCAM,0.40876410603523256,0.43268238902091977,0.02391828298568721,False
509,mobilevit_s,IntegratedGradients,0.43217302411794667,0.40077104866504676,-0.03140197545289991,True
509,mobilevit_s,Random,0.23110463885823265,0.24756170565378854,0.01645706679555589,False
509,resnet50,GradCAM,0.48384171724319464,0.499996292591095,0.01615457534790038,False
509,resnet50,IntegratedGradients,0.4234147717244923,0.49973182976245883,0.07631705803796651,False
509,resnet50,LRP,0.26754291973338695,0.4999874055385589,0.23244448580517196,False
509,resnet50,Random,0.2783221961115487,0.22745550646213814,-0.050866689649410546,True
509,vit_base,Chefer-LRP,0.378036817908287,0.43112185746431353,0.0530850395560265,False
509,vit_base,GradCAM,0.4206438586115837,0.42803166806697845,0.007387809455394745,False
509,vit_base,IntegratedGradients,0.43066994696855543,0.40018606483936314,-0.030483882129192286,True
509,vit_base,Random,0.3829739401116967,0.39481114596128464,0.011837205849587917,False
510,mobilevit_s,GradCAM,0.034529961629596075,0.44069506078958515,0.40616509915998905,False
510,mobilevit_s,IntegratedGradients,0.31533219888806346,0.4071602292358875,0.09182803034782405,False
510,mobilevit_s,Random,0.29202842065133156,0.1855273517634487,-0.10650106888788285,True
510,resnet50,GradCAM,0.21016074051149192,0.49899986237287525,0.28883912186138333,False
510,resnet50,IntegratedGradients,0.48190219253301625,0.3375419058836997,-0.14436028664931655,True
510,resnet50,LRP,0.056940716158715085,0.4986672848463058,0.4417265686875907,False
510,resnet50,Random,0.20041276110569017,0.3113384409807623,0.11092567987507213,False
510,vit_base,Chefer-LRP,0.23563704178668562,0.4059382528066635,0.1703012110199779,False
510,vit_base,GradCAM,0.2286739106755704,0.3892618894577026,0.1605879787821322,False
510,vit_base,IntegratedGradients,0.3607935220003128,0.3837768107652665,0.022983288764953702,False
510,vit_base,Random,0.3659808300435543,0.3650062769651413,-0.0009745530784129874,True
511,mobilevit_s,GradCAM,0.02224769175809343,0.19875290393829345,0.17650521218020002,False
511,mobilevit_s,IntegratedGradients,0.031435481262451506,0.14837972708046437,0.11694424581801287,False
511,mobilevit_s,Random,0.06673755246656583,0.06349957489146618,-0.0032379775750996515,True
511,resnet50,GradCAM,0.04865276508498937,0.06255039758980274,0.013897632504813372,False
511,resnet50,IntegratedGradients,0.07818172542902176,0.1352994665503502,0.05711774112132843,False
511,resnet50,LRP,0.03403657485032454,0.06011877432465554,0.026082199474331,False
511,resnet50,Random,0.0728500847821124,0.096285201999126,0.023435117217013607,False
511,vit_base,Chefer-LRP,0.05541857141070068,0.15350342839956282,0.09808485698886214,False
511,vit_base,GradCAM,0.06999385266099126,0.1605781313031912,0.09058427864219995,False
511,vit_base,IntegratedGradients,0.14409220665693281,0.15406742282211783,0.009975216165185014,False
511,vit_base,Random,0.0782930051907897,0.12494348287582398,0.046650477685034275,False
512,mobilevit_s,GradCAM,0.35008523464202884,0.3368591040372849,-0.013226130604743924,True
512,mobilevit_s,IntegratedGradients,0.3315709136426449,0.28260051459074015,-0.048970399051904756,True
512,mobilevit_s,Random,0.3489590108394623,0.2437830485403538,-0.1051759622991085,True
512,resnet50,GradCAM,0.4980805933475495,0.49999631941318506,0.001915726065635559,False
512,resnet50,IntegratedGradients,0.3267102384008468,0.4999984204769135,0.17328818207606672,False
512,resnet50,LRP,0.47420895993709566,0.4999925822019577,0.025783622264862027,False
512,resnet50,Random,0.34386330576980983,0.34128640489599255,-0.0025769008738172894,True
512,vit_base,Chefer-LRP,0.37217823714017867,0.3573183372616768,-0.014859899878501892,True
512,vit_base,GradCAM,0.3665424466133118,0.350405901670456,-0.016136544942855824,True
512,vit_base,IntegratedGradients,0.3249672114849091,0.37170052826404576,0.04673331677913667,False
512,vit_base,Random,0.3299474865198135,0.36276986747980117,0.032822380959987685,False
513,mobilevit_s,GradCAM,0.09244513829471544,0.4034052312374115,0.31096009294269605,False
513,mobilevit_s,IntegratedGradients,0.16070806401548904,0.4865344986319542,0.32582643461646515,False
513,mobilevit_s,Random,0.3608706286642701,0.31068487334996464,-0.05018575531430547,True
513,resnet50,GradCAM,0.094637090973265,0.49639720618724825,0.40176011521398325,False
513,resnet50,IntegratedGradients,0.10868143881962172,0.4936054125428199,0.3849239737231982,False
513,resnet50,LRP,0.08033764291321857,0.4918513387441635,0.4115136958309449,False
513,resnet50,Random,0.2959496299736202,0.14564352082670667,-0.1503061091469135,True
513,vit_base,Chefer-LRP,0.1883324281079695,0.31215875223279005,0.12382632412482056,False
513,vit_base,GradCAM,0.09560381551273167,0.2902473330497741,0.19464351753704245,False
513,vit_base,IntegratedGradients,0.24911669245921078,0.27121062874794005,0.02209393628872927,False
513,vit_base,Random,0.3084583051502705,0.3267658233642578,0.018307518213987295,False
514,mobilevit_s,GradCAM,0.04904959549603519,0.4267866477370262,0.37773705224099097,False
514,mobilevit_s,IntegratedGradients,0.1433950179576641,0.408147931098938,0.2647529131412739,False
514,mobilevit_s,Random,0.12107650545458457,0.14168985085125313,0.020613345396668564,False
514,resnet50,GradCAM,0.21953531470207965,0.49999256730079655,0.2804572525987169,False
514,resnet50,IntegratedGradients,0.49998785704374316,0.31041443697176874,-0.18957342007197442,True
514,resnet50,LRP,0.09396419684635476,0.4999913185834884,0.4060271217371336,False
514,resnet50,Random,0.27435980690352163,0.3325801512226463,0.05822034431912465,False
514,vit_base,Chefer-LRP,0.22705936923157427,0.35925468355417256,0.1321953143225983,False
514,vit_base,GradCAM,0.236253875028342,0.38367076814174655,0.14741689311340456,False
514,vit_base,IntegratedGradients,0.37805818319320683,0.22735515165841208,-0.15070303153479475,True
514,vit_base,Random,0.3709307144396008,0.3718703150749207,0.0009396006353198927,False
515,mobilevit_s,GradCAM,0.361735240649432,0.48067924827337266,0.11894400762394064,False
515,mobilevit_s,IntegratedGradients,0.34852345652179795,0.4426471561193467,0.09412369959754874,False
515,mobilevit_s,Random,0.31227526478469375,0.3609804525971413,0.04870518781244754,False
515,resnet50,GradCAM,0.49991688728332523,0.4999999970197678,8.310973644254371e-05,False
515,resnet50,IntegratedGradients,0.4999666288495064,0.4998619124293327,-0.00010471642017367833,True
515,resnet50,LRP,0.44341431148350247,0.4999994874000549,0.05658517591655243,False
515,resnet50,Random,0.3737292483448983,0.43909432385116814,0.06536507550626985,False
515,vit_base,Chefer-LRP,0.42642182558774944,0.41959740966558456,-0.006824415922164873,True
515,vit_base,GradCAM,0.4328465715050697,0.42743742614984515,-0.005409145355224576,True
515,vit_base,IntegratedGradients,0.42623985558748245,0.44136272370815277,0.015122868120670319,False
515,vit_base,Random,0.3988750621676445,0.39826131016016003,-0.0006137520074844804,True
516,mobilevit_s,GradCAM,0.026548778769029013,0.3708123415708542,0.3442635628018252,False
516,mobilevit_s,IntegratedGradients,0.10043550411501201,0.4235425919294357,0.3231070878144237,False
516,mobilevit_s,Random,0.231644800605136,0.3334482684731483,0.10180346786801228,False
516,resnet50,GradCAM,0.013546975006374853,0.3200312569737434,0.30648428196736854,False
516,resnet50,IntegratedGradients,0.04320270560347127,0.2868812546133995,0.2436785490099282,False
516,resnet50,LRP,0.013457668644468868,0.21610664725303652,0.20264897860856765,False
516,resnet50,Random,0.025768485402022638,0.050403112086883084,0.024634626684860446,False
516,vit_base,Chefer-LRP,0.008834757322620134,0.14671168178319932,0.1378769244605792,False
516,vit_base,GradCAM,0.009449673653580248,0.13003692254424096,0.1205872488906607,False
516,vit_base,IntegratedGradients,0.039957880724978176,0.11785676926374436,0.07789888853876618,False
516,vit_base,Random,0.1266843242570758,0.11367725804448127,-0.013007066212594523,True
517,mobilevit_s,GradCAM,0.033007207689661304,0.37484397590160373,0.3418367682119424,False
517,mobilevit_s,IntegratedGradients,0.09763992503521877,0.20819789431989194,0.11055796928467317,False
517,mobilevit_s,Random,0.11422809459909332,0.11468624106128118,0.0004581464621878639,False
517,resnet50,GradCAM,0.048944053638479104,0.49261623322963716,0.44367217959115807,False
517,resnet50,IntegratedGradients,0.22203994558876733,0.473303884267807,0.2512639386790397,False
517,resnet50,LRP,0.02739624350870145,0.49272830784320837,0.4653320643345069,False
517,resnet50,Random,0.19243316762222096,0.29318387378007177,0.10075070615785081,False
517,vit_base,Chefer-LRP,0.041682175127789385,0.3410713866353035,0.29938921150751413,False
517,vit_base,GradCAM,0.02809758034418337,0.3691329658031463,0.34103538545896295,False
517,vit_base,IntegratedGradients,0.2800594918429852,0.32770426124334334,0.04764476940035817,False
517,vit_base,Random,0.33689396008849143,0.3233637064695358,-0.013530253618955601,True
518,mobilevit_s,GradCAM,0.3321823507547378,0.30050466358661654,-0.03167768716812125,True
518,mobilevit_s,IntegratedGradients,0.21550501044839623,0.14333459774497898,-0.07217041270341726,True
518,mobilevit_s,Random,0.07815178218661457,0.08259792385397303,0.004446141667358461,False
518,resnet50,GradCAM,0.031133062019944188,0.15261798743158578,0.12148492541164159,False
518,resnet50,IntegratedGradients,0.0383874389110133,0.1496540993452072,0.1112666604341939,False
518,resnet50,LRP,0.17303892280906438,0.06772323120385408,-0.1053156916052103,True
518,resnet50,Random,0.039412962459027756,0.044641826674342154,0.005228864215314398,False
518,vit_base,Chefer-LRP,0.02378150429576635,0.017158851260319352,-0.006622653035446999,True
518,vit_base,GradCAM,0.015880842646583914,0.02695185104385018,0.011071008397266265,False
518,vit_base,IntegratedGradients,0.01038798578083515,0.03642197023145854,0.02603398445062339,False
518,vit_base,Random,0.047950895689427855,0.026213992899283764,-0.02173690279014409,True
519,mobilevit_s,GradCAM,0.17563218995928762,0.45534497797489165,0.27971278801560406,False
519,mobilevit_s,IntegratedGradients,0.3899708971381188,0.22928347783163192,-0.16068741930648686,True
519,mobilevit_s,Random,0.36682375073432927,0.07383066457696259,-0.2929930861573667,True
519,resnet50,GradCAM,0.3874181529507041,0.49999390542507177,0.11257575247436769,False
519,resnet50,IntegratedGradients,0.4925766929984093,0.32798412013798955,-0.16459257286041973,True
519,resnet50,LRP,0.14522451651282614,0.4999850004911423,0.35476048397831617,False
519,resnet50,Random,0.4508591592311859,0.46241247057914736,0.011553311347961448,False
519,vit_base,Chefer-LRP,0.45494698137044903,0.4472345605492592,-0.007712420821189836,True
519,vit_base,GradCAM,0.44461179226636893,0.4408110752701759,-0.0038007169961930543,True
519,vit_base,IntegratedGradients,0.442222361266613,0.44564334303140646,0.0034209817647934404,False
519,vit_base,Random,0.44825259447097776,0.44323972016572954,-0.005012874305248216,True
520,mobilevit_s,GradCAM,0.2731962133198977,0.4498764798045158,0.1766802664846181,False
520,mobilevit_s,IntegratedGradients,0.4262748271226883,0.4008178684860468,-0.025456958636641547,True
520,mobilevit_s,Random,0.34673123247921467,0.4128472931683063,0.06611606068909165,False
520,resnet50,GradCAM,0.3806410974357277,0.4999877512454986,0.11934665380977089,False
520,resnet50,IntegratedGradients,0.48398830071091653,0.49994527250528337,0.015956971794366837,False
520,resnet50,LRP,0.1705053473589942,0.49997946023941037,0.32947411288041617,False
520,resnet50,Random,0.3228142572566868,0.3477450916077942,0.024930834351107434,False
520,vit_base,Chefer-LRP,0.42688052356243134,0.4440874829888344,0.017206959426403046,False
520,vit_base,GradCAM,0.2943889836547896,0.43668800592422485,0.14229902226943525,False
520,vit_base,IntegratedGradients,0.4361054286360741,0.4421918913722038,0.0060864627361297274,False
520,vit_base,Random,0.431221977621317,0.38345609605312353,-0.04776588156819345,True
521,mobilevit_s,GradCAM,0.07149472422897818,0.19395555555820465,0.12246083132922647,False
521,mobilevit_s,IntegratedGradients,0.13698566504754126,0.10247951373457909,-0.03450615131296217,True
521,mobilevit_s,Random,0.06973071466200055,0.04663930434762733,-0.02309141031437322,True
521,resnet50,GradCAM,0.11229194235056639,0.37740088403224953,0.26510894168168314,False
521,resnet50,IntegratedGradients,0.2016047663521022,0.19420152343809607,-0.007403242914006125,True
521,resnet50,LRP,0.18618642836809163,0.37298636958003045,0.18679994121193882,False
521,resnet50,Random,0.09220255771651865,0.3408344626426697,0.24863190492615106,False
521,vit_base,Chefer-LRP,0.17274238094687464,0.2270763963460922,0.05433401539921756,False
521,vit_base,GradCAM,0.18598111420869828,0.23758373335003852,0.051602619141340234,False
521,vit_base,IntegratedGradients,0.19744672924280166,0.24445364922285082,0.04700691998004916,False
521,vit_base,Random,0.24498960822820662,0.22525383755564687,-0.019735770672559744,True
522,mobilevit_s,GradCAM,0.17014173643951835,0.4627930700778961,0.29265133363837775,False
522,mobilevit_s,IntegratedGradients,0.14002150488086043,0.2512082722038031,0.11118676732294266,False
522,mobilevit_s,Random,0.1919080794254114,0.16766330585196557,-0.024244773573445844,True
522,resnet50,GradCAM,0.2614950212882832,0.499890011548996,0.23839499026071276,False
522,resnet50,IntegratedGradients,0.4948864549398422,0.4849875405430793,-0.009898914396762881,True
522,resnet50,LRP,0.15059185020072618,0.49990702271461485,0.34931517251388866,False
522,resnet50,Random,0.4239670131355524,0.3342046204954386,-0.08976239264011382,True
522,vit_base,Chefer-LRP,0.3106587106361986,0.4141464784741402,0.10348776783794161,False
522,vit_base,GradCAM,0.3093927010428161,0.4179171651601791,0.10852446411736305,False
522,vit_base,IntegratedGradients,0.43124660551548,0.3818115569651127,-0.04943504855036729,True
522,vit_base,Random,0.3590575568377972,0.33308195006102326,-0.025975606776773963,True
523,mobilevit_s,GradCAM,0.047006202877162194,0.3550446480512619,0.30803844517409973,False
523,mobilevit_s,IntegratedGradients,0.03740604757449546,0.3388910889625549,0.3014850413880594,False
523,mobilevit_s,Random,0.10498056903943508,0.11064762821170007,0.005667059172264996,False
523,resnet50,GradCAM,0.10567075430881234,0.49927878975868223,0.3936080354498699,False
523,resnet50,IntegratedGradients,0.2339352035778575,0.49913848936557764,0.2652032857877201,False
523,resnet50,LRP,0.036577047361060974,0.4988249942660332,0.46224794690497223,False
523,resnet50,Random,0.1262072898214683,0.15708147339755668,0.03087418357608837,False
523,vit_base,Chefer-LRP,0.15647551527945328,0.4293002307415008,0.27282471546204756,False
523,vit_base,GradCAM,0.11676395875983873,0.425436532497406,0.30867257373756724,False
523,vit_base,IntegratedGradients,0.41833533644676213,0.42356737703084946,0.005232040584087327,False
523,vit_base,Random,0.3540073245763779,0.34943157583475115,-0.004575748741626751,True
524,mobilevit_s,GradCAM,0.11315396557383793,0.42766781598329545,0.3145138504094575,False
524,mobilevit_s,IntegratedGradients,0.06824946307592654,0.4543214708566666,0.38607200778074,False
524,mobilevit_s,Random,0.12888562189514233,0.07932935875423935,-0.04955626314090297,True
524,resnet50,GradCAM,0.24890146265679505,0.499975323677063,0.25107386102026796,False
524,resnet50,IntegratedGradients,0.4784457668662071,0.49993783682584764,0.021492069959640536,False
524,resnet50,LRP,0.12978251260938126,0.4999736934900284,0.3701911808806472,False
524,resnet50,Random,0.3482520729419776,0.2802814531169134,-0.0679706198250642,True
524,vit_base,Chefer-LRP,0.12874375102110208,0.38032348304986957,0.2515797320287675,False
524,vit_base,GradCAM,0.12451134657021612,0.3701750710606575,0.24566372449044138,False
524,vit_base,IntegratedGradients,0.3640943720936775,0.3954888790845871,0.031394506990909565,False
524,vit_base,Random,0.3581590309739112,0.31432760357856754,-0.04383142739534368,True
525,mobilevit_s,GradCAM,3.9349260487142604e-05,0.00013069189071757134,9.134263023042874e-05,False
525,mobilevit_s,IntegratedGradients,3.2142093732545615e-05,5.940789933447376e-05,2.7265805601928148e-05,False
525,mobilevit_s,Random,5.156066135896254e-05,3.2769066638138615e-05,-1.8791594720823922e-05,True
525,resnet50,GradCAM,0.0007285935622348917,0.004676213173661381,0.003947619611426489,False
525,resnet50,IntegratedGradients,0.0006881879633510835,0.0017029131995514035,0.00101472523620032,False
525,resnet50,LRP,0.0036381971876835446,0.0005091826571515411,-0.0031290145305320036,True
525,resnet50,Random,0.0010607418751533261,0.0010732095255661992,1.246765041287303e-05,False
525,vit_base,Chefer-LRP,0.0005091132356028538,0.05046071092365309,0.049951597688050235,False
525,vit_base,GradCAM,0.0007472813078493346,0.03257696417858824,0.03182968287073891,False
525,vit_base,IntegratedGradients,0.0019522027228958904,0.00762719102203846,0.005674988299142569,False
525,vit_base,Random,0.0697347710141912,0.020230561465723433,-0.04950420954846777,True
526,mobilevit_s,GradCAM,0.05200727209448815,0.11059578973799944,0.05858851764351129,False
526,mobilevit_s,IntegratedGradients,0.041253898129798475,0.023888940666802232,-0.017364957462996242,True
526,mobilevit_s,Random,0.02330623585730791,0.022156286821700635,-0.0011499490356072749,True
526,resnet50,GradCAM,0.3120421374216676,0.4996659457683563,0.18762380834668874,False
526,resnet50,IntegratedGradients,0.46061134859919545,0.41832077885046604,-0.04229056974872941,True
526,resnet50,LRP,0.3451887132367119,0.4993088349699974,0.1541201217332855,False
526,resnet50,Random,0.24008895086444684,0.30542930774390703,0.06534035687946019,False
526,vit_base,Chefer-LRP,0.36567738503217706,0.4439424961805344,0.07826511114835732,False
526,vit_base,GradCAM,0.3890801280736923,0.4268983006477356,0.037818172574043296,False
526,vit_base,IntegratedGradients,0.3917621493339539,0.3760605677962303,-0.015701581537723608,True
526,vit_base,Random,0.34942746106535194,0.3268342159688473,-0.02259324509650462,True
527,mobilevit_s,GradCAM,0.002561652928125113,0.1315101634943858,0.1289485105662607,False
527,mobilevit_s,IntegratedGradients,0.0978084980743006,0.01889139289269224,-0.07891710518160835,True
527,mobilevit_s,Random,0.03175070263096132,0.0402263973141089,0.008475694683147586,False
527,resnet50,GradCAM,0.0030254015320679175,0.040021680216887026,0.03699627868481911,False
527,resnet50,IntegratedGradients,0.01219078536669258,0.05290026398433837,0.04070947861764579,False
527,resnet50,LRP,0.07322452822991181,0.003744382868171669,-0.06948014536174014,True
527,resnet50,Random,0.06580324517854025,0.22028974523127542,0.15448650005273518,False
527,vit_base,Chefer-LRP,0.035516708786599335,0.13107038326561452,0.09555367447901518,False
527,vit_base,GradCAM,0.023637748113833373,0.1483726993203163,0.12473495120648292,False
527,vit_base,IntegratedGradients,0.13238841034471988,0.09613401554524899,-0.03625439479947089,True
527,vit_base,Random,0.04494002759456635,0.0555724125355482,0.01063238494098185,False
528,mobilevit_s,GradCAM,0.10226525263860821,0.38723825290799135,0.28497300026938316,False
528,mobilevit_s,IntegratedGradients,0.4089850507676602,0.17339762039482592,-0.23558743037283425,True
528,mobilevit_s,Random,0.32509536817669865,0.355200677854009,0.030105309677310343,False
528,resnet50,GradCAM,0.23557841852307324,0.47437388449907303,0.2387954659759998,False
528,resnet50,IntegratedGradients,0.47587716244161127,0.4609475150704384,-0.01492964737117286,True
528,resnet50,LRP,0.17231176885543395,0.4575312972068787,0.2852195283514447,False
528,resnet50,Random,0.4241130013018847,0.30273225196287973,-0.12138074933900495,True
528,vit_base,Chefer-LRP,0.32708616480231284,0.40358752608299264,0.0765013612806798,False
528,vit_base,GradCAM,0.18108172127977015,0.41910167634487144,0.2380199550651013,False
528,vit_base,IntegratedGradients,0.4040117651224137,0.39192838966846466,-0.012083375453949052,True
528,vit_base,Random,0.3937254503369331,0.41003929972648623,0.016313849389553103,False
529,mobilevit_s,GradCAM,0.2693553913850337,0.4564796194434166,0.18712422805838286,False
529,mobilevit_s,IntegratedGradients,0.41034861505031583,0.40407216846942906,-0.006276446580886774,True
529,mobilevit_s,Random,0.4010012528859079,0.31575640555238355,-0.08524484733352433,True
529,resnet50,GradCAM,0.49774040132761,0.4999993979930878,0.002258996665477797,False
529,resnet50,IntegratedGradients,0.4998842313885689,0.49999462366104125,0.00011039227247233718,False
529,resnet50,LRP,0.4238107595243491,0.4999985814094543,0.0761878218851052,False
529,resnet50,Random,0.4868747204542161,0.4991713911294937,0.012296670675277621,False
529,vit_base,Chefer-LRP,0.4486233472824096,0.4482600957155227,-0.00036325156688687965,True
529,vit_base,GradCAM,0.44149274528026583,0.441002844274044,-0.0004899010062218156,True
529,vit_base,IntegratedGradients,0.44679537266492847,0.43160756826400754,-0.015187804400920935,True
529,vit_base,Random,0.4199561938643455,0.4185138776898384,-0.00144231617450713,True
530,mobilevit_s,GradCAM,0.003587089052598458,0.28826708234846593,0.28467999329586746,False
530,mobilevit_s,IntegratedGradients,0.004186042608398566,0.27752819750458,0.27334215489618147,False
530,mobilevit_s,Random,0.055855890014208855,0.20278039490804078,0.14692450489383194,False
530,resnet50,GradCAM,0.0006544212832523044,0.10592979948269203,0.10527537819943973,False
530,resnet50,IntegratedGradients,0.004896144848316907,0.039306787424720824,0.034410642576403916,False
530,resnet50,LRP,0.001839000946347369,0.015276339242700488,0.01343733829635312,False
530,resnet50,Random,0.0062480474734911695,0.0010943668487016112,-0.0051536806247895585,True
530,vit_base,Chefer-LRP,0.042203440621960915,0.27657155506312847,0.23436811444116756,False
530,vit_base,GradCAM,0.08596309138229118,0.24611971229314805,0.16015662091085686,False
530,vit_base,IntegratedGradients,0.05162107548676431,0.10761953410692514,0.055998458620160826,False
530,vit_base,Random,0.08588387896306812,0.0429986558156088,-0.04288522314745932,True
531,mobilevit_s,GradCAM,0.00304857874289155,0.00097597070489428,-0.00207260803799727,True
531,mobilevit_s,IntegratedGradients,0.0053041024541016675,0.003515337413409725,-0.0017887650406919423,True
531,mobilevit_s,Random,0.0022499964798043948,0.0017091576577513477,-0.000540838822053047,True
531,resnet50,GradCAM,0.05089891955067287,0.03727257824502886,-0.01362634130564401,True
531,resnet50,IntegratedGradients,0.1699927177047357,0.09814536152407527,-0.07184735618066043,True
531,resnet50,LRP,0.045871110482039505,0.1803628135472536,0.13449170306521407,False
531,resnet50,Random,0.062059628864517435,0.11245319561858198,0.05039356675406455,False
531,vit_base,Chefer-LRP,0.12836393574252725,0.3492004923522473,0.22083655660972007,False
531,vit_base,GradCAM,0.1751614037901163,0.2071069844067097,0.03194558061659339,False
531,vit_base,IntegratedGradients,0.3050097349099815,0.38256472125649454,0.07755498634651303,False
531,vit_base,Random,0.33648066967725754,0.1885403595864773,-0.14794031009078024,True
532,mobilevit_s,GradCAM,0.024889107052877082,0.4304714977741242,0.40558239072124713,False
532,mobilevit_s,IntegratedGradients,0.053034844489047835,0.4331768721342087,0.38014202764516086,False
532,mobilevit_s,Random,0.30744853594951566,0.23800494041715867,-0.06944359553235699,True
532,resnet50,GradCAM,0.11899876248789953,0.49997505545616155,0.380976292968262,False
532,resnet50,IntegratedGradients,0.28104757328983404,0.4999826312065125,0.21893505791667844,False
532,resnet50,LRP,0.04490937393638888,0.49997637569904324,0.45506700176265436,False
532,resnet50,Random,0.22787660286412573,0.2695837275619852,0.04170712469785945,False
532,vit_base,Chefer-LRP,0.07870382255641746,0.43935938179492956,0.3606555592385121,False
532,vit_base,GradCAM,0.06345406300388276,0.38737914711236954,0.32392508410848675,False
532,vit_base,IntegratedGradients,0.410655015707016,0.3418498523533344,-0.06880516335368159,True
532,vit_base,Random,0.3376501239836216,0.2795666167512536,-0.05808350723236799,True
533,mobilevit_s,GradCAM,0.0027552337734960022,0.007532879128120839,0.004777645354624837,False
533,mobilevit_s,IntegratedGradients,0.0012935487560753246,0.015193097642622886,0.013899548886547562,False
533,mobilevit_s,Random,0.030689797297236514,0.060077162906236485,0.02938736560899997,False
533,resnet50,GradCAM,0.007308675351669081,0.09492977242916824,0.08762109707749915,False
533,resnet50,IntegratedGradients,0.028129323158646007,0.13873601686209439,0.11060669370344837,False
533,resnet50,LRP,0.009145781793631614,0.13881293255835772,0.1296671507647261,False
533,resnet50,Random,0.15844294587150218,0.1762250974890776,0.01778215161757543,False
533,vit_base,Chefer-LRP,0.009333566459827126,0.03456123163923622,0.02522766517940909,False
533,vit_base,GradCAM,0.006088460260070861,0.022561487462371587,0.016473027202300726,False
533,vit_base,IntegratedGradients,0.019665510137565432,0.020477607380598783,0.0008120972430333516,False
533,vit_base,Random,0.05960164992138744,0.047164903953671455,-0.012436745967715983,True
534,mobilevit_s,GradCAM,0.1593764889985323,0.28780692219734194,0.12843043319880965,False
534,mobilevit_s,IntegratedGradients,0.25223953910171987,0.31894365102052685,0.06670411191880699,False
534,mobilevit_s,Random,0.28077740180306143,0.1876219723373652,-0.09315542946569624,True
534,resnet50,GradCAM,0.3169948094291613,0.49983273446559906,0.18283792503643775,False
534,resnet50,IntegratedGradients,0.2401804422028363,0.4936960965394973,0.253515654336661,False
534,resnet50,LRP,0.08695950782930595,0.4980784371495247,0.41111892932021876,False
534,resnet50,Random,0.14001642924849875,0.08878323101962451,-0.05123319822887423,True
534,vit_base,Chefer-LRP,0.3784685626626015,0.40304172933101656,0.02457316666841508,False
534,vit_base,GradCAM,0.4379640765488148,0.4185035109519959,-0.019460565596818913,True
534,vit_base,IntegratedGradients,0.38204869925975804,0.3462574973702431,-0.035791201889514956,True
534,vit_base,Random,0.37754263952374456,0.44156962037086483,0.06402698084712027,False
535,mobilevit_s,GradCAM,0.21038449459592817,0.4772238969802857,0.26683940238435755,False
535,mobilevit_s,IntegratedGradients,0.15781286820420065,0.4707323282957077,0.31291946009150706,False
535,mobilevit_s,Random,0.20813211200584192,0.16047484144510235,-0.04765727056073957,True
535,resnet50,GradCAM,0.4866305127739906,0.4999988734722137,0.013368360698223114,False
535,resnet50,IntegratedGradients,0.49780573248863225,0.49811432510614395,0.00030859261751170486,False
535,resnet50,LRP,0.4074996163137258,0.4998700425028801,0.09237042618915431,False
535,resnet50,Random,0.232379830442369,0.21296139757250784,-0.01941843286986117,True
535,vit_base,Chefer-LRP,0.40776957124471663,0.415426217019558,0.007656645774841375,False
535,vit_base,GradCAM,0.3316728975623846,0.42915015816688534,0.09747726060450074,False
535,vit_base,IntegratedGradients,0.43149393498897554,0.40794275701045996,-0.02355117797851558,True
535,vit_base,Random,0.38611031621694564,0.4162183701992035,0.030108053982257854,False
536,mobilevit_s,GradCAM,0.07315596584230663,0.4637266039848328,0.3905706381425261,False
536,mobilevit_s,IntegratedGradients,0.22434060350060464,0.14637220483273267,-0.07796839866787197,True
536,mobilevit_s,Random,0.23766323607414966,0.19018610635539518,-0.04747712971875448,True
536,resnet50,GradCAM,0.24003767031244935,0.4999997556209564,0.25996208530850706,False
536,resnet50,IntegratedGradients,0.1387724434200209,0.49999924898147585,0.3612268055614549,False
536,resnet50,LRP,0.15974410813068973,0.499999749660492,0.34025564152980226,False
536,resnet50,Random,0.187887218745891,0.160757298162207,-0.02712992058368402,True
536,vit_base,Chefer-LRP,0.3022835247218609,0.34012855291366584,0.037845028191804964,False
536,vit_base,GradCAM,0.25453133131377403,0.3747803822159767,0.12024905090220267,False
536,vit_base,IntegratedGradients,0.3694239467382432,0.3659989565610886,-0.0034249901771545854,True
536,vit_base,Random,0.356045426428318,0.3534976527094841,-0.0025477737188339122,True
537,mobilevit_s,GradCAM,0.07366179397795351,0.20108471512794496,0.12742292114999143,False
537,mobilevit_s,IntegratedGradients,0.045994507661089305,0.13769731428474188,0.09170280662365257,False
537,mobilevit_s,Random,0.1301986656464578,0.09387925855844514,-0.03631940708801265,True
537,resnet50,GradCAM,0.0255199234086831,0.4999194905161857,0.47439956710750264,False
537,resnet50,IntegratedGradients,0.07684912380645982,0.4997323587536811,0.4228832349472213,False
537,resnet50,LRP,0.026453140577450542,0.49988537877798084,0.4734322382005303,False
537,resnet50,Random,0.1801941511803307,0.23003061185008847,0.049836460669757776,False
537,vit_base,Chefer-LRP,0.260317748086527,0.4262432500720024,0.1659255019854754,False
537,vit_base,GradCAM,0.24483540980145338,0.4338693261146545,0.18903391631320113,False
537,vit_base,IntegratedGradients,0.4243039548397064,0.41307272315025334,-0.011231231689453058,True
537,vit_base,Random,0.31896009040065115,0.30324894776567823,-0.01571114263497292,True
538,mobilevit_s,GradCAM,0.4403489544987679,0.44797562509775163,0.0076266705989837535,False
538,mobilevit_s,IntegratedGradients,0.33958351500332357,0.4151988917961716,0.07561537679284802,False
538,mobilevit_s,Random,0.17320372892718297,0.17083144457319582,-0.0023722843539871474,True
538,resnet50,GradCAM,0.4892430737614632,0.4999994158744812,0.010756342113018014,False
538,resnet50,IntegratedGradients,0.4999595388770104,0.4999960631132126,3.6524236202206684e-05,False
538,resnet50,LRP,0.4268120355904103,0.49999902546405794,0.07318698987364763,False
538,resnet50,Random,0.4994364157319069,0.49720367044210434,-0.0022327452898025513,True
538,vit_base,Chefer-LRP,0.46332037001848225,0.4593049138784408,-0.004015456140041451,True
538,vit_base,GradCAM,0.46308966130018236,0.45962220281362537,-0.0034674584865569957,True
538,vit_base,IntegratedGradients,0.4584380343556404,0.45080610513687136,-0.00763192921876904,True
538,vit_base,Random,0.42959221079945564,0.447367225587368,0.01777501478791238,False
539,mobilevit_s,GradCAM,0.16185474633239208,0.431674861907959,0.26982011557556695,False
539,mobilevit_s,IntegratedGradients,0.41529941707849505,0.22587473946623507,-0.18942467761225998,True
539,mobilevit_s,Random,0.21620066236409913,0.1941976932939724,-0.02200296907012672,True
539,resnet50,GradCAM,0.4515138134360313,0.49999845325946807,0.04848463982343676,False
539,resnet50,IntegratedGradients,0.4993554666638374,0.3393968675285578,-0.1599585991352796,True
539,resnet50,LRP,0.24987538447603586,0.4999946355819702,0.25011925110593436,False
539,resnet50,Random,0.3772130578523502,0.3458632279529411,-0.0313498298994091,True
539,vit_base,Chefer-LRP,0.45108032673597337,0.4455501809716224,-0.005530145764350958,True
539,vit_base,GradCAM,0.4327221006155014,0.4458059996366501,0.013083899021148648,False
539,vit_base,IntegratedGradients,0.448107884824276,0.42668918967247005,-0.021418695151805944,True
539,vit_base,Random,0.40759034827351576,0.4050271376036108,-0.0025632106699049473,True
540,mobilevit_s,GradCAM,0.286719274148345,0.43554602712392815,0.14882675297558312,False
540,mobilevit_s,IntegratedGradients,0.28482248849759345,0.41405101493000984,0.1292285264324164,False
540,mobilevit_s,Random,0.20480602527968583,0.1426919404184446,-0.06211408486124123,True
540,resnet50,GradCAM,0.4400965377688408,0.4999995768070221,0.05990303903818134,False
540,resnet50,IntegratedGradients,0.4999030873179436,0.3031962381035555,-0.19670684921438808,True
540,resnet50,LRP,0.29803107573534365,0.4999986618757248,0.20196758614038113,False
540,resnet50,Random,0.32746371060493407,0.469593582698144,0.14212987209320993,False
540,vit_base,Chefer-LRP,0.348750489577651,0.41036667674779886,0.061616187170147885,False
540,vit_base,GradCAM,0.38750967234373096,0.367697662115097,-0.019812010228633936,True
540,vit_base,IntegratedGradients,0.4203512445092201,0.37881271690130236,-0.04153852760791776,True
540,vit_base,Random,0.3126693941652775,0.4163463965058327,0.10367700234055521,False
541,mobilevit_s,GradCAM,0.2247620979789645,0.47056249827146535,0.24580040029250086,False
541,mobilevit_s,IntegratedGradients,0.29379255349576855,0.46293662786483764,0.1691440743690691,False
541,mobilevit_s,Random,0.22795397701938783,0.2950424085611303,0.06708843154174246,False
541,resnet50,GradCAM,0.42786865872330965,0.49999383985996243,0.07212518113665278,False
541,resnet50,IntegratedGradients,0.4999957174062729,0.49980171918869015,-0.00019399821758275815,True
541,resnet50,LRP,0.32746589407324794,0.4999940305948257,0.17252813652157778,False
541,resnet50,Random,0.49710811823606493,0.49762814640998837,0.0005200281739234369,False
541,vit_base,Chefer-LRP,0.19479687982238836,0.39161460399627684,0.1968177241738885,False
541,vit_base,GradCAM,0.22786066690459847,0.3977929070591927,0.1699322401545942,False
541,vit_base,IntegratedGradients,0.371704924106598,0.4223734617233276,0.050668537616729625,False
541,vit_base,Random,0.38076293021440505,0.4072334349155426,0.026470504701137543,False
542,mobilevit_s,GradCAM,0.22047913800925018,0.18253059200942517,-0.037948545999825,True
542,mobilevit_s,IntegratedGradients,0.11202968015641092,0.23732357360422612,0.12529389344781522,False
542,mobilevit_s,Random,0.06906493196001975,0.04756887410912896,-0.021496057850890794,True
542,resnet50,GradCAM,0.17746201772242784,0.2628583751618862,0.08539635743945836,False
542,resnet50,IntegratedGradients,0.11402909504249692,0.13965912871062758,0.02563003366813066,False
542,resnet50,LRP,0.045362164918333295,0.2836507845669985,0.2382886196486652,False
542,resnet50,Random,0.13313996121287347,0.15968332327902318,0.02654336206614971,False
542,vit_base,Chefer-LRP,0.13015794875682332,0.38702845573425304,0.25687050697742975,False
542,vit_base,GradCAM,0.10624474405776711,0.36542341709136966,0.25917867303360254,False
542,vit_base,IntegratedGradients,0.13100148010998963,0.34947902858257296,0.21847754847258333,False
542,vit_base,Random,0.21216930905357007,0.19148845244199036,-0.0206808566115797,True
543,mobilevit_s,GradCAM,0.01725156024040189,0.18004971891641616,0.16279815867601427,False
543,mobilevit_s,IntegratedGradients,0.014208410074934365,0.16208485439419743,0.14787644431926306,False
543,mobilevit_s,Random,0.029594527628796642,0.017525372491945745,-0.012069155136850897,True
543,resnet50,GradCAM,0.07781898504108539,0.49752052575349803,0.4197015407124126,False
543,resnet50,IntegratedGradients,0.05401612227451551,0.4959134116768837,0.44189728940236817,False
543,resnet50,LRP,0.032230632268237976,0.4966227203607559,0.4643920880925179,False
543,resnet50,Random,0.03197569895419292,0.10621950294953422,0.0742438039953413,False
543,vit_base,Chefer-LRP,0.08603535378497328,0.36142498403787615,0.27538963025290286,False
543,vit_base,GradCAM,0.07809520394512219,0.36207634806633,0.2839811441212078,False
543,vit_base,IntegratedGradients,0.21425728034228086,0.3187277242541314,0.10447044391185051,False
543,vit_base,Random,0.34280224591493613,0.21622790740802886,-0.12657433850690727,True
544,mobilevit_s,GradCAM,0.2944022200535983,0.4641421496868134,0.1697399296332151,False
544,mobilevit_s,IntegratedGradients,0.29816035777330396,0.4541396290063858,0.15597927123308186,False
544,mobilevit_s,Random,0.33190887272357944,0.4126357898116112,0.08072691708803176,False
544,resnet50,GradCAM,0.270479484522366,0.5,0.22952051547763402,False
544,resnet50,IntegratedGradients,0.25695122248653207,0.5,0.24304877751346793,False
544,resnet50,LRP,0.2140127210324863,0.5,0.2859872789675137,False
544,resnet50,Random,0.39334242456243373,0.3736240794241894,-0.01971834513824433,True
544,vit_base,Chefer-LRP,0.35252039963379506,0.4320517137646675,0.07953131413087244,False
544,vit_base,GradCAM,0.28848309433087704,0.4382408156991005,0.14975772136822346,False
544,vit_base,IntegratedGradients,0.3171040092594922,0.43776290714740757,0.12065889788791534,False
544,vit_base,Random,0.432673755288124,0.42815844118595126,-0.004515314102172763,True
545,mobilevit_s,GradCAM,0.26782563459128145,0.47614387273788455,0.2083182381466031,False
545,mobilevit_s,IntegratedGradients,0.23026122199371457,0.4641911715269089,0.23392994953319435,False
545,mobilevit_s,Random,0.3555305574089289,0.3832299303263426,0.0276993729174137,False
545,resnet50,GradCAM,0.3657540406566114,0.49999989271163936,0.13424585205502798,False
545,resnet50,IntegratedGradients,0.343304155766964,0.499999675154686,0.15669551938772203,False
545,resnet50,LRP,0.33164576478302477,0.49999988079071045,0.16835411600768568,False
545,resnet50,Random,0.37383974957629107,0.36667608202551494,-0.007163667550776132,True
545,vit_base,Chefer-LRP,0.2777636408805847,0.4396009817719459,0.1618373408913612,False
545,vit_base,GradCAM,0.30680636614561085,0.43265089690685277,0.1258445307612419,False
545,vit_base,IntegratedGradients,0.44070319533348085,0.4131000190973282,-0.02760317623615266,True
545,vit_base,Random,0.4342396408319473,0.43317165523767476,-0.0010679855942725691,True
546,mobilevit_s,GradCAM,0.048904597637010744,0.4407770425081253,0.3918724448711146,False
546,mobilevit_s,IntegratedGradients,0.13139511313638652,0.3969932049512863,0.2655980918148998,False
546,mobilevit_s,Random,0.1901345325735747,0.1459843014743456,-0.04415023109922911,True
546,resnet50,GradCAM,0.1311116940458305,0.49847400039434436,0.36736230634851386,False
546,resnet50,IntegratedGradients,0.24975023344159128,0.4989213094115257,0.2491710759699344,False
546,resnet50,LRP,0.08326857009669766,0.49642601013183596,0.4131574400351383,False
546,resnet50,Random,0.2768340726615861,0.25581719521433116,-0.021016877447254945,True
546,vit_base,Chefer-LRP,0.11327406077180058,0.35087665021419523,0.23760258944239465,False
546,vit_base,GradCAM,0.12540713367052375,0.35627047270536427,0.23086333903484052,False
546,vit_base,IntegratedGradients,0.27957064658403397,0.3457476243376732,0.06617697775363923,False
546,vit_base,Random,0.3369719497859478,0.35769013017415996,0.02071818038821216,False
547,mobilevit_s,GradCAM,0.04302992298034951,0.42902386337518694,0.3859939403948374,False
547,mobilevit_s,IntegratedGradients,0.04540202551288531,0.33837941884994505,0.29297739333705974,False
547,mobilevit_s,Random,0.0834527142898878,0.07987562207563316,-0.0035770922142546457,True
547,resnet50,GradCAM,0.08395472491974945,0.49984514266252517,0.4158904177427757,False
547,resnet50,IntegratedGradients,0.07827066033787561,0.4994865238666535,0.4212158635287779,False
547,resnet50,LRP,0.03509835068834946,0.49911600500345227,0.4640176543151028,False
547,resnet50,Random,0.17009335166754344,0.17435524806393232,0.004261896396388881,False
547,vit_base,Chefer-LRP,0.043650051858276126,0.34842859804630283,0.3047785461880267,False
547,vit_base,GradCAM,0.06194141143932939,0.3393262535333633,0.2773848420940339,False
547,vit_base,IntegratedGradients,0.18484349846839906,0.31191351562738423,0.12707001715898517,False
547,vit_base,Random,0.2588588334619999,0.31532512456178663,0.056466291099786736,False
548,mobilevit_s,GradCAM,0.26065058462481827,0.43710342198610314,0.17645283736128486,False
548,mobilevit_s,IntegratedGradients,0.3571801356272772,0.4477287232875824,0.09054858766030521,False
548,mobilevit_s,Random,0.3116144828876714,0.27705928062787283,-0.03455520225979858,True
548,resnet50,GradCAM,0.4275195362512022,0.4999964088201523,0.07247687256895008,False
548,resnet50,IntegratedGradients,0.4999972969293594,0.49997885972261424,-1.8437206745158807e-05,True
548,resnet50,LRP,0.29177241614088417,0.49999606609344477,0.2082236499525606,False
548,resnet50,Random,0.4962882772088051,0.49114136695861815,-0.005146910250186931,True
548,vit_base,Chefer-LRP,0.41573421843349934,0.4176860794425011,0.001951861009001743,False
548,vit_base,GradCAM,0.36285268347710375,0.405090343952179,0.04223766047507527,False
548,vit_base,IntegratedGradients,0.4236461892724037,0.44504135251045224,0.02139516323804852,False
548,vit_base,Random,0.36693019792437553,0.37456568777561194,0.00763548985123641,False
549,mobilevit_s,GradCAM,0.04864354986348189,0.46895637512207033,0.42031282525858843,False
549,mobilevit_s,IntegratedGradients,0.24814563393592834,0.45324066728353496,0.20509503334760662,False
549,mobilevit_s,Random,0.23604802618065152,0.2530708901234902,0.017022863942838695,False
549,resnet50,GradCAM,0.45304083824157715,0.4999993324279785,0.046958494186401356,False
549,resnet50,IntegratedGradients,0.4691501095891,0.4999976038932801,0.0308474943041801,False
549,resnet50,LRP,0.3772934531792999,0.49999909400939946,0.12270564083009955,False
549,resnet50,Random,0.3542099082376808,0.39289665818214425,0.03868674994446347,False
549,vit_base,Chefer-LRP,0.27152766585350036,0.427356418967247,0.15582875311374667,False
549,vit_base,GradCAM,0.23150957562029365,0.43698454499244693,0.2054749693721533,False
549,vit_base,IntegratedGradients,0.4347553789615631,0.4418935865163803,0.0071382075548172,False
549,vit_base,Random,0.36729057952761657,0.3272868223488331,-0.04000375717878346,True
550,mobilevit_s,GradCAM,0.42514320053160193,0.45030749440193174,0.025164293870329812,False
550,mobilevit_s,IntegratedGradients,0.4322207689285278,0.44899339973926544,0.016772630810737654,False
550,mobilevit_s,Random,0.22777977996374832,0.3245891708647832,0.09680939090103491,False
550,resnet50,GradCAM,0.49999991357326506,0.4999998331069947,-8.046627036906173e-08,True
550,resnet50,IntegratedGradients,0.4999863967299461,0.4999978572130203,1.1460483074210437e-05,False
550,resnet50,LRP,0.4060496902093292,0.4999998688697815,0.0939501786604523,False
550,resnet50,Random,0.49783941954374317,0.47715115770697597,-0.020688261836767197,True
550,vit_base,Chefer-LRP,0.4401555508375168,0.43410016894340514,-0.006055381894111644,True
550,vit_base,GradCAM,0.4506644383072853,0.4276128321886063,-0.023051606118679013,True
550,vit_base,IntegratedGradients,0.4369106248021126,0.44408639371395114,0.00717576891183852,False
550,vit_base,Random,0.42062783539295195,0.43352790623903276,0.012900070846080802,False
551,mobilevit_s,GradCAM,0.40104475403204565,0.4494936034083366,0.04844884937629096,False
551,mobilevit_s,IntegratedGradients,0.4652076259255409,0.41321166008710863,-0.051995965838432245,True
551,mobilevit_s,Random,0.38167029637843375,0.406495776027441,0.024825479649007276,False
551,resnet50,GradCAM,0.49979839175939555,0.49999890625476834,0.00020051449537278332,False
551,resnet50,IntegratedGradients,0.4460758164525032,0.4999993741512298,0.05392355769872659,False
551,resnet50,LRP,0.45489635914564136,0.4999995172023774,0.04510315805673604,False
551,resnet50,Random,0.45389187000691894,0.42752225957810885,-0.026369610428810086,True
551,vit_base,Chefer-LRP,0.42116785049438477,0.43055430203676226,0.009386451542377494,False
551,vit_base,GradCAM,0.4414919063448906,0.434255139529705,-0.007236766815185591,True
551,vit_base,IntegratedGradients,0.39756242185831075,0.4422481954097748,0.044685773551464025,False
551,vit_base,Random,0.4171371027827263,0.41154007911682133,-0.005597023665904977,True
552,mobilevit_s,GradCAM,0.2084097494138405,0.36268528848886494,0.15427553907502445,False
552,mobilevit_s,IntegratedGradients,0.33907705545425415,0.26746071055531506,-0.07161634489893909,True
552,mobilevit_s,Random,0.2735005319302218,0.22247201586287702,-0.051028516067344765,True
552,resnet50,GradCAM,0.3486616864800453,0.4923132047057151,0.1436515182256698,False
552,resnet50,IntegratedGradients,0.4885863527655602,0.4912201568484306,0.00263380408287045,False
552,resnet50,LRP,0.2954921945929528,0.49601556360721594,0.20052336901426315,False
552,resnet50,Random,0.3944067385978997,0.35655656941235064,-0.037850169185549065,True
552,vit_base,Chefer-LRP,0.3005516528151929,0.3184071332216263,0.017855480406433366,False
552,vit_base,GradCAM,0.2674868756905199,0.3336615651845932,0.06617468949407335,False
552,vit_base,IntegratedGradients,0.2822809472680092,0.33025728464126586,0.04797633737325668,False
552,vit_base,Random,0.23263546973466873,0.30914351567626003,0.0765080459415913,False
553,mobilevit_s,GradCAM,0.11828566880431027,0.4144213646650314,0.2961356958607211,False
553,mobilevit_s,IntegratedGradients,0.1421453328468488,0.4465125486254692,0.30436721577862036,False
553,mobilevit_s,Random,0.25562849711859603,0.20587953690483118,-0.04974896021376485,True
553,resnet50,GradCAM,0.27663507703691725,0.4998493358492851,0.22321425881236784,False
553,resnet50,IntegratedGradients,0.4141407534480095,0.49996296316385264,0.08582220971584315,False
553,resnet50,LRP,0.18842462464235724,0.499934084713459,0.3115094600711018,False
553,resnet50,Random,0.4059998501092195,0.37581469109281895,-0.030185159016400565,True
553,vit_base,Chefer-LRP,0.29008990675210955,0.3726784214377403,0.08258851468563078,False
553,vit_base,GradCAM,0.33267353400588034,0.3511406645178795,0.018467130511999164,False
553,vit_base,IntegratedGradients,0.3675684094894678,0.40166109502315517,0.034092685533687384,False
553,vit_base,Random,0.3845930144190789,0.35815764740109446,-0.026435367017984435,True
554,mobilevit_s,GradCAM,0.18681844659149646,0.39520004540681847,0.208381598815322,False
554,mobilevit_s,IntegratedGradients,0.21109688114374878,0.30465779518708586,0.09356091404333708,False
554,mobilevit_s,Random,0.3489581873640418,0.32157902978360653,-0.027379157580435298,True
554,resnet50,GradCAM,0.4948124960064888,0.4999505043029785,0.005138008296489693,False
554,resnet50,IntegratedGradients,0.38199543990194806,0.35848017151001843,-0.023515268391929633,True
554,resnet50,LRP,0.32938823811709883,0.4786329463124276,0.14924470819532876,False
554,resnet50,Random,0.3052870454033837,0.2722507176571526,-0.03303632774623111,True
554,vit_base,Chefer-LRP,0.37046417593956,0.4229550525546074,0.05249087661504742,False
554,vit_base,GradCAM,0.4127046540379524,0.4313538998365402,0.018649245798587788,False
554,vit_base,IntegratedGradients,0.34135407730937006,0.4271006897091866,0.08574661239981651,False
554,vit_base,Random,0.3322127146646381,0.36020251736044884,0.02798980269581075,False
555,mobilevit_s,GradCAM,0.27372127207927405,0.44903334975242615,0.1753120776731521,False
555,mobilevit_s,IntegratedGradients,0.2831783829256893,0.34523472748696804,0.06205634456127873,False
555,mobilevit_s,Random,0.1757233552634716,0.2875469343736768,0.11182357911020518,False
555,resnet50,GradCAM,0.4995714664459228,0.4999987840652466,0.0004273176193237971,False
555,resnet50,IntegratedGradients,0.499922776222229,0.4810553595423699,-0.01886741667985914,True
555,resnet50,LRP,0.4379929535090924,0.4999958872795105,0.0620029337704181,False
555,resnet50,Random,0.376931046601385,0.3754978764103726,-0.0014331701910124117,True
555,vit_base,Chefer-LRP,0.41319127529859545,0.4020530000329018,-0.011138275265693665,True
555,vit_base,GradCAM,0.39786480665206914,0.39378639757633216,-0.004078409075736977,True
555,vit_base,IntegratedGradients,0.39230224788188933,0.409023280441761,0.016721032559871674,False
555,vit_base,Random,0.37802173346281054,0.36499332189559935,-0.013028411567211184,True
556,mobilevit_s,GradCAM,0.24834879385307432,0.44519787430763247,0.19684908045455815,False
556,mobilevit_s,IntegratedGradients,0.16722778378752995,0.4740344867110252,0.30680670292349527,False
556,mobilevit_s,Random,0.3563875131221721,0.2881537054927321,-0.06823380762943998,True
556,resnet50,GradCAM,0.06535833365705912,0.49998198896646495,0.43462365530940583,False
556,resnet50,IntegratedGradients,0.14211227579507976,0.49988466352224353,0.3577723877271638,False
556,resnet50,LRP,0.027883789241604975,0.49994539469480515,0.4720616054532002,False
556,resnet50,Random,0.2867837354759104,0.24128618403556176,-0.045497551440348644,True
556,vit_base,Chefer-LRP,0.3874450482428074,0.44665124267339706,0.059206194430589665,False
556,vit_base,GradCAM,0.3235549662960694,0.41187066286802293,0.08831569657195354,False
556,vit_base,IntegratedGradients,0.4349206879734993,0.3603432253468782,-0.07457746262662113,True
556,vit_base,Random,0.43773085176944726,0.41893975734710687,-0.018791094422340393,True
557,mobilevit_s,GradCAM,0.1559296424667991,0.48517259359359743,0.32924295112679836,False
557,mobilevit_s,IntegratedGradients,0.14239966369350443,0.47307939678430555,0.3306797330908011,False
557,mobilevit_s,Random,0.21609372257589715,0.24750590707626546,0.03141218450036831,False
557,resnet50,GradCAM,0.1721126509572969,0.5,0.3278873490427031,False
557,resnet50,IntegratedGradients,0.276958977652248,0.49999999105930326,0.2230410134070553,False
557,resnet50,LRP,0.11917400570164319,0.5,0.38082599429835684,False
557,resnet50,Random,0.2765574920165818,0.34563865886302664,0.06908116684644483,False
557,vit_base,Chefer-LRP,0.24890712838387116,0.3736592128872872,0.12475208450341604,False
557,vit_base,GradCAM,0.2330017770873383,0.40909420102834704,0.17609242394100874,False
557,vit_base,IntegratedGradients,0.38884337991476065,0.4248251870274544,0.035981807112693776,False
557,vit_base,Random,0.39638122618198396,0.393253836967051,-0.0031273892149329408,True
558,mobilevit_s,GradCAM,0.0007357684327871539,0.0005633687138470122,-0.00017239971894014174,True
558,mobilevit_s,IntegratedGradients,0.00021917968933848897,0.0007055780195514673,0.00048639833021297835,False
558,mobilevit_s,Random,0.00026415432985231745,7.015439578026417e-05,-0.00019399993407205328,True
558,resnet50,GradCAM,0.00016920801062951795,0.0017572812284925021,0.0015880732178629841,False
558,resnet50,IntegratedGradients,0.0006951612092962024,0.00023945813663885928,-0.00045570307265734304,True
558,resnet50,LRP,0.0016452629810373765,0.00011697961526806465,-0.0015282833657693118,True
558,resnet50,Random,0.0014978168394009117,0.00119978132788674,-0.00029803551151417183,True
558,vit_base,Chefer-LRP,0.013022687629563734,0.0397948294878006,0.02677214185823687,False
558,vit_base,GradCAM,0.007373154250672087,0.0385404618922621,0.031167307641590015,False
558,vit_base,IntegratedGradients,0.06672706116223709,0.0384858344681561,-0.02824122669408099,True
558,vit_base,Random,0.031161588587565344,0.04229908268898726,0.011137494101421914,False
559,mobilevit_s,GradCAM,0.12119381902739408,0.36120348721742634,0.24000966819003228,False
559,mobilevit_s,IntegratedGradients,0.27913633137941357,0.08256562424066943,-0.19657070713874414,True
559,mobilevit_s,Random,0.2308785206638277,0.14662809149012904,-0.08425042917369865,True
559,resnet50,GradCAM,0.29609557947987925,0.4997661158442497,0.20367053636437044,False
559,resnet50,IntegratedGradients,0.16950705042108896,0.4997314304113388,0.3302243799902498,False
559,resnet50,LRP,0.13894182620424544,0.49957752078771595,0.3606356945834705,False
559,resnet50,Random,0.37590357558801774,0.3628671898506582,-0.013036385737359546,True
559,vit_base,Chefer-LRP,0.3371587412431836,0.43503317236900324,0.09787443112581962,False
559,vit_base,GradCAM,0.2588949591619894,0.4227971568703651,0.16390219770837572,False
559,vit_base,IntegratedGradients,0.40801287293434146,0.39411754459142684,-0.013895328342914626,True
559,vit_base,Random,0.391833969950676,0.40493931621313095,0.013105346262454964,False
560,mobilevit_s,GradCAM,0.2727913510985673,0.41330767422914505,0.14051632313057777,False
560,mobilevit_s,IntegratedGradients,0.24561358031351122,0.29434963017702104,0.04873604986350982,False
560,mobilevit_s,Random,0.1720832651342789,0.11221596415562089,-0.059867300978658014,True
560,resnet50,GradCAM,0.28353532915934926,0.49868154972791673,0.21514622056856747,False
560,resnet50,IntegratedGradients,0.305242681875825,0.4173442970495671,0.11210161517374212,False
560,resnet50,LRP,0.08438536546454999,0.4955386415123939,0.4111532760478439,False
560,resnet50,Random,0.16888597588034457,0.18227210519398798,0.013386129313643413,False
560,vit_base,Chefer-LRP,0.19512049332261086,0.35092982202768325,0.1558093287050724,False
560,vit_base,GradCAM,0.16949736408423635,0.3485317528247833,0.17903438874054697,False
560,vit_base,IntegratedGradients,0.2817176096141339,0.33372690379619596,0.05200929418206207,False
560,vit_base,Random,0.2699051722884178,0.2974182322621346,0.02751305997371678,False
561,mobilevit_s,GradCAM,0.15423987936228514,0.279913092777133,0.12567321341484786,False
561,mobilevit_s,IntegratedGradients,0.20311510997125878,0.18872148363589078,-0.014393626335368004,True
561,mobilevit_s,Random,0.12433382010822243,0.09071472882678791,-0.03361909128143452,True
561,resnet50,GradCAM,0.18869866571621974,0.49903657585382455,0.3103379101376048,False
561,resnet50,IntegratedGradients,0.3017138244584203,0.3742080723168329,0.07249424785841257,False
561,resnet50,LRP,0.08124821787059774,0.49954047203063967,0.4182922541600419,False
561,resnet50,Random,0.2677928377815988,0.2095998542776215,-0.05819298350397728,True
561,vit_base,Chefer-LRP,0.22171632368117572,0.34392624348402023,0.12220991980284451,False
561,vit_base,GradCAM,0.2126710675656796,0.3237625539302826,0.11109148636460298,False
561,vit_base,IntegratedGradients,0.2972306430339814,0.28824607208371167,-0.008984570950269721,True
561,vit_base,Random,0.24040199879091237,0.256349621899426,0.015947623108513637,False
562,mobilevit_s,GradCAM,0.12080796325899429,0.4171516612172127,0.2963436979582184,False
562,mobilevit_s,IntegratedGradients,0.2872623029019451,0.4656960815191269,0.1784337786171818,False
562,mobilevit_s,Random,0.29120271844731177,0.29329772740311455,0.0020950089558027796,False
562,resnet50,GradCAM,0.33205977133475245,0.4999974071979523,0.16793763586319987,False
562,resnet50,IntegratedGradients,0.49926266074180603,0.4924133002758026,-0.006849360466003429,True
562,resnet50,LRP,0.15069166448665786,0.4999973148107529,0.349305650324095,False
562,resnet50,Random,0.34070474111940713,0.3577181441243738,0.017013403004966676,False
562,vit_base,Chefer-LRP,0.20483459611714355,0.45789688229560854,0.253062286178465,False
562,vit_base,GradCAM,0.28656927346019073,0.44929960668087,0.16273033322067926,False
562,vit_base,IntegratedGradients,0.4605878129601479,0.18854570201365278,-0.2720421109464951,True
562,vit_base,Random,0.3904750797897577,0.3952512428164482,0.004776163026690483,False
563,mobilevit_s,GradCAM,0.04574383330764249,0.11460548196919264,0.06886164866155015,False
563,mobilevit_s,IntegratedGradients,0.12086797925876455,0.0625422514975071,-0.058325727761257454,True
563,mobilevit_s,Random,0.05928157260641456,0.047501094860490416,-0.011780477745924146,True
563,resnet50,GradCAM,0.23513477556407456,0.43010812401771553,0.19497334845364098,False
563,resnet50,IntegratedGradients,0.21275782957673073,0.24457704368978742,0.03181921411305669,False
563,resnet50,LRP,0.16880300231277945,0.4290548145771027,0.26025181226432326,False
563,resnet50,Random,0.04729567284230143,0.13280016900971534,0.0855044961674139,False
563,vit_base,Chefer-LRP,0.0524767853668891,0.13944011889398097,0.08696333352709187,False
563,vit_base,GradCAM,0.0503265685401857,0.14796955212950708,0.09764298358932139,False
563,vit_base,IntegratedGradients,0.06265899552963675,0.07121325358748437,0.008554258057847625,False
563,vit_base,Random,0.0434222212061286,0.045142670115455995,0.0017204489093273975,False
564,mobilevit_s,GradCAM,0.2594199366867542,0.39832701385021213,0.1389070771634579,False
564,mobilevit_s,IntegratedGradients,0.4102569937705993,0.30103073008358483,-0.10922626368701449,True
564,mobilevit_s,Random,0.36630930192768574,0.34744111709296704,-0.018868184834718693,True
564,resnet50,GradCAM,0.49830150753259667,0.49998524487018586,0.0016837373375891973,False
564,resnet50,IntegratedGradients,0.47310170978307725,0.3681196750607342,-0.10498203472234308,True
564,resnet50,LRP,0.4454765290021897,0.49990323930978775,0.05442671030759805,False
564,resnet50,Random,0.42305132523179056,0.40084265992045404,-0.02220866531133653,True
564,vit_base,Chefer-LRP,0.4256774321198464,0.42130259871482845,-0.0043748334050179305,True
564,vit_base,GradCAM,0.42768363356590267,0.4110982149839401,-0.016585418581962552,True
564,vit_base,IntegratedGradients,0.4109186246991158,0.4237594440579414,0.01284081935882564,False
564,vit_base,Random,0.4039909347891808,0.4208976984024048,0.01690676361322402,False
565,mobilevit_s,GradCAM,0.18431602416530954,0.37878739833831787,0.19447137417300833,False
565,mobilevit_s,IntegratedGradients,0.10749491021269932,0.17232160987623502,0.0648266996635357,False
565,mobilevit_s,Random,0.1255011659464799,0.10531343560287497,-0.020187730343604923,True
565,resnet50,GradCAM,0.4414350111037493,0.4999997437000275,0.0585647325962782,False
565,resnet50,IntegratedGradients,0.40986304916441446,0.489212392270565,0.07934934310615055,False
565,resnet50,LRP,0.32980148652568464,0.4999929338693619,0.17019144734367725,False
565,resnet50,Random,0.2788399908575229,0.3363440965302289,0.057504105672705974,False
565,vit_base,Chefer-LRP,0.4189985692501068,0.44390305876731867,0.02490448951721186,False
565,vit_base,GradCAM,0.3535718597471714,0.43784492164850236,0.08427306190133094,False
565,vit_base,IntegratedGradients,0.43603694885969163,0.45211324542760856,0.016076296567916926,False
565,vit_base,Random,0.40991084426641466,0.43213060945272447,0.022219765186309803,False
566,mobilevit_s,GradCAM,0.3641133695840835,0.42050987780094146,0.05639650821685793,False
566,mobilevit_s,IntegratedGradients,0.4381485223770142,0.44137360230088235,0.0032250799238681682,False
566,mobilevit_s,Random,0.3458147592609749,0.297370643215254,-0.04844411604572085,True
566,resnet50,GradCAM,0.4993836358189583,0.499973800778389,0.0005901649594307057,False
566,resnet50,IntegratedGradients,0.3508183486759663,0.4999775841832161,0.1491592355072498,False
566,resnet50,LRP,0.48523764163255695,0.49994787871837615,0.0147102370858192,False
566,resnet50,Random,0.3402909316588194,0.2766327847726643,-0.06365814688615512,True
566,vit_base,Chefer-LRP,0.41851687282323835,0.4263923421502113,0.007875469326972973,False
566,vit_base,GradCAM,0.418942666053772,0.43105666488409045,0.01211399883031844,False
566,vit_base,IntegratedGradients,0.4376915767788887,0.42430698573589326,-0.013384591042995442,True
566,vit_base,Random,0.40966250151395794,0.4084710493683815,-0.0011914521455764215,True
567,mobilevit_s,GradCAM,0.3018849153071642,0.4488650441169739,0.1469801288098097,False
567,mobilevit_s,IntegratedGradients,0.4523251373320818,0.4365917548537255,-0.015733382478356317,True
567,mobilevit_s,Random,0.36667628784198314,0.34523416751762853,-0.021442120324354608,True
567,resnet50,GradCAM,0.3127853549085558,0.49994880408048636,0.18716344917193056,False
567,resnet50,IntegratedGradients,0.49995006024837496,0.4730842879042029,-0.026865772344172034,True
567,resnet50,LRP,0.23745909147837668,0.49996504932641983,0.26250595784804315,False
567,resnet50,Random,0.41079383445903667,0.25552668649470445,-0.15526714796433222,True
567,vit_base,Chefer-LRP,0.33716198354959487,0.4090110450983047,0.07184906154870985,False
567,vit_base,GradCAM,0.393640524148941,0.41096820235252385,0.01732767820358283,False
567,vit_base,IntegratedGradients,0.42748607844114306,0.4138920158147812,-0.013594062626361869,True
567,vit_base,Random,0.39490847289562225,0.41485797166824345,0.0199494987726212,False
568,mobilevit_s,GradCAM,0.09000428810832091,0.4878215759992599,0.397817287890939,False
568,mobilevit_s,IntegratedGradients,0.20076114621770105,0.480732847750187,0.27997170153248596,False
568,mobilevit_s,Random,0.2379982422848116,0.19342649002064718,-0.044571752264164405,True
568,resnet50,GradCAM,0.18026176326675342,0.5,0.3197382367332466,False
568,resnet50,IntegratedGradients,0.42165714234870394,0.5,0.07834285765129606,False
568,resnet50,LRP,0.08702792426338418,0.5,0.4129720757366158,False
568,resnet50,Random,0.20154122333333363,0.2034029639704386,0.0018617406371049805,False
568,vit_base,Chefer-LRP,0.20434254095889626,0.4092865660786629,0.20494402511976662,False
568,vit_base,GradCAM,0.18884772877208889,0.4151591956615448,0.22631146688945591,False
568,vit_base,IntegratedGradients,0.3595918548060581,0.41000634133815766,0.05041448653209957,False
568,vit_base,Random,0.3284222140908241,0.3711523458361626,0.04273013174533846,False
569,mobilevit_s,GradCAM,0.024946753139374778,0.17081654556095602,0.14586979242158124,False
569,mobilevit_s,IntegratedGradients,0.02374742023371255,0.2627973643131554,0.23904994407944288,False
569,mobilevit_s,Random,0.03391530570361283,0.02318871951028996,-0.010726586193322868,True
569,resnet50,GradCAM,0.11415369871538134,0.4988778084516525,0.3847241097362712,False
569,resnet50,IntegratedGradients,0.11537756801117212,0.4845156788825989,0.3691381108714268,False
569,resnet50,LRP,0.06832963645574638,0.4990999057888984,0.430770269333152,False
569,resnet50,Random,0.23333999414462595,0.15705695516080598,-0.07628303898381997,True
569,vit_base,Chefer-LRP,0.10807554554194213,0.318620939552784,0.21054539401084185,False
569,vit_base,GradCAM,0.06845342030283064,0.2845678456127643,0.2161144253099337,False
569,vit_base,IntegratedGradients,0.12184130847454071,0.2726365834474564,0.15079527497291567,False
569,vit_base,Random,0.3008906111121178,0.28340488448739054,-0.01748572662472725,True
570,mobilevit_s,GradCAM,0.01721221683546901,0.12040150864049792,0.10318929180502892,False
570,mobilevit_s,IntegratedGradients,0.011626404997957708,0.048958133673295386,0.037331728675337676,False
570,mobilevit_s,Random,0.011680388227978256,0.01103101348235214,-0.0006493747456261158,True
570,resnet50,GradCAM,0.007307074878190179,0.10598491169512272,0.09867783681693254,False
570,resnet50,IntegratedGradients,0.009166664272197523,0.03460752153769136,0.025440857265493836,False
570,resnet50,LRP,0.012411326123401522,0.05710730738937855,0.04469598126597703,False
570,resnet50,Random,0.0050072431517946825,0.0065146545297466215,0.001507411377951939,False
570,vit_base,Chefer-LRP,0.26281281102419596,0.43651197105646133,0.17369916003226538,False
570,vit_base,GradCAM,0.2771957974677207,0.4294723629951478,0.15227656552742708,False
570,vit_base,IntegratedGradients,0.4337319001555443,0.27548404447734354,-0.15824785567820077,True
570,vit_base,Random,0.43020083457231517,0.3541683239862323,-0.07603251058608285,True
571,mobilevit_s,GradCAM,0.43759045451879497,0.4807893425226212,0.04319888800382621,False
571,mobilevit_s,IntegratedGradients,0.461497063189745,0.36192994862794875,-0.09956711456179623,True
571,mobilevit_s,Random,0.26004919795559556,0.3248423177283257,0.06479311977273017,False
571,resnet50,GradCAM,0.4998950570821762,0.49999996423721316,0.00010490715503697068,False
571,resnet50,IntegratedGradients,0.4952797904610634,0.4997831150889397,0.004503324627876282,False
571,resnet50,LRP,0.42779378481209285,0.4999998897314072,0.07220610491931434,False
571,resnet50,Random,0.38966460889205345,0.33158159637823703,-0.05808301251381642,True
571,vit_base,Chefer-LRP,0.44248434603214265,0.4242683410644531,-0.018216004967689547,True
571,vit_base,GradCAM,0.40710268095135693,0.4318334609270095,0.024730779975652595,False
571,vit_base,IntegratedGradients,0.4241095632314682,0.4320494517683983,0.007939888536930118,False
571,vit_base,Random,0.419903388619423,0.4317592561244965,0.011855867505073503,False
572,mobilevit_s,GradCAM,0.3152360126376152,0.35966042829677464,0.044424415659159444,False
572,mobilevit_s,IntegratedGradients,0.3143224596977234,0.4447808891534805,0.13045842945575714,False
572,mobilevit_s,Random,0.1594578827251098,0.09908262156689035,-0.06037526115821945,True
572,resnet50,GradCAM,0.4821631982922554,0.49957266747951506,0.017409469187259663,False
572,resnet50,IntegratedGradients,0.4923690095543861,0.4997024923563003,0.007333482801914204,False
572,resnet50,LRP,0.4349810048937797,0.4995099171996117,0.06452891230583196,False
572,resnet50,Random,0.4091575996950269,0.3351472624344752,-0.07401033726055173,True
572,vit_base,Chefer-LRP,0.4399141415953636,0.46238675266504287,0.022472611069679294,False
572,vit_base,GradCAM,0.4581539437174797,0.45142055749893184,-0.006733386218547854,True
572,vit_base,IntegratedGradients,0.4567149981856346,0.4439753040671348,-0.01273969411849979,True
572,vit_base,Random,0.4129037201404572,0.4264031298458576,0.013499409705400423,False
573,mobilevit_s,GradCAM,0.06438799698371439,0.08598985970020295,0.021601862716488562,False
573,mobilevit_s,IntegratedGradients,0.10639410503208638,0.03123378031887114,-0.07516032471321524,True
573,mobilevit_s,Random,0.03489737108466215,0.04110247687494849,0.006205105790286339,False
573,resnet50,GradCAM,0.025052991765551275,0.1492662809789181,0.12421328921336681,False
573,resnet50,IntegratedGradients,0.05842586602084339,0.16773622408509253,0.10931035806424914,False
573,resnet50,LRP,0.17558800205588343,0.21557355299592018,0.03998555094003675,False
573,resnet50,Random,0.3264996943995357,0.2668830946437083,-0.05961659975582739,True
573,vit_base,Chefer-LRP,0.04207724921870977,0.15876503363251684,0.11668778441380707,False
573,vit_base,GradCAM,0.04068345522973686,0.18203963935375211,0.14135618412401524,False
573,vit_base,IntegratedGradients,0.055779589875601235,0.19761432111263272,0.1418347312370315,False
573,vit_base,Random,0.10679987110197545,0.15756601747125387,0.050766146369278425,False
574,mobilevit_s,GradCAM,0.0788957280572504,0.33134760707616806,0.25245187901891764,False
574,mobilevit_s,IntegratedGradients,0.35275322496891026,0.39939775317907333,0.04664452821016307,False
574,mobilevit_s,Random,0.18785833567380902,0.2564701767638326,0.06861184109002358,False
574,resnet50,GradCAM,0.0070538245374336846,0.07971592401154337,0.07266209947410969,False
574,resnet50,IntegratedGradients,0.10201045135036112,0.003661787594319321,-0.0983486637560418,True
574,resnet50,LRP,0.01782580198487267,0.01408878844231367,-0.0037370135425589986,True
574,resnet50,Random,0.0051803089234454085,0.019229151960462328,0.01404884303701692,False
574,vit_base,Chefer-LRP,0.0810569318011403,0.08793294792994857,0.006876016128808268,False
574,vit_base,GradCAM,0.03811996262520551,0.17474385909736154,0.13662389647215603,False
574,vit_base,IntegratedGradients,0.19764208234846592,0.06658437252044677,-0.13105770982801915,True
574,vit_base,Random,0.10662281066179276,0.15959027353674174,0.05296746287494898,False
575,mobilevit_s,GradCAM,0.45385687947273257,0.4265388771891594,-0.027318002283573173,True
575,mobilevit_s,IntegratedGradients,0.4396039202809334,0.44979854971170424,0.010194629430770819,False
575,mobilevit_s,Random,0.4520527601242066,0.4660449147224426,0.013992154598235995,False
575,resnet50,GradCAM,0.4999141961336136,0.4996862918138504,-0.0002279043197632169,True
575,resnet50,IntegratedGradients,0.49982396662235257,0.49987166225910185,4.769563674927868e-05,False
575,resnet50,LRP,0.4994135499000549,0.4998952403664589,0.0004816904664040056,False
575,resnet50,Random,0.4948397472500801,0.49944173842668527,0.004601991176605147,False
575,vit_base,Chefer-LRP,0.3973995193839074,0.40978195220232005,0.01238243281841267,False
575,vit_base,GradCAM,0.41168896853923803,0.4094807744026184,-0.0022081941366196567,True
575,vit_base,IntegratedGradients,0.39718641191720966,0.4097378551959992,0.012551443278789542,False
575,vit_base,Random,0.4126603722572327,0.40449336767196653,-0.008167004585266147,True
576,mobilevit_s,GradCAM,0.19346154529048362,0.3438760235905647,0.15041447830008106,False
576,mobilevit_s,IntegratedGradients,0.14265853112867719,0.3586827367544174,0.21602420562574023,False
576,mobilevit_s,Random,0.380325675662607,0.41968900859355923,0.03936333293095223,False
576,resnet50,GradCAM,0.26527144989304363,0.4999086871743202,0.23463723728127656,False
576,resnet50,IntegratedGradients,0.24347782051554534,0.49969049543142313,0.2562126749158778,False
576,resnet50,LRP,0.05990074259098038,0.49991368353366855,0.44001294094268817,False
576,resnet50,Random,0.11918425255571492,0.31804132314864547,0.19885707059293056,False
576,vit_base,Chefer-LRP,0.14532498449698325,0.4032728955149651,0.25794791101798187,False
576,vit_base,GradCAM,0.13821005988647816,0.40510624498128894,0.2668961850948108,False
576,vit_base,IntegratedGradients,0.3771290585398674,0.4018863916397094,0.024757333099842016,False
576,vit_base,Random,0.4071117699146271,0.41183429807424543,0.004722528159618322,False
577,mobilevit_s,GradCAM,0.09912035472807476,0.4540143325924873,0.35489397786441257,False
577,mobilevit_s,IntegratedGradients,0.4017093283124268,0.32793933316133916,-0.07376999515108762,True
577,mobilevit_s,Random,0.3827221169602126,0.25360559800174093,-0.12911651895847165,True
577,resnet50,GradCAM,0.37252878655563115,0.4999990224838257,0.12747023592819456,False
577,resnet50,IntegratedGradients,0.46069275587797165,0.4872891336679459,0.026596377789974257,False
577,resnet50,LRP,0.19463768154382707,0.49999831020832064,0.30536062866449354,False
577,resnet50,Random,0.45096685923635965,0.3638037927215919,-0.08716306651476774,True
577,vit_base,Chefer-LRP,0.32919772360473876,0.40673169195652004,0.07753396835178128,False
577,vit_base,GradCAM,0.18734080754511526,0.3915187388658523,0.20417793132073705,False
577,vit_base,IntegratedGradients,0.3570710256695747,0.3616096474230289,0.004538621753454208,False
577,vit_base,Random,0.4128674775362015,0.3998271092772484,-0.013040368258953106,True
578,mobilevit_s,GradCAM,0.0016430896153906362,0.014202954636130017,0.01255986502073938,False
578,mobilevit_s,IntegratedGradients,0.000959758469616645,0.001769862440414727,0.000810103970798082,False
578,mobilevit_s,Random,0.008745305624324826,0.002327773137949407,-0.006417532486375419,True
578,resnet50,GradCAM,1.9333417302647147e-07,0.00018161993028549257,0.0001814265961124661,False
578,resnet50,IntegratedGradients,6.729989835072559e-05,0.08709736037685942,0.0870300604785087,False
578,resnet50,LRP,0.05854267912846786,2.298252258725597e-07,-0.05854244930324199,True
578,resnet50,Random,0.009215522934886521,0.00013969697277396167,-0.009075825962112559,True
578,vit_base,Chefer-LRP,0.007506549020763486,0.004720991069916636,-0.00278555795084685,True
578,vit_base,GradCAM,0.006004971789661795,0.018281209713313727,0.012276237923651932,False
578,vit_base,IntegratedGradients,0.0063853159663267425,0.005350133928004652,-0.0010351820383220902,True
578,vit_base,Random,0.005170963134150951,0.008333437389228492,0.003162474255077541,False
579,mobilevit_s,GradCAM,0.12796176225529055,0.4225741311907768,0.29461236893548626,False
579,mobilevit_s,IntegratedGradients,0.10133324871239895,0.4702880978584289,0.36895484914602994,False
579,mobilevit_s,Random,0.22826510681770742,0.30118511598557235,0.07292000916786492,False
579,resnet50,GradCAM,0.16690315905725586,0.4382812649011612,0.2713781058439053,False
579,resnet50,IntegratedGradients,0.08521059296472232,0.33670589625835423,0.2514953032936319,False
579,resnet50,LRP,0.05617788900854066,0.4669291421771049,0.41075125316856426,False
579,resnet50,Random,0.16797393792076037,0.1785705706337467,0.010596632712986331,False
579,vit_base,Chefer-LRP,0.09200709463184467,0.3961295485496521,0.30412245391780746,False
579,vit_base,GradCAM,0.08340238495147788,0.3897488936781883,0.30634650872671043,False
579,vit_base,IntegratedGradients,0.23163840770721436,0.4089224398136139,0.17728403210639956,False
579,vit_base,Random,0.41353342384099956,0.43622035682201393,0.022686932981014374,False
580,mobilevit_s,GradCAM,0.1188998769350292,0.4669045746326447,0.3480046976976155,False
580,mobilevit_s,IntegratedGradients,0.14205135403935856,0.4067491888999939,0.26469783486063536,False
580,mobilevit_s,Random,0.20206560948463453,0.21498595837474566,0.012920348890111122,False
580,resnet50,GradCAM,0.06041898163384758,0.49720412492752075,0.4367851432936732,False
580,resnet50,IntegratedGradients,0.09400498167960904,0.49190168380737304,0.397896702127764,False
580,resnet50,LRP,0.026889112411299716,0.4924834400415421,0.4655943276302424,False
580,resnet50,Random,0.1591238123409572,0.12365018457561874,-0.03547362776533847,True
580,vit_base,Chefer-LRP,0.1291862818412483,0.4055383563041687,0.27635207446292037,False
580,vit_base,GradCAM,0.12937635770067576,0.38113032579422,0.2517539680935442,False
580,vit_base,IntegratedGradients,0.4023334845900536,0.38496644347906117,-0.01736704111099241,True
580,vit_base,Random,0.4271227136254311,0.3162604841403664,-0.11086222948506469,True
581,mobilevit_s,GradCAM,0.039099432970397176,0.4656467124819756,0.4265472795115784,False
581,mobilevit_s,IntegratedGradients,0.12369046499152321,0.3393678991356865,0.2156774341441633,False
581,mobilevit_s,Random,0.19266603394935378,0.19258551400635043,-8.05199430033432e-05,True
581,resnet50,GradCAM,0.029782917024567725,0.49991540312767024,0.47013248610310254,False
581,resnet50,IntegratedGradients,0.06694439377752134,0.4982729762792587,0.43132858250173733,False
581,resnet50,LRP,0.04316721314098687,0.4992741346359253,0.4561069214949384,False
581,resnet50,Random,0.07831828645612404,0.13233275519742166,0.05401446874129762,False
581,vit_base,Chefer-LRP,0.27980657443404205,0.4014201745390892,0.12161360010504713,False
581,vit_base,GradCAM,0.22927299812436105,0.38358109444379807,0.154308096319437,False
581,vit_base,IntegratedGradients,0.2736793801188469,0.4065148279070855,0.13283544778823858,False
581,vit_base,Random,0.2651857843622566,0.3335892055183649,0.06840342115610831,False
582,mobilevit_s,GradCAM,0.03080390446557431,0.4314244449138641,0.4006205404482898,False
582,mobilevit_s,IntegratedGradients,0.05888319727382623,0.4503056019544602,0.39142240468063394,False
582,mobilevit_s,Random,0.3126768073969288,0.25667997325108444,-0.05599683414584439,True
582,resnet50,GradCAM,0.16323865129852494,0.49993058741092683,0.3366919361124019,False
582,resnet50,IntegratedGradients,0.1909657946547668,0.4999263182282448,0.30896052357347803,False
582,resnet50,LRP,0.07298281946132193,0.4998877808451652,0.42690496138384326,False
582,resnet50,Random,0.40207817545160657,0.4710455076070502,0.06896733215544365,False
582,vit_base,Chefer-LRP,0.26678944490849976,0.40120116323232646,0.1344117183238267,False
582,vit_base,GradCAM,0.17572099919198084,0.403419491648674,0.22769849245669319,False
582,vit_base,IntegratedGradients,0.39953833222389223,0.4071736440062523,0.007635311782360044,False
582,vit_base,Random,0.3801417857408524,0.40416631698608396,0.024024531245231573,False
583,mobilevit_s,GradCAM,0.2620513124042191,0.41101103574037556,0.14895972333615648,False
583,mobilevit_s,IntegratedGradients,0.3624083549249917,0.4199068531394005,0.05749849821440883,False
583,mobilevit_s,Random,0.40411193370819093,0.42912498605437577,0.02501305234618484,False
583,resnet50,GradCAM,0.488984015583992,0.49999996423721316,0.011015948653221141,False
583,resnet50,IntegratedGradients,0.48311519026756283,0.4999997556209564,0.016884565353393555,False
583,resnet50,LRP,0.20204716497100894,0.49999990165233615,0.2979527366813272,False
583,resnet50,Random,0.42933051141444595,0.41909669893793766,-0.010233812476508286,True
583,vit_base,Chefer-LRP,0.3910107996314764,0.4213393196463585,0.03032852001488212,False
583,vit_base,GradCAM,0.4148818522691727,0.4171294167637825,0.0022475644946098328,False
583,vit_base,IntegratedGradients,0.4348261311650276,0.43369091898202894,-0.0011352121829986683,True
583,vit_base,Random,0.4299969062209129,0.43414974510669707,0.00415283888578416,False
584,mobilevit_s,GradCAM,0.4271470919251442,0.45307851880788796,0.025931426882743747,False
584,mobilevit_s,IntegratedGradients,0.4008277449756861,0.40318349003791815,0.002355745062232073,False
584,mobilevit_s,Random,0.13414709117205348,0.17680960146826694,0.04266251029621346,False
584,resnet50,GradCAM,0.4995758593082427,0.49999119639396666,0.00041533708572394357,False
584,resnet50,IntegratedGradients,0.49595493674278257,0.4864051356911659,-0.00954980105161668,True
584,resnet50,LRP,0.3789530050009489,0.4999705404043198,0.1210175354033709,False
584,resnet50,Random,0.34092685543000695,0.24147195894329343,-0.09945489648671352,True
584,vit_base,Chefer-LRP,0.439486800134182,0.44460319429636,0.005116394162178017,False
584,vit_base,GradCAM,0.4410195931792259,0.4358049795031547,-0.005214613676071178,True
584,vit_base,IntegratedGradients,0.4274096295237541,0.4339154019951821,0.006505772471427973,False
584,vit_base,Random,0.41714552491903306,0.3987657807767391,-0.018379744142293986,True
585,mobilevit_s,GradCAM,0.4546951562166214,0.44973241388797763,-0.004962742328643743,True
585,mobilevit_s,IntegratedGradients,0.48091587871313096,0.46213624626398087,-0.018779632449150097,True
585,mobilevit_s,Random,0.26246711134590445,0.26752461379364834,0.005057502447743889,False
585,resnet50,GradCAM,0.4999781161546707,0.4999993145465851,2.119839191438988e-05,False
585,resnet50,IntegratedGradients,0.49638362675905223,0.49999759197235105,0.00361396521329882,False
585,resnet50,LRP,0.44125568941235543,0.4999814838171005,0.05872579440474507,False
585,resnet50,Random,0.32594446505208907,0.3723878445918672,0.04644337953977812,False
585,vit_base,Chefer-LRP,0.44656340479850765,0.43789786994457247,-0.008665534853935175,True
585,vit_base,GradCAM,0.4536019638180733,0.4385055482387542,-0.015096415579319067,True
585,vit_base,IntegratedGradients,0.42080428004264836,0.4430392488837242,0.02223496884107584,False
585,vit_base,Random,0.4234295040369033,0.44198343306779864,0.01855392903089531,False
586,mobilevit_s,GradCAM,0.015431163754692537,0.26267130151391027,0.24724013775921774,False
586,mobilevit_s,IntegratedGradients,0.03722989351954312,0.02742100448413112,-0.009808889035411997,True
586,mobilevit_s,Random,0.010352596362281476,0.014241544572905697,0.003888948210624221,False
586,resnet50,GradCAM,0.040528528234972334,0.47521848380565646,0.43468995557068413,False
586,resnet50,IntegratedGradients,0.027160544551225033,0.41361876428127287,0.38645821973004785,False
586,resnet50,LRP,0.025923985254485162,0.48634767681360247,0.46042369155911733,False
586,resnet50,Random,0.05716538351189229,0.05990827076457208,0.0027428872526797862,False
586,vit_base,Chefer-LRP,0.06449989545508288,0.27970734387636187,0.21520744842127898,False
586,vit_base,GradCAM,0.04202277150616283,0.31930374056100846,0.2772809690548456,False
586,vit_base,IntegratedGradients,0.11290405370527878,0.2216617684811354,0.1087577147758566,False
586,vit_base,Random,0.09556683166883886,0.14309688829089284,0.04753005662205398,False
587,mobilevit_s,GradCAM,0.0030141477822326125,0.17203155546449123,0.16901740768225862,False
587,mobilevit_s,IntegratedGradients,0.009236298117320983,0.004527886840514838,-0.004708411276806145,True
587,mobilevit_s,Random,0.057302288403479916,0.05400591525249183,-0.0032963731509880884,True
587,resnet50,GradCAM,3.2570811413279444e-05,0.1014490731849946,0.10141650237358132,False
587,resnet50,IntegratedGradients,0.0006000837945066452,0.024568887093482768,0.023968803298976122,False
587,resnet50,LRP,0.010338152986514611,0.0023012691966869166,-0.008036883789827694,True
587,resnet50,Random,0.003410842075027177,0.0003269354139774805,-0.0030839066610496967,True
587,vit_base,Chefer-LRP,0.010265702032484114,0.10345299411565065,0.09318729208316653,False
587,vit_base,GradCAM,0.010213938518427312,0.12948872689157723,0.11927478837314992,False
587,vit_base,IntegratedGradients,0.02718200362287462,0.08523719888180493,0.05805519525893031,False
587,vit_base,Random,0.047689547017216685,0.039512155763804915,-0.00817739125341177,True
588,mobilevit_s,GradCAM,0.14313256498426202,0.13343732124194504,-0.009695243742316978,True
588,mobilevit_s,IntegratedGradients,0.04330340009182691,0.11436492316424847,0.07106152307242156,False
588,mobilevit_s,Random,0.03627949630608782,0.06471511437557638,0.028435618069488557,False
588,resnet50,GradCAM,0.477449283003807,0.49986907094717026,0.022419787943363245,False
588,resnet50,IntegratedGradients,0.47589608803391453,0.4957591742277145,0.01986308619379995,False
588,resnet50,LRP,0.38678968138992786,0.49990036636590957,0.1131106849759817,False
588,resnet50,Random,0.48160008490085604,0.3845668687019497,-0.09703321619890631,True
588,vit_base,Chefer-LRP,0.4272303253412247,0.4179543271660805,-0.009275998175144184,True
588,vit_base,GradCAM,0.4010374344885349,0.4231700003147125,0.02213256582617762,False
588,vit_base,IntegratedGradients,0.4141629323363305,0.38871290534734726,-0.025450026988983243,True
588,vit_base,Random,0.37986751347780234,0.4103467330336571,0.030479219555854753,False
589,mobilevit_s,GradCAM,0.08861434818245471,0.1247054923558608,0.03609114417340609,False
589,mobilevit_s,IntegratedGradients,0.12341439763549716,0.1766126644797623,0.053198266844265124,False
589,mobilevit_s,Random,0.050074122456135226,0.06501931328093633,0.0149451908248011,False
589,resnet50,GradCAM,0.321091092377901,0.4760375455021858,0.1549464531242848,False
589,resnet50,IntegratedGradients,0.47166609987616537,0.4888428375124932,0.01717673763632782,False
589,resnet50,LRP,0.30304224351421,0.49432909190654756,0.19128684839233756,False
589,resnet50,Random,0.37185171861201527,0.3589054080657661,-0.012946310546249173,True
589,vit_base,Chefer-LRP,0.42549909055233004,0.39057154953479767,-0.03492754101753237,True
589,vit_base,GradCAM,0.4071566507220269,0.4407087340950966,0.0335520833730697,False
589,vit_base,IntegratedGradients,0.4180997431278229,0.4435482412576675,0.02544849812984462,False
589,vit_base,Random,0.42849732190370565,0.4471798524260521,0.018682530522346474,False
590,mobilevit_s,GradCAM,0.18273724453028992,0.46275805979967116,0.2800208152693813,False
590,mobilevit_s,IntegratedGradients,0.27385115032666363,0.43997069299221037,0.16611954266554674,False
590,mobilevit_s,Random,0.4627640217542648,0.4546739496290684,-0.008090072125196413,True
590,resnet50,GradCAM,0.23529509257059547,0.499711087346077,0.2644159947754815,False
590,resnet50,IntegratedGradients,0.29326429637148976,0.4996575862169266,0.2063932898454368,False
590,resnet50,LRP,0.14886884203588124,0.499751053750515,0.35088221171463374,False
590,resnet50,Random,0.4273600902874023,0.4892202794551849,0.06186018916778263,False
590,vit_base,Chefer-LRP,0.24672663772944362,0.43395930528640747,0.18723266755696386,False
590,vit_base,GradCAM,0.39745962470769886,0.43365751653909684,0.03619789183139799,False
590,vit_base,IntegratedGradients,0.4299079909920692,0.4239254638552666,-0.00598252713680264,True
590,vit_base,Random,0.426270966231823,0.4113640829920769,-0.014906883239746094,True
591,mobilevit_s,GradCAM,0.2971530429786072,0.4835735425353051,0.18642049955669793,False
591,mobilevit_s,IntegratedGradients,0.4397232443094254,0.48672305643558494,0.04699981212615956,False
591,mobilevit_s,Random,0.41697965022176503,0.44365062117576604,0.026670970954001005,False
591,resnet50,GradCAM,0.49994355589151385,0.5,5.644410848615333e-05,False
591,resnet50,IntegratedGradients,0.4997958078980446,0.49999994337558745,0.0002041354775428328,False
591,resnet50,LRP,0.496329839527607,0.5,0.0036701604723929915,False
591,resnet50,Random,0.48004684671759607,0.48403706923127177,0.003990222513675701,False
591,vit_base,Chefer-LRP,0.4468953862786293,0.448503865301609,0.0016084790229797252,False
591,vit_base,GradCAM,0.4545766294002533,0.44039957523345946,-0.014177054166793823,True
591,vit_base,IntegratedGradients,0.44260542541742326,0.44508191943168635,0.0024764940142630865,False
591,vit_base,Random,0.4252793952822685,0.43111110776662825,0.005831712484359763,False
592,mobilevit_s,GradCAM,0.010870488011278214,0.2199287462979555,0.2090582582866773,False
592,mobilevit_s,IntegratedGradients,0.05358909585265793,0.011596279180594138,-0.04199281667206379,True
592,mobilevit_s,Random,0.013551313150674106,0.05333414389169775,0.03978283074102364,False
592,resnet50,GradCAM,0.42687291055917737,0.4991762697696686,0.07230335921049125,False
592,resnet50,IntegratedGradients,0.30862296354025603,0.41949940770864486,0.11087644416838882,False
592,resnet50,LRP,0.21929111672798174,0.4239111125469208,0.20461999581893908,False
592,resnet50,Random,0.13658033991232515,0.16474752617068592,0.02816718625836076,False
592,vit_base,Chefer-LRP,0.10703254593536257,0.10998176224529745,0.002949216309934874,False
592,vit_base,GradCAM,0.024402558337897062,0.2294960506260395,0.20509349228814244,False
592,vit_base,IntegratedGradients,0.11227031368762257,0.16597843244671823,0.05370811875909566,False
592,vit_base,Random,0.03751956196501851,0.038924374757334596,0.001404812792316086,False
593,mobilevit_s,GradCAM,0.06421818653470837,0.4840413987636566,0.41982321222894825,False
593,mobilevit_s,IntegratedGradients,0.30962466225901153,0.48579009324312206,0.17616543098411053,False
593,mobilevit_s,Random,0.3427521450270433,0.26504283293033953,-0.07770931209670379,True
593,resnet50,GradCAM,0.18065842043288288,0.49969466030597687,0.319036239873094,False
593,resnet50,IntegratedGradients,0.3383412036651862,0.4998533144593239,0.1615121107941377,False
593,resnet50,LRP,0.0742780141486037,0.49973362088203427,0.4254556067334306,False
593,resnet50,Random,0.34696392416954047,0.33209559007082134,-0.014868334098719127,True
593,vit_base,Chefer-LRP,0.18110700264805932,0.44436674118041997,0.2632597385323606,False
593,vit_base,GradCAM,0.11408515871153214,0.4466941863298416,0.33260902761830946,False
593,vit_base,IntegratedGradients,0.33421661290340127,0.43846761882305146,0.1042510059196502,False
593,vit_base,Random,0.37519017308950425,0.42552904039621353,0.05033886730670928,False
594,mobilevit_s,GradCAM,0.3016688289120793,0.4929576516151429,0.19128882270306358,False
594,mobilevit_s,IntegratedGradients,0.4648303870111704,0.4721110567450524,0.007280669733881973,False
594,mobilevit_s,Random,0.40659144428791477,0.3159606215995155,-0.09063082268839928,True
594,resnet50,GradCAM,0.36720406543463474,0.5,0.13279593456536526,False
594,resnet50,IntegratedGradients,0.44142576567828656,0.4999995291233063,0.058573763445019744,False
594,resnet50,LRP,0.27726178430020804,0.5,0.22273821569979196,False
594,resnet50,Random,0.33751409986871295,0.4295424139127135,0.09202831404400058,False
594,vit_base,Chefer-LRP,0.4454539209604263,0.41667775213718417,-0.028776168823242132,True
594,vit_base,GradCAM,0.342719418136403,0.42185337245464327,0.07913395431824027,False
594,vit_base,IntegratedGradients,0.43783052861690525,0.4466175615787506,0.008787032961845354,False
594,vit_base,Random,0.43240485340356827,0.40376142114400865,-0.02864343225955962,True
595,mobilevit_s,GradCAM,0.011637738998979328,0.002578498938237317,-0.009059240060742012,True
595,mobilevit_s,IntegratedGradients,0.004466819118897547,0.011751261819154023,0.007284442700256476,False
595,mobilevit_s,Random,0.006252200175094914,0.004146503398260393,-0.002105696776834521,True
595,resnet50,GradCAM,0.011869879066944124,0.15030058734118937,0.13843070827424525,False
595,resnet50,IntegratedGradients,0.013004459415969904,0.05293453643098474,0.03993007701501483,False
595,resnet50,LRP,0.006141746882349254,0.11606086688116193,0.10991911999881268,False
595,resnet50,Random,0.010770225537999068,0.034079103270778434,0.023308877732779364,False
595,vit_base,Chefer-LRP,0.021735784551128748,0.14997388683259488,0.12823810228146615,False
595,vit_base,GradCAM,0.02704067500308156,0.19480594322085382,0.16776526821777227,False
595,vit_base,IntegratedGradients,0.07854383678932209,0.16263777166604995,0.08409393487672787,False
595,vit_base,Random,0.061044842144474386,0.041418529937800486,-0.0196263122066739,True
596,mobilevit_s,GradCAM,0.017329711653292175,0.07587724169716241,0.058547530043870234,False
596,mobilevit_s,IntegratedGradients,0.026975330770073924,0.0372290219180286,0.010253691147954675,False
596,mobilevit_s,Random,0.012790315922757147,0.009035391502402491,-0.0037549244203546554,True
596,resnet50,GradCAM,0.034886872768402105,0.13323562014847998,0.09834874738007787,False
596,resnet50,IntegratedGradients,0.024326409376226366,0.09997777920216323,0.07565136982593687,False
596,resnet50,LRP,0.0407569162081927,0.14779993668198585,0.10704302047379315,False
596,resnet50,Random,0.04312832496361807,0.02090664714196464,-0.02222167782165343,True
596,vit_base,Chefer-LRP,0.13261333573609593,0.299255134165287,0.16664179842919105,False
596,vit_base,GradCAM,0.1344788343179971,0.32111392468214034,0.18663509036414325,False
596,vit_base,IntegratedGradients,0.25856354273855686,0.27561058625578877,0.017047043517231908,False
596,vit_base,Random,0.3115866627544165,0.28361602276563647,-0.02797063998878002,True
597,mobilevit_s,GradCAM,0.0002169464103644714,0.015463287800957912,0.015246341390593441,False
597,mobilevit_s,IntegratedGradients,0.00027498607814777646,0.0005282173908199183,0.00025323131267214184,False
597,mobilevit_s,Random,0.00010011846607085317,0.00014777114702155814,4.765268095070497e-05,False
597,resnet50,GradCAM,0.0020871856162557375,0.0009499343243078328,-0.0011372512919479048,True
597,resnet50,IntegratedGradients,0.0029122221196303142,0.00022522717481479045,-0.002686994944815524,True
597,resnet50,LRP,0.004073938676447141,0.000206734640232753,-0.003867204036214388,True
597,resnet50,Random,0.0008853973700752248,0.0013676494170795192,0.0004822520470042944,False
597,vit_base,Chefer-LRP,0.011015251022763552,0.05443339012563228,0.04341813910286873,False
597,vit_base,GradCAM,0.007973843021318316,0.026148835569620138,0.01817499254830182,False
597,vit_base,IntegratedGradients,0.011342381685972215,0.05667142421007156,0.04532904252409935,False
597,vit_base,Random,0.021977389650419354,0.02526707062497735,0.0032896809745579965,False
598,mobilevit_s,GradCAM,0.1794040620326996,0.2054383482784033,0.026034286245703697,False
598,mobilevit_s,IntegratedGradients,0.2718630261719227,0.16508326306939125,-0.10677976310253146,True
598,mobilevit_s,Random,0.13738903879202552,0.11502367829571086,-0.022365360496314657,True
598,resnet50,GradCAM,0.1958493710961193,0.3033396124839783,0.10749024138785898,False
598,resnet50,IntegratedGradients,0.21345661901868881,0.25515639994991945,0.04169978093123064,False
598,resnet50,LRP,0.10280261032748968,0.28107623010873795,0.17827361978124828,False
598,resnet50,Random,0.1895941126276739,0.207582714461023,0.017988601833349105,False
598,vit_base,Chefer-LRP,0.1623088084161282,0.18961285799741745,0.027304049581289264,False
598,vit_base,GradCAM,0.16647108495235446,0.19488352611660956,0.028412441164255092,False
598,vit_base,IntegratedGradients,0.20019928738474846,0.19038027077913283,-0.009819016605615627,True
598,vit_base,Random,0.15904953330755234,0.18712729066610337,0.02807775735855103,False
599,mobilevit_s,GradCAM,0.024848490068688986,0.19705236703157422,0.17220387696288525,False
599,mobilevit_s,IntegratedGradients,0.020166702399728825,0.10412437785416842,0.08395767545443959,False
599,mobilevit_s,Random,0.017402394652162912,0.005926765898766461,-0.011475628753396451,True
599,resnet50,GradCAM,0.01468790052458644,0.08102848306298255,0.06634058253839611,False
599,resnet50,IntegratedGradients,0.014428214344661683,0.017968050739727914,0.003539836395066231,False
599,resnet50,LRP,0.005962139365146868,0.040392592921853064,0.034430453556706195,False
599,resnet50,Random,0.005860031220072415,0.0058999558910727504,3.9924671000335366e-05,False
599,vit_base,Chefer-LRP,0.0055601985426619645,0.035303357895463704,0.029743159352801737,False
599,vit_base,GradCAM,0.0076562134781852365,0.0736019584350288,0.06594574495684356,False
599,vit_base,IntegratedGradients,0.029068845976144075,0.028201173245906833,-0.0008676727302372421,True
599,vit_base,Random,0.011943030008114875,0.03679725173860788,0.024854221730493002,False
600,mobilevit_s,GradCAM,0.15395025298930706,0.37474446445703513,0.22079421146772807,False
600,mobilevit_s,IntegratedGradients,0.1859471084550023,0.37754688300192357,0.19159977454692126,False
600,mobilevit_s,Random,0.1895407010102645,0.18202468414092435,-0.007516016869340142,True
600,resnet50,GradCAM,0.2973976246372331,0.4999748528003693,0.20257722816313617,False
600,resnet50,IntegratedGradients,0.36963919922709465,0.4812463194131851,0.11160712018609042,False
600,resnet50,LRP,0.22962693260342348,0.4998939424753189,0.2702670098718954,False
600,resnet50,Random,0.21529281562543479,0.24302558647468686,0.027732770849252075,False
600,vit_base,Chefer-LRP,0.3241712849587202,0.38892964124679563,0.06475835628807541,False
600,vit_base,GradCAM,0.2785547639476136,0.420099239051342,0.14154447510372842,False
600,vit_base,IntegratedGradients,0.3834951430559158,0.3204601466655731,-0.06303499639034271,True
600,vit_base,Random,0.3308044962584973,0.37015351466834545,0.03934901840984817,False
601,mobilevit_s,GradCAM,0.11784030400740446,0.3370047017931938,0.21916439778578933,False
601,mobilevit_s,IntegratedGradients,0.29437310956418516,0.22702164798974991,-0.06735146157443525,True
601,mobilevit_s,Random,0.2069149453192949,0.3058174647390842,0.09890251941978931,False
601,resnet50,GradCAM,0.3762629958800972,0.49999690651893614,0.12373391063883893,False
601,resnet50,IntegratedGradients,0.4890273794531823,0.397661853954196,-0.0913655254989863,True
601,resnet50,LRP,0.077241718301957,0.4999918550252914,0.4227501367233344,False
601,resnet50,Random,0.32229490955069195,0.2749606344583299,-0.047334275092362044,True
601,vit_base,Chefer-LRP,0.27095788023434586,0.40799631029367445,0.1370384300593286,False
601,vit_base,GradCAM,0.2995996145997197,0.41243418455123904,0.11283456995151936,False
601,vit_base,IntegratedGradients,0.42017460614442825,0.39945417344570155,-0.0207204326987267,True
601,vit_base,Random,0.40464765727519997,0.4187461212277413,0.014098463952541329,False
602,mobilevit_s,GradCAM,0.0022154752912683768,0.032093392591923474,0.0298779173006551,False
602,mobilevit_s,IntegratedGradients,0.011460415013425517,0.013514306326396766,0.0020538913129712483,False
602,mobilevit_s,Random,0.0022216448064227737,0.001706283675684972,-0.0005153611307378016,True
602,resnet50,GradCAM,0.0005275598217849618,0.03454520520754158,0.03401764538575661,False
602,resnet50,IntegratedGradients,0.00111051035055425,0.002056528013781645,0.0009460176632273948,False
602,resnet50,LRP,0.00943111542146653,0.00449077678786125,-0.00494033863360528,True
602,resnet50,Random,0.0018678211607038974,0.005256905212263518,0.00338908405155962,False
602,vit_base,Chefer-LRP,0.0014274239045334982,0.005790752673055977,0.004363328768522479,False
602,vit_base,GradCAM,0.0014061677327845247,0.006355092988815158,0.004948925256030633,False
602,vit_base,IntegratedGradients,0.024148769944440575,0.0035113855730742214,-0.020637384371366353,True
602,vit_base,Random,0.006550115626305341,0.010836855659727007,0.004286740033421665,False
603,mobilevit_s,GradCAM,6.39767034954275e-05,0.013393426626862489,0.013329449923367062,False
603,mobilevit_s,IntegratedGradients,0.000332393391727237,0.00021116542266099713,-0.00012122796906623989,True
603,mobilevit_s,Random,0.00024264689636765982,0.0007634779194631847,0.0005208310230955249,False
603,resnet50,GradCAM,0.00011648232393781654,0.00018823207728928541,7.174975335146887e-05,False
603,resnet50,IntegratedGradients,0.00045264032887644136,7.383958704849648e-05,-0.0003788007418279449,True
603,resnet50,LRP,0.00025161649064102675,8.297897884403938e-05,-0.00016863751179698735,True
603,resnet50,Random,0.00030310159963846666,0.0006938521983101964,0.00039075059867172974,False
603,vit_base,Chefer-LRP,0.00021050526156614067,0.001396281010238454,0.0011857757486723134,False
603,vit_base,GradCAM,0.00014860566661809572,0.0020695238548796625,0.0019209181882615667,False
603,vit_base,IntegratedGradients,0.0006650604496826418,0.00198604566976428,0.0013209852200816385,False
603,vit_base,Random,0.0019911917159333823,0.002022636285983026,3.14445700496436e-05,False
604,mobilevit_s,GradCAM,0.06758837159723045,0.13767326883971695,0.0700848972424865,False
604,mobilevit_s,IntegratedGradients,0.039762999722734095,0.21824597343802454,0.17848297371529045,False
604,mobilevit_s,Random,0.08524375250563025,0.07062029662483837,-0.014623455880791877,True
604,resnet50,GradCAM,0.014248555762060277,0.458555243909359,0.4443066881472987,False
604,resnet50,IntegratedGradients,0.01601756801451302,0.10915286601521074,0.09313529800069772,False
604,resnet50,LRP,0.013479136214664324,0.2664192482829094,0.25294011206824507,False
604,resnet50,Random,0.029229567828588186,0.015172280822935136,-0.014057287005653049,True
604,vit_base,Chefer-LRP,0.047004776028916236,0.2373555824160576,0.19035080638714136,False
604,vit_base,GradCAM,0.04559558089822531,0.23555561006069184,0.18996002916246651,False
604,vit_base,IntegratedGradients,0.17491005808115007,0.2677861213684082,0.09287606328725811,False
604,vit_base,Random,0.196164008975029,0.2137329630553722,0.017568954080343202,False
605,mobilevit_s,GradCAM,0.0052930551872123035,0.2563179638236761,0.2510249086364638,False
605,mobilevit_s,IntegratedGradients,0.004203579422755866,0.21866436563432215,0.21446078621156628,False
605,mobilevit_s,Random,0.02331706279801438,0.007118215675291141,-0.016198847122723237,True
605,resnet50,GradCAM,0.0034632788447197527,0.16334957079961895,0.1598862919548992,False
605,resnet50,IntegratedGradients,0.0015253178600687534,0.24305357625707982,0.24152825839701106,False
605,resnet50,LRP,0.0017509976998553614,0.14630736978724598,0.1445563720873906,False
605,resnet50,Random,0.016780160847702067,0.050157990929437804,0.03337783008173574,False
605,vit_base,Chefer-LRP,0.006969133163875086,0.04933754242956639,0.0423684092656913,False
605,vit_base,GradCAM,0.0038429797834396598,0.06548108048737049,0.06163810070393083,False
605,vit_base,IntegratedGradients,0.005434668991802027,0.0991497527807951,0.09371508378899307,False
605,vit_base,Random,0.05272784736007453,0.04147857795469463,-0.011249269405379896,True
606,mobilevit_s,GradCAM,0.0007668410922633484,0.004591349045222161,0.0038245079529588125,False
606,mobilevit_s,IntegratedGradients,0.0008947351787355728,0.0010872128594201058,0.00019247768068453297,False
606,mobilevit_s,Random,0.0021942757361102846,0.003059266100171954,0.0008649903640616692,False
606,resnet50,GradCAM,5.016799705117592e-05,0.0003219303544028662,0.0002717623573516903,False
606,resnet50,IntegratedGradients,0.00044713157549267627,0.0018961890484206375,0.0014490574729279612,False
606,resnet50,LRP,0.018216886746813543,7.893625788710779e-05,-0.018137950488926434,True
606,resnet50,Random,0.0015429526480147614,0.0011458049848442897,-0.0003971476631704717,True
606,vit_base,Chefer-LRP,0.0013451794162392618,0.018951053079217673,0.017605873662978413,False
606,vit_base,GradCAM,0.0012528903171187267,0.020222214981913567,0.01896932466479484,False
606,vit_base,IntegratedGradients,0.0011574769421713428,0.013853264972567557,0.012695788030396213,False
606,vit_base,Random,0.0073631340288557124,0.017612053797347472,0.010248919768491759,False
607,mobilevit_s,GradCAM,0.003910844919300872,0.4730189895257354,0.4691081446064345,False
607,mobilevit_s,IntegratedGradients,0.4204521438106894,0.017941617981705352,-0.40251052582898406,True
607,mobilevit_s,Random,0.1526976474327967,0.009036402372294106,-0.1436612450605026,True
607,resnet50,GradCAM,0.487245200574398,0.4999997168779373,0.012754516303539298,False
607,resnet50,IntegratedGradients,0.49999926090240476,0.4697765216231346,-0.03022273927927016,True
607,resnet50,LRP,0.3529591498197988,0.49994905591011046,0.14698990609031165,False
607,resnet50,Random,0.34702123517636213,0.42471327148377896,0.07769203630741683,False
607,vit_base,Chefer-LRP,0.28207786232233045,0.3297161772847176,0.04763831496238713,False
607,vit_base,GradCAM,0.2489479008538183,0.3039717122912407,0.05502381143742241,False
607,vit_base,IntegratedGradients,0.3208145901560783,0.29288105890154836,-0.027933531254529964,True
607,vit_base,Random,0.3124897837638855,0.3256299063563347,0.013140122592449233,False
608,mobilevit_s,GradCAM,0.1829858801327646,0.3577181577682495,0.1747322776354849,False
608,mobilevit_s,IntegratedGradients,0.27769234518054875,0.2275784487370402,-0.050113896443508554,True
608,mobilevit_s,Random,0.16855099216845704,0.20767737425630914,0.0391263820878521,False
608,resnet50,GradCAM,0.3302148081362247,0.49692769348621374,0.16671288534998902,False
608,resnet50,IntegratedGradients,0.42906758859753613,0.48116524815559386,0.05209765955805773,False
608,resnet50,LRP,0.34558707848191267,0.4916187405586243,0.14603166207671164,False
608,resnet50,Random,0.3568023558706045,0.32214686628431083,-0.034655489586293664,True
608,vit_base,Chefer-LRP,0.3031085358932614,0.4100076124072075,0.10689907651394609,False
608,vit_base,GradCAM,0.2241515999659896,0.42671131193637846,0.20255971197038886,False
608,vit_base,IntegratedGradients,0.36970725506544116,0.41284890025854115,0.04314164519309999,False
608,vit_base,Random,0.342180884256959,0.34126415476202965,-0.0009167294949293248,True
609,mobilevit_s,GradCAM,0.22687064595520495,0.33736650496721265,0.1104958590120077,False
609,mobilevit_s,IntegratedGradients,0.29277604073286057,0.4276576161384582,0.13488157540559764,False
609,mobilevit_s,Random,0.40403270721435547,0.3750788979232312,-0.02895380929112429,True
609,resnet50,GradCAM,0.4765715762972832,0.49999127686023714,0.02341970056295395,False
609,resnet50,IntegratedGradients,0.494188617169857,0.4943431496620178,0.00015453249216079712,False
609,resnet50,LRP,0.34071139013394713,0.49999265372753143,0.1592812635935843,False
609,resnet50,Random,0.23601307114586234,0.3310626353137195,0.09504956416785715,False
609,vit_base,Chefer-LRP,0.3983206555247307,0.38663012981414796,-0.011690525710582766,True
609,vit_base,GradCAM,0.3446919210255146,0.4013642340898514,0.05667231306433679,False
609,vit_base,IntegratedGradients,0.4262471318244934,0.3929228156805039,-0.03332431614398951,True
609,vit_base,Random,0.4256042554974556,0.42459249347448347,-0.0010117620229721513,True
610,mobilevit_s,GradCAM,0.005258520846837201,0.06900885151699185,0.06375033067015465,False
610,mobilevit_s,IntegratedGradients,0.005695416568778455,0.027754813525825733,0.022059396957047277,False
610,mobilevit_s,Random,0.007888326259126187,0.0069535539401840655,-0.0009347723189421214,True
610,resnet50,GradCAM,0.025037983365473335,0.42352755516767504,0.3984895718022017,False
610,resnet50,IntegratedGradients,0.13410065134521576,0.13703066050074997,0.002930009155534208,False
610,resnet50,LRP,0.019754875576472847,0.446228963136673,0.4264740875602001,False
610,resnet50,Random,0.02265534060269232,0.03378319677462969,0.011127856171937369,False
610,vit_base,Chefer-LRP,0.09590749628841878,0.21270538121461868,0.1167978849261999,False
610,vit_base,GradCAM,0.04127651797607542,0.25551106259226797,0.21423454461619254,False
610,vit_base,IntegratedGradients,0.10835208934731781,0.10443326644599439,-0.003918822901323421,True
610,vit_base,Random,0.07685422180220484,0.07894779862836004,0.0020935768261551996,False
611,mobilevit_s,GradCAM,0.24458149597048764,0.3769960992038251,0.13241460323333745,False
611,mobilevit_s,IntegratedGradients,0.3623484976589679,0.42489454448223113,0.0625460468232632,False
611,mobilevit_s,Random,0.2565363603178412,0.17561275529442358,-0.08092360502341764,True
611,resnet50,GradCAM,0.11631584251299501,0.33523818999528887,0.21892234748229386,False
611,resnet50,IntegratedGradients,0.17121247646864504,0.15367096476256845,-0.017541511706076596,True
611,resnet50,LRP,0.08784259790554642,0.254778472520411,0.1669358746148646,False
611,resnet50,Random,0.03410576928290539,0.03663487622397952,0.0025291069410741315,False
611,vit_base,Chefer-LRP,0.3068388193845749,0.27245605885982516,-0.034382760524749756,True
611,vit_base,GradCAM,0.2607784003019333,0.34188223630189896,0.08110383599996568,False
611,vit_base,IntegratedGradients,0.29185328707098956,0.37167475521564486,0.0798214681446553,False
611,vit_base,Random,0.2587332457304001,0.31610163748264314,0.057368391752243064,False
612,mobilevit_s,GradCAM,0.3875034794211388,0.4501654714345932,0.0626619920134544,False
612,mobilevit_s,IntegratedGradients,0.29855079725384714,0.39312760084867476,0.09457680359482762,False
612,mobilevit_s,Random,0.24563556007924492,0.23119494252605366,-0.01444061755319126,True
612,resnet50,GradCAM,0.4848309129476548,0.4998675778508186,0.015036664903163799,False
612,resnet50,IntegratedGradients,0.4855038896203041,0.4986928775906562,0.013188987970352117,False
612,resnet50,LRP,0.4619182094931602,0.4999889880418778,0.0380707785487176,False
612,resnet50,Random,0.31294400300830605,0.3278020149096847,0.014858011901378643,False
612,vit_base,Chefer-LRP,0.44002353250980375,0.43553977906703945,-0.004483753442764304,True
612,vit_base,GradCAM,0.4419051304459572,0.41651020199060435,-0.02539492845535285,True
612,vit_base,IntegratedGradients,0.3940887227654457,0.425415414571762,0.03132669180631631,False
612,vit_base,Random,0.38612839877605437,0.41980820894241333,0.03367981016635896,False
613,mobilevit_s,GradCAM,0.4665665164589881,0.4841765478253365,0.017610031366348367,False
613,mobilevit_s,IntegratedGradients,0.48939113914966587,0.4632671162486076,-0.026124022901058253,True
613,mobilevit_s,Random,0.42041552439332014,0.3946657767519355,-0.025749747641384657,True
613,resnet50,GradCAM,0.49999987781047817,0.49999999403953554,1.162290573786251e-07,False
613,resnet50,IntegratedGradients,0.4999996602535248,0.49999997019767756,3.099441527321112e-07,False
613,resnet50,LRP,0.49999710619449617,0.49999998509883886,2.878904342695776e-06,False
613,resnet50,Random,0.4999922856688499,0.49998835474252706,-3.930926322837092e-06,True
613,vit_base,Chefer-LRP,0.43376425057649615,0.44414853602647786,0.010384285449981712,False
613,vit_base,GradCAM,0.437535049021244,0.44437655806541443,0.006841509044170413,False
613,vit_base,IntegratedGradients,0.43814159631729127,0.43873911052942277,0.0005975142121315002,False
613,vit_base,Random,0.43653765171766284,0.44082177728414534,0.0042841255664824995,False
614,mobilevit_s,GradCAM,0.3488224945467664,0.4629275932908058,0.1141050987440394,False
614,mobilevit_s,IntegratedGradients,0.20277363543111734,0.4492067858576775,0.24643315042656014,False
614,mobilevit_s,Random,0.2817670615273528,0.3378653299856524,0.05609826845829957,False
614,resnet50,GradCAM,0.4779132053256035,0.4999997735023498,0.022086568176746313,False
614,resnet50,IntegratedGradients,0.45743018132634466,0.49999906718730924,0.04256888586096458,False
614,resnet50,LRP,0.3002649031579494,0.49999962151050564,0.19973471835255624,False
614,resnet50,Random,0.3644483200041577,0.3578579389606603,-0.006590381043497406,True
614,vit_base,Chefer-LRP,0.3874572053551674,0.4456738397479057,0.058216634392738276,False
614,vit_base,GradCAM,0.38778608441352846,0.44408457875251767,0.0562984943389892,False
614,vit_base,IntegratedGradients,0.4418450430035591,0.4354052945971489,-0.006439748406410206,True
614,vit_base,Random,0.4480560109019279,0.44136654287576677,-0.0066894680261611605,True
615,mobilevit_s,GradCAM,0.2799445427808678,0.44262453764677046,0.16267999486590268,False
615,mobilevit_s,IntegratedGradients,0.3054157704114914,0.4403797119855881,0.1349639415740967,False
615,mobilevit_s,Random,0.40784805417060854,0.4286182463169098,0.02077019214630127,False
615,resnet50,GradCAM,0.322241148421017,0.5,0.17775885157898302,False
615,resnet50,IntegratedGradients,0.4995730727910996,0.4999274715781212,0.00035439878702159255,False
615,resnet50,LRP,0.17595556572196078,0.5,0.3240444342780392,False
615,resnet50,Random,0.37755143768154087,0.3836857189424336,0.0061342812608927155,False
615,vit_base,Chefer-LRP,0.4259890615940094,0.43582606315612793,0.00983700156211853,False
615,vit_base,GradCAM,0.44004825726151464,0.4330443784594536,-0.007003878802061048,True
615,vit_base,IntegratedGradients,0.4377223417162895,0.4568156391382217,0.01909329742193222,False
615,vit_base,Random,0.450120510160923,0.44873768240213396,-0.0013828277587890625,True
616,mobilevit_s,GradCAM,0.08535925478208811,0.3209716998040676,0.23561244502197948,False
616,mobilevit_s,IntegratedGradients,0.018109889212064446,0.2572138397023082,0.23910395049024377,False
616,mobilevit_s,Random,0.13707730409223587,0.07930041863583029,-0.05777688545640558,True
616,resnet50,GradCAM,0.00031504611065429343,0.28915721877710887,0.28884217266645457,False
616,resnet50,IntegratedGradients,0.00322123194928281,0.0886485714581795,0.0854273395088967,False
616,resnet50,LRP,0.012977710937138908,0.15876394315855577,0.14578623222141687,False
616,resnet50,Random,0.011158595459710341,0.04841695606093027,0.03725836060121993,False
616,vit_base,Chefer-LRP,0.029144116307725204,0.1415624376386404,0.1124183213309152,False
616,vit_base,GradCAM,0.009130296509829352,0.050927177956327785,0.04179688144649843,False
616,vit_base,IntegratedGradients,0.08887414596974849,0.044428919441998005,-0.04444522652775049,True
616,vit_base,Random,0.027956178228487265,0.00988581796118524,-0.018070360267302025,True
617,mobilevit_s,GradCAM,0.38055167272686957,0.4969123125076294,0.11636063978075983,False
617,mobilevit_s,IntegratedGradients,0.2553869304218097,0.4799853101372719,0.2245983797154622,False
617,mobilevit_s,Random,0.34019095224794,0.2961643790942617,-0.044026573153678306,True
617,resnet50,GradCAM,0.4318294048309326,0.49999994635581974,0.06817054152488716,False
617,resnet50,IntegratedGradients,0.4552841193974019,0.49999813437461854,0.044714014977216665,False
617,resnet50,LRP,0.4400588872842491,0.4999786511063576,0.05991976382210851,False
617,resnet50,Random,0.3144056282239035,0.2383434444840532,-0.0760621837398503,True
617,vit_base,Chefer-LRP,0.31967555955052385,0.43997445553541187,0.12029889598488802,False
617,vit_base,GradCAM,0.3713401332497598,0.43388374894857407,0.06254361569881428,False
617,vit_base,IntegratedGradients,0.4156179904937744,0.4422910943627357,0.026673103868961323,False
617,vit_base,Random,0.3988187789916992,0.3990839790552854,0.00026520006358621284,False
618,mobilevit_s,GradCAM,0.04200943855103105,0.17423144839704038,0.13222200984600935,False
618,mobilevit_s,IntegratedGradients,0.06784824590431526,0.2230863720178604,0.15523812611354515,False
618,mobilevit_s,Random,0.19245916865766052,0.21999897155910728,0.027539802901446753,False
618,resnet50,GradCAM,0.007687488391820809,0.06643640622496605,0.05874891783314524,False
618,resnet50,IntegratedGradients,0.011559652944561094,0.13777641262859106,0.12621675968402996,False
618,resnet50,LRP,0.005246173136401922,0.11335179153829812,0.1081056184018962,False
618,resnet50,Random,0.05911906866240315,0.05478259469382465,-0.0043364739685785025,True
618,vit_base,Chefer-LRP,0.08183675529435276,0.29633617848157884,0.2144994231872261,False
618,vit_base,GradCAM,0.10744461957365276,0.31340342462062837,0.2059588050469756,False
618,vit_base,IntegratedGradients,0.12636971236206593,0.24231287352740769,0.11594316116534176,False
618,vit_base,Random,0.12917918488383293,0.13883158005774018,0.009652395173907258,False
619,mobilevit_s,GradCAM,0.12646967994514854,0.4549258902668952,0.32845621032174666,False
619,mobilevit_s,IntegratedGradients,0.442550715431571,0.28706000363454226,-0.15549071179702872,True
619,mobilevit_s,Random,0.16619161284179426,0.22603689788484188,0.05984528504304762,False
619,resnet50,GradCAM,0.16317372817429715,0.4999076083302498,0.3367338801559526,False
619,resnet50,IntegratedGradients,0.17957233741544773,0.4961653411388397,0.31659300372339194,False
619,resnet50,LRP,0.09868040445435328,0.499899984896183,0.4012195804418297,False
619,resnet50,Random,0.22915335507132115,0.238826016074745,0.009672661003423844,False
619,vit_base,Chefer-LRP,0.24580590573605152,0.34742540717124937,0.10161950143519785,False
619,vit_base,GradCAM,0.23265606577042489,0.37932356297969827,0.14666749720927338,False
619,vit_base,IntegratedGradients,0.29047614317387344,0.37330558151006704,0.0828294383361936,False
619,vit_base,Random,0.3111556753516197,0.3462081104516983,0.035052435100078605,False
620,mobilevit_s,GradCAM,0.11287461370229722,0.45944375544786453,0.3465691417455673,False
620,mobilevit_s,IntegratedGradients,0.0748530214652419,0.4404072538018227,0.3655542323365808,False
620,mobilevit_s,Random,0.1559203213779256,0.09916865087579937,-0.056751670502126234,True
620,resnet50,GradCAM,0.4937108710408211,0.4999986678361893,0.006287796795368172,False
620,resnet50,IntegratedGradients,0.4614721911028028,0.4999751180410385,0.038502926938235704,False
620,resnet50,LRP,0.41877172850072386,0.4999970644712448,0.08122533597052095,False
620,resnet50,Random,0.3599632968136576,0.33819635987019864,-0.021766936943458937,True
620,vit_base,Chefer-LRP,0.352490651793778,0.44097398072481153,0.08848332893103356,False
620,vit_base,GradCAM,0.3508775547146798,0.4423284858465195,0.09145093113183972,False
620,vit_base,IntegratedGradients,0.3951220266520977,0.4425239086151123,0.04740188196301459,False
620,vit_base,Random,0.43324777185916896,0.4373225897550583,0.0040748178958893155,False
621,mobilevit_s,GradCAM,0.4625700354576111,0.4912606209516525,0.02869058549404141,False
621,mobilevit_s,IntegratedGradients,0.4837791666388512,0.4957813933491707,0.01200222671031953,False
621,mobilevit_s,Random,0.43467679098248485,0.2527035701437853,-0.18197322083869955,True
621,resnet50,GradCAM,0.48961727917194364,0.49999997913837435,0.010382699966430708,False
621,resnet50,IntegratedGradients,0.47759294509887695,0.4996119692921639,0.02201902419328694,False
621,resnet50,LRP,0.41808572225272655,0.49997008144855504,0.08188435919582848,False
621,resnet50,Random,0.3180506189004519,0.2815067878342234,-0.036543831066228494,True
621,vit_base,Chefer-LRP,0.42240401059389115,0.44488031715154647,0.022476306557655312,False
621,vit_base,GradCAM,0.4239227652549743,0.43582654595375064,0.011903780698776345,False
621,vit_base,IntegratedGradients,0.4401805728673935,0.44854441732168193,0.00836384445428845,False
621,vit_base,Random,0.44920473694801333,0.436473673582077,-0.012731063365936324,True
622,mobilevit_s,GradCAM,0.022347919648746026,0.14961471371352675,0.12726679406478072,False
622,mobilevit_s,IntegratedGradients,0.09359900667768671,0.060936043356196026,-0.032662963321490684,True
622,mobilevit_s,Random,0.02327704505732982,0.02514369654745678,0.0018666514901269603,False
622,resnet50,GradCAM,0.39704306144267326,0.4999891400337219,0.10294607859104865,False
622,resnet50,IntegratedGradients,0.17345017185434702,0.49993886053562164,0.3264886886812746,False
622,resnet50,LRP,0.2036283994093538,0.49998223483562465,0.29635383542627086,False
622,resnet50,Random,0.21434565901436145,0.18904736535332634,-0.025298293661035115,True
622,vit_base,Chefer-LRP,0.2570580292493105,0.42323250472545626,0.16617447547614578,False
622,vit_base,GradCAM,0.23664832459762694,0.4227023616433144,0.18605403704568743,False
622,vit_base,IntegratedGradients,0.40276724696159366,0.4299775138497352,0.027210266888141543,False
622,vit_base,Random,0.3779157139360905,0.3969136103987694,0.018997896462678854,False
623,mobilevit_s,GradCAM,0.011506799986818805,0.205897806212306,0.1943910062254872,False
623,mobilevit_s,IntegratedGradients,0.007718812691746279,0.024784860969521108,0.017066048277774828,False
623,mobilevit_s,Random,0.008423255624802551,0.0058961448696209125,-0.0025271107551816385,True
623,resnet50,GradCAM,0.023220066630528887,0.12939121704548598,0.10617115041495709,False
623,resnet50,IntegratedGradients,0.018157182954018934,0.0717153413439519,0.05355815838993296,False
623,resnet50,LRP,0.01709318565872309,0.16025382170919328,0.1431606360504702,False
623,resnet50,Random,0.018188555288361385,0.02067968866904266,0.0024911333806812742,False
623,vit_base,Chefer-LRP,0.04767875889083371,0.04385722274892033,-0.0038215361419133773,True
623,vit_base,GradCAM,0.03616951743606478,0.08818759704008698,0.0520180796040222,False
623,vit_base,IntegratedGradients,0.048851772770285615,0.04152954360470176,-0.007322229165583852,True
623,vit_base,Random,0.056644757743924856,0.035088101890869444,-0.021556655853055412,True
624,mobilevit_s,GradCAM,0.033608112414367494,0.26668087467551227,0.23307276226114476,False
624,mobilevit_s,IntegratedGradients,0.065254270931473,0.25179974660277366,0.18654547567130064,False
624,mobilevit_s,Random,0.1492190823069905,0.1285664867020387,-0.02065259560495178,True
624,resnet50,GradCAM,0.05648317597806454,0.3674567356705665,0.31097355969250196,False
624,resnet50,IntegratedGradients,0.21158057367429142,0.2261964462697506,0.014615872595459184,False
624,resnet50,LRP,0.04575409423559904,0.2727862030267716,0.22703210879117255,False
624,resnet50,Random,0.10742641112301499,0.0889252666034736,-0.018501144519541393,True
624,vit_base,Chefer-LRP,0.0820156890898943,0.3380438625812531,0.25602817349135876,False
624,vit_base,GradCAM,0.07859685532748699,0.3022957891225815,0.22369893379509448,False
624,vit_base,IntegratedGradients,0.293360210955143,0.28949740827083587,-0.0038628026843071095,True
624,vit_base,Random,0.3023691929876805,0.2689421970397234,-0.03342699594795712,True
625,mobilevit_s,GradCAM,0.12819036282598975,0.4579483777284622,0.3297580149024725,False
625,mobilevit_s,IntegratedGradients,0.14763904688152252,0.43966201841831215,0.29202297153678963,False
625,mobilevit_s,Random,0.20856404984951948,0.13554007829516196,-0.07302397155435753,True
625,resnet50,GradCAM,0.18749126312322914,0.4975790709257126,0.31008780780248346,False
625,resnet50,IntegratedGradients,0.14156322861090304,0.4977808177471161,0.35621758913621304,False
625,resnet50,LRP,0.07369660779368133,0.49786899983882904,0.42417239204514773,False
625,resnet50,Random,0.2799160862050485,0.35842641147319226,0.07851032526814378,False
625,vit_base,Chefer-LRP,0.07008682468440383,0.34103906601667405,0.27095224133227025,False
625,vit_base,GradCAM,0.07232269360683859,0.3598063334822655,0.2874836398754269,False
625,vit_base,IntegratedGradients,0.15711669670417905,0.31860021650791165,0.1614835198037326,False
625,vit_base,Random,0.3308621250092983,0.276424299296923,-0.054437825712375265,True
626,mobilevit_s,GradCAM,0.027183844138744463,0.28916267976164817,0.2619788356229037,False
626,mobilevit_s,IntegratedGradients,0.17096076498273763,0.01959429579837888,-0.15136646918435875,True
626,mobilevit_s,Random,0.011865590263550985,0.011531667453891715,-0.00033392280965927057,True
626,resnet50,GradCAM,0.0851497039329843,0.4578668713569641,0.37271716742397976,False
626,resnet50,IntegratedGradients,0.04218778753711376,0.3697206035256385,0.32753281598852474,False
626,resnet50,LRP,0.02841759313478178,0.4572613760828972,0.4288437829481154,False
626,resnet50,Random,0.028686765249585737,0.028952167037641634,0.00026540178805589676,False
626,vit_base,Chefer-LRP,0.09799679893476423,0.34351198673248295,0.24551518779771872,False
626,vit_base,GradCAM,0.06125078613404185,0.3451551914215088,0.28390440528746697,False
626,vit_base,IntegratedGradients,0.1839066022075713,0.3786863908171654,0.19477978860959408,False
626,vit_base,Random,0.3387258700560779,0.280168553441763,-0.0585573166143149,True
627,mobilevit_s,GradCAM,0.02156851110630669,0.06942386117589194,0.04785535006958525,False
627,mobilevit_s,IntegratedGradients,0.010898711549816656,0.055814211978577076,0.04491550042876042,False
627,mobilevit_s,Random,0.008162130022537894,0.011959941177337896,0.0037978111548000026,False
627,resnet50,GradCAM,0.002592570759588852,0.011766547989100217,0.009173977229511365,False
627,resnet50,IntegratedGradients,0.0010178451222600414,0.009165419638156891,0.00814757451589685,False
627,resnet50,LRP,0.002784188516670838,0.009464621287770569,0.006680432771099731,False
627,resnet50,Random,0.0014380659165908584,0.0007801364299666603,-0.0006579294866241981,True
627,vit_base,Chefer-LRP,0.04117523645982146,0.12305268086493015,0.08187744440510869,False
627,vit_base,GradCAM,0.03976720593636856,0.23396393880248068,0.1941967328661121,False
627,vit_base,IntegratedGradients,0.037801872799173,0.15045804381370545,0.11265617101453246,False
627,vit_base,Random,0.045056796679273245,0.04917561463080347,0.0041188179515302265,False
628,mobilevit_s,GradCAM,0.07486759490566328,0.44152899384498595,0.3666613989393227,False
628,mobilevit_s,IntegratedGradients,0.14027630357304588,0.36014331430196767,0.21986701072892179,False
628,mobilevit_s,Random,0.14058765008303456,0.22125388906279114,0.08066623897975658,False
628,resnet50,GradCAM,0.2064964294448146,0.4999616250395775,0.29346519559476286,False
628,resnet50,IntegratedGradients,0.4960024148225784,0.49971585571765903,0.003713440895080633,False
628,resnet50,LRP,0.08007261996681335,0.4996296539902687,0.41955703402345534,False
628,resnet50,Random,0.3032496257335879,0.3858072661154438,0.08255764038185592,False
628,vit_base,Chefer-LRP,0.2869561143219471,0.36695286184549336,0.07999674752354624,False
628,vit_base,GradCAM,0.31619680151343343,0.3741781741380691,0.05798137262463565,False
628,vit_base,IntegratedGradients,0.3834194988012314,0.38116138130426414,-0.002258117496967249,True
628,vit_base,Random,0.35598258674144745,0.3474411070346832,-0.008541479706764221,True
629,mobilevit_s,GradCAM,0.0008138738601701334,0.0036723919271025806,0.0028585180669324474,False
629,mobilevit_s,IntegratedGradients,0.0008600851739174686,0.02541449068812653,0.024554405514209062,False
629,mobilevit_s,Random,0.020696573238819835,0.01145019852556288,-0.009246374713256955,True
629,resnet50,GradCAM,0.0008250953862443566,0.0090894785389537,0.008264383152709342,False
629,resnet50,IntegratedGradients,0.038226740334357606,0.01675467787426896,-0.021472062460088648,True
629,resnet50,LRP,0.0344703448121436,0.0005514793723705224,-0.03391886543977308,True
629,resnet50,Random,0.15650215685309377,0.0253186488407664,-0.13118350801232737,True
629,vit_base,Chefer-LRP,0.015402602212270723,0.22631633430719378,0.21091373209492306,False
629,vit_base,GradCAM,0.01407597347861156,0.200357261300087,0.18628128782147543,False
629,vit_base,IntegratedGradients,0.019295243959641082,0.16801095306873323,0.14871570910909215,False
629,vit_base,Random,0.1913291856646538,0.15287913531064984,-0.03845005035400395,True
630,mobilevit_s,GradCAM,0.096026506205817,0.4377902314066887,0.3417637252008717,False
630,mobilevit_s,IntegratedGradients,0.13164461655542256,0.4537365332245827,0.32209191666916015,False
630,mobilevit_s,Random,0.23526560166210406,0.20083603756720553,-0.03442956409489853,True
630,resnet50,GradCAM,0.21935523394495252,0.449348546564579,0.2299933126196265,False
630,resnet50,IntegratedGradients,0.20765415712376126,0.3824660498648882,0.17481189274112693,False
630,resnet50,LRP,0.11954004183189683,0.44441205412149426,0.32487201228959744,False
630,resnet50,Random,0.19404811765998606,0.2903570510447026,0.09630893338471655,False
630,vit_base,Chefer-LRP,0.16180005046189763,0.36865294426679607,0.20685289380489844,False
630,vit_base,GradCAM,0.17062352895736696,0.40558348000049593,0.23495995104312897,False
630,vit_base,IntegratedGradients,0.3100168228149414,0.3514153406023979,0.04139851778745646,False
630,vit_base,Random,0.13431787148583685,0.16661385297775266,0.032295981491915815,False
631,mobilevit_s,GradCAM,0.02387796099064872,0.3634622514247894,0.3395842904341407,False
631,mobilevit_s,IntegratedGradients,0.1295136284083128,0.29028639565221964,0.16077276724390685,False
631,mobilevit_s,Random,0.03794340745298542,0.12799420268274841,0.090050795229763,False
631,resnet50,GradCAM,0.3528368713683449,0.4997100129723549,0.14687314160401,False
631,resnet50,IntegratedGradients,0.2740014481241815,0.4740965366363525,0.200095088512171,False
631,resnet50,LRP,0.1350325179169886,0.49938377588987354,0.3643512579728849,False
631,resnet50,Random,0.29797254962613806,0.2097179373027757,-0.08825461232336237,True
631,vit_base,Chefer-LRP,0.14119447795674206,0.302534231543541,0.16133975358679892,False
631,vit_base,GradCAM,0.12743201535195112,0.3320901468396187,0.20465813148766757,False
631,vit_base,IntegratedGradients,0.3531827226281166,0.24460838437080384,-0.10857433825731277,True
631,vit_base,Random,0.255752432346344,0.2761056266725063,0.020353194326162338,False
632,mobilevit_s,GradCAM,0.047867527231574065,0.3508262872695923,0.30295876003801825,False
632,mobilevit_s,IntegratedGradients,0.049392159286435346,0.38422399312257766,0.3348318338361423,False
632,mobilevit_s,Random,0.054649699966830674,0.09691458424458689,0.042264884277756216,False
632,resnet50,GradCAM,0.11786543148336934,0.3929567247629166,0.2750912932795473,False
632,resnet50,IntegratedGradients,0.0928864396759309,0.49130993634462355,0.39842349666869264,False
632,resnet50,LRP,0.030968289168004055,0.47765973657369615,0.4466914474056921,False
632,resnet50,Random,0.21875672008609398,0.23124552178196614,0.01248880169587216,False
632,vit_base,Chefer-LRP,0.19762641554698349,0.40033863633871075,0.20271222079172727,False
632,vit_base,GradCAM,0.22482041344046594,0.4085288688540459,0.18370845541357994,False
632,vit_base,IntegratedGradients,0.3960940659046173,0.36357503682374953,-0.03251902908086779,True
632,vit_base,Random,0.38116858750581745,0.40903908014297485,0.027870492637157407,False
633,mobilevit_s,GradCAM,0.031107323375181302,0.11200645957142114,0.08089913619623984,False
633,mobilevit_s,IntegratedGradients,0.06754430404707819,0.23062762506306173,0.16308332101598355,False
633,mobilevit_s,Random,0.0477255147008691,0.052472312375903135,0.004746797675034033,False
633,resnet50,GradCAM,0.04465032403822989,0.32255289033055307,0.2779025662923232,False
633,resnet50,IntegratedGradients,0.19904848908190617,0.07062435559928418,-0.128424133482622,True
633,resnet50,LRP,0.01750676205410855,0.3012627176940441,0.28375595563993555,False
633,resnet50,Random,0.12078359680599533,0.04954583629732952,-0.07123776050866581,True
633,vit_base,Chefer-LRP,0.14064215153921394,0.31649415940046305,0.1758520078612491,False
633,vit_base,GradCAM,0.0633221099153161,0.35191650688648224,0.2885943969711661,False
633,vit_base,IntegratedGradients,0.20986301414668562,0.33234270662069326,0.12247969247400764,False
633,vit_base,Random,0.26621506065130235,0.2930802887305618,0.02686522807925945,False
634,mobilevit_s,GradCAM,0.33643321394920356,0.4362961404025555,0.09986292645335193,False
634,mobilevit_s,IntegratedGradients,0.17729791309684512,0.44928674548864367,0.27198883239179855,False
634,mobilevit_s,Random,0.18880404417632238,0.2655905320141756,0.07678648783785322,False
634,resnet50,GradCAM,0.4755739405751228,0.4938778162002564,0.01830387562513358,False
634,resnet50,IntegratedGradients,0.4855991467833519,0.4565957099199295,-0.029003436863422438,True
634,resnet50,LRP,0.4767075687646866,0.4742608100175858,-0.002446758747100819,True
634,resnet50,Random,0.34464977839961647,0.3248740528710187,-0.019775725528597743,True
634,vit_base,Chefer-LRP,0.32674991190433506,0.4284359484910965,0.10168603658676145,False
634,vit_base,GradCAM,0.3605427503585815,0.3966352820396424,0.03609253168106086,False
634,vit_base,IntegratedGradients,0.38348778933286665,0.38064159601926806,-0.0028461933135985884,True
634,vit_base,Random,0.3517778858542443,0.3776155985891819,0.025837712734937623,False
635,mobilevit_s,GradCAM,0.19394185114651918,0.1813914742320776,-0.01255037691444158,True
635,mobilevit_s,IntegratedGradients,0.14981008283793928,0.10941964313387872,-0.04039043970406056,True
635,mobilevit_s,Random,0.13665797375142574,0.09281495846807956,-0.04384301528334618,True
635,resnet50,GradCAM,0.00297858479690376,0.0018222507874497747,-0.001156334009453985,True
635,resnet50,IntegratedGradients,0.04703313489676476,2.3305437821363738e-06,-0.04703080435298262,True
635,resnet50,LRP,0.11864142763311065,3.0823959889403342e-06,-0.11863834523712172,True
635,resnet50,Random,0.11905568188790311,0.053008523574089854,-0.06604715831381325,True
635,vit_base,Chefer-LRP,0.14870595820248125,0.05732072405517101,-0.09138523414731024,True
635,vit_base,GradCAM,0.24577302969992162,0.08122514747083188,-0.16454788222908973,True
635,vit_base,IntegratedGradients,0.15290061458945273,0.02014984916895628,-0.13275076542049644,True
635,vit_base,Random,0.15116881188005207,0.08022784925997259,-0.07094096262007948,True
636,mobilevit_s,GradCAM,0.016905037756077948,0.11551562631502749,0.09861058855894954,False
636,mobilevit_s,IntegratedGradients,0.06263565295739681,0.07092461805150378,0.008288965094106968,False
636,mobilevit_s,Random,0.02168577099728282,0.03553047313953357,0.013844702142250753,False
636,resnet50,GradCAM,0.00305804082818213,0.006504707841668279,0.003446667013486149,False
636,resnet50,IntegratedGradients,0.003137350110409898,0.005588189384434372,0.002450839274024474,False
636,resnet50,LRP,0.0050613956671440976,0.0012882341259683018,-0.0037731615411757957,True
636,resnet50,Random,0.0024179871934393304,0.0035800217519863513,0.0011620345585470209,False
636,vit_base,Chefer-LRP,0.11859068823978307,0.2615183189511299,0.14292763071134684,False
636,vit_base,GradCAM,0.05045303182487261,0.2984424278140068,0.24798939598913422,False
636,vit_base,IntegratedGradients,0.1389545673460816,0.3057216264307499,0.1667670590846683,False
636,vit_base,Random,0.15754623031243684,0.26104054339230065,0.10349431307986381,False
637,mobilevit_s,GradCAM,0.00033790360721468464,0.0001292561487389321,-0.00020864745847575254,True
637,mobilevit_s,IntegratedGradients,8.67607424424932e-05,0.0005573652932071128,0.0004706045507646196,False
637,mobilevit_s,Random,0.00015154327229538467,0.00014879645186738344,-2.7468204280012287e-06,True
637,resnet50,GradCAM,3.1343137891326485e-06,1.703675748103706e-05,1.3902443691904411e-05,False
637,resnet50,IntegratedGradients,5.7160787719112705e-05,2.0636176714106114e-05,-3.652461100500659e-05,True
637,resnet50,LRP,0.00010487802260286116,4.68669404369848e-06,-0.00010019132855916268,True
637,resnet50,Random,0.00020904825450998027,7.424273516676294e-05,-0.00013480551934321732,True
637,vit_base,Chefer-LRP,0.0007225176221254515,0.016308521199971438,0.015586003577845987,False
637,vit_base,GradCAM,0.0005536191787541611,0.016047629481181505,0.015494010302427344,False
637,vit_base,IntegratedGradients,0.0007867985270422651,0.010657007992267608,0.009870209465225342,False
637,vit_base,Random,0.005320292254327797,0.003757419553585351,-0.0015628727007424457,True
638,mobilevit_s,GradCAM,0.005051601099694382,0.03052547613624483,0.02547387503655045,False
638,mobilevit_s,IntegratedGradients,0.050849869661033165,0.010721018968615683,-0.04012885069241748,True
638,mobilevit_s,Random,0.018485706951469182,0.016012513265013694,-0.002473193686455488,True
638,resnet50,GradCAM,0.008036469243234024,0.16196985132992264,0.1539333820866886,False
638,resnet50,IntegratedGradients,0.009650205587968232,0.00546363175380975,-0.004186573834158482,True
638,resnet50,LRP,0.028949027974158523,0.06962473457679152,0.040675706602633005,False
638,resnet50,Random,0.002844753676617984,0.02475888286717236,0.021914129190554375,False
638,vit_base,Chefer-LRP,0.31861309148371225,0.3635123983025551,0.044899306818842855,False
638,vit_base,GradCAM,0.27614611405879264,0.4211426958441734,0.14499658178538077,False
638,vit_base,IntegratedGradients,0.44160847514867785,0.38573009371757516,-0.055878381431102686,True
638,vit_base,Random,0.2714530277997255,0.33523641899228096,0.06378339119255544,False
639,mobilevit_s,GradCAM,0.17649477999657395,0.4216383561491966,0.24514357615262264,False
639,mobilevit_s,IntegratedGradients,0.05533778237295338,0.11118994979187849,0.05585216741892511,False
639,mobilevit_s,Random,0.03856661055178847,0.07429289225692629,0.035726281705137815,False
639,resnet50,GradCAM,0.23419070895761254,0.43346970975399024,0.1992790007963777,False
639,resnet50,IntegratedGradients,0.2528610136592761,0.37930316142737863,0.12644214776810253,False
639,resnet50,LRP,0.1345690281596035,0.4657078325748444,0.3311388044152409,False
639,resnet50,Random,0.12916541965678335,0.09860237543471158,-0.030563044222071775,True
639,vit_base,Chefer-LRP,0.14098588842898607,0.24271513149142265,0.10172924306243658,False
639,vit_base,GradCAM,0.14271554332226513,0.22758239284157755,0.08486684951931242,False
639,vit_base,IntegratedGradients,0.26167332977056507,0.21293778121471407,-0.048735548555850994,True
639,vit_base,Random,0.22686223611235617,0.19021000145003203,-0.036652234662324146,True
640,mobilevit_s,GradCAM,0.08049814711703221,0.4787618860602379,0.39826373894320566,False
640,mobilevit_s,IntegratedGradients,0.20923338758839236,0.4577266663312912,0.24849327874289887,False
640,mobilevit_s,Random,0.1874876118032262,0.16154194576665762,-0.025945666036568588,True
640,resnet50,GradCAM,0.20455832699080928,0.49763412028551096,0.2930757932947017,False
640,resnet50,IntegratedGradients,0.16615578824141725,0.46816313415765765,0.3020073459162404,False
640,resnet50,LRP,0.0540128372496838,0.49962828755378724,0.44561545030410343,False
640,resnet50,Random,0.11182658980451379,0.07724693563353924,-0.034579654170974555,True
640,vit_base,Chefer-LRP,0.36265383530408146,0.38898127526044846,0.026327439956366994,False
640,vit_base,GradCAM,0.3205476169358008,0.41638337522745134,0.09583575829165053,False
640,vit_base,IntegratedGradients,0.4158522665500641,0.33023422735277563,-0.08561803919728844,True
640,vit_base,Random,0.21485977638512851,0.28600434940308334,0.07114457301795482,False
641,mobilevit_s,GradCAM,0.2521014732774347,0.4348694249987603,0.1827679517213256,False
641,mobilevit_s,IntegratedGradients,0.30597432669019325,0.3348419472575188,0.028867620567325558,False
641,mobilevit_s,Random,0.1699843741560471,0.19274450599655213,0.022760131840505016,False
641,resnet50,GradCAM,0.4787102282047272,0.49999426305294037,0.021284034848213174,False
641,resnet50,IntegratedGradients,0.4800541095435619,0.45642668753862387,-0.02362742200493806,True
641,resnet50,LRP,0.29430105377105065,0.4999912679195404,0.20569021414848976,False
641,resnet50,Random,0.32964964888560644,0.2983719143696362,-0.03127773451597021,True
641,vit_base,Chefer-LRP,0.27822468634694814,0.3523855015635491,0.07416081521660095,False
641,vit_base,GradCAM,0.2734798189252615,0.3680083766579628,0.0945285577327013,False
641,vit_base,IntegratedGradients,0.34417579732835296,0.2765938689932227,-0.06758192833513027,True
641,vit_base,Random,0.2051459094436723,0.15078784155193717,-0.05435806789173514,True
642,mobilevit_s,GradCAM,0.09506963190506212,0.4494892492890358,0.35441961738397365,False
642,mobilevit_s,IntegratedGradients,0.1112718474870235,0.3703738942742347,0.2591020467872112,False
642,mobilevit_s,Random,0.11295900231052657,0.09564987282647053,-0.017309129484056038,True
642,resnet50,GradCAM,0.17234138827770953,0.49901549071073537,0.32667410243302586,False
642,resnet50,IntegratedGradients,0.2669550365302712,0.496087247133255,0.22913221060298383,False
642,resnet50,LRP,0.13044316608575174,0.49948282539844513,0.3690396593126934,False
642,resnet50,Random,0.13845069743692875,0.14965470705647022,0.01120400961954146,False
642,vit_base,Chefer-LRP,0.2627604499459267,0.40875526517629623,0.14599481523036956,False
642,vit_base,GradCAM,0.24128993938211354,0.41956734806299206,0.17827740868087852,False
642,vit_base,IntegratedGradients,0.40160586982965474,0.35568041875958445,-0.04592545107007029,True
642,vit_base,Random,0.25237531885504727,0.32618937306106094,0.07381405420601367,False
643,mobilevit_s,GradCAM,0.030968496366403996,0.04762174366042018,0.016653247294016182,False
643,mobilevit_s,IntegratedGradients,0.030496558803133664,0.09178998107090593,0.06129342226777226,False
643,mobilevit_s,Random,0.034811061900109054,0.03422316880896687,-0.0005878930911421831,True
643,resnet50,GradCAM,0.014425231143832205,0.04830011068843305,0.03387487954460084,False
643,resnet50,IntegratedGradients,0.00480643165356014,0.0345033469144255,0.029696915260865358,False
643,resnet50,LRP,0.011177561338990926,0.018804058805108072,0.007626497466117146,False
643,resnet50,Random,0.012077272799797355,0.009013074368704114,-0.0030641984310932416,True
643,vit_base,Chefer-LRP,0.004449009918607771,0.008359836833551525,0.0039108269149437545,False
643,vit_base,GradCAM,0.00781016806140542,0.007001504418440163,-0.0008086636429652568,True
643,vit_base,IntegratedGradients,0.016414872719906264,0.006869721412658691,-0.009545151307247573,True
643,vit_base,Random,0.0017576127254869788,0.0021636084566125646,0.0004059957311255858,False
644,mobilevit_s,GradCAM,0.004447640897706152,0.02745811529457569,0.023010474396869537,False
644,mobilevit_s,IntegratedGradients,0.005110390175832436,0.02109311167150736,0.015982721495674927,False
644,mobilevit_s,Random,0.007240458210799262,0.005558366819605,-0.001682091391194262,True
644,resnet50,GradCAM,0.0003576450108084827,0.010446806550316979,0.010089161539508496,False
644,resnet50,IntegratedGradients,0.0035684591315657604,0.0007256464275997132,-0.002842812703966047,True
644,resnet50,LRP,0.009881755923561287,0.00022294186237559188,-0.009658814061185695,True
644,resnet50,Random,0.004256591422017664,0.010348063131095844,0.006091471709078179,False
644,vit_base,Chefer-LRP,0.0334346566698514,0.0880324363708496,0.05459777970099821,False
644,vit_base,GradCAM,0.03384491810575128,0.061812208592891695,0.027967290487140417,False
644,vit_base,IntegratedGradients,0.10116646364331244,0.0648955556564033,-0.03627090798690914,True
644,vit_base,Random,0.033252611756324775,0.0455901369219646,0.012337525165639823,False
645,mobilevit_s,GradCAM,0.13095497176982465,0.43535001426935194,0.3043950424995273,False
645,mobilevit_s,IntegratedGradients,0.09630834890995174,0.3063389716669918,0.21003062275704007,False
645,mobilevit_s,Random,0.13908252249821093,0.15826662589679472,0.019184103398583785,False
645,resnet50,GradCAM,0.1594993543403689,0.4980964690446854,0.3385971147043165,False
645,resnet50,IntegratedGradients,0.12494192511658184,0.494818751513958,0.3698768263973762,False
645,resnet50,LRP,0.042968639323953534,0.494293475151062,0.4513248358271085,False
645,resnet50,Random,0.1600845140987076,0.14678918827557938,-0.013295325823128229,True
645,vit_base,Chefer-LRP,0.20035599432885648,0.36595094203948975,0.16559494771063327,False
645,vit_base,GradCAM,0.13095718929544092,0.390985655784607,0.26002846648916605,False
645,vit_base,IntegratedGradients,0.16545492336153986,0.2897784821689129,0.12432355880737303,False
645,vit_base,Random,0.18996042739599947,0.1357520140707493,-0.05420841332525017,True
646,mobilevit_s,GradCAM,0.23945212736725807,0.4087527751922608,0.1693006478250027,False
646,mobilevit_s,IntegratedGradients,0.3460173955187202,0.3121460154652596,-0.033871380053460576,True
646,mobilevit_s,Random,0.22966803752933626,0.1978496633350005,-0.03181837419433575,True
646,resnet50,GradCAM,0.49728090912103645,0.49991201460361473,0.0026311054825782776,False
646,resnet50,IntegratedGradients,0.36647528382018213,0.4999230086803436,0.1334477248601615,False
646,resnet50,LRP,0.2708767987671309,0.4998911306262016,0.22901433185907072,False
646,resnet50,Random,0.2116554344607721,0.2462445240118541,0.034589089551082,False
646,vit_base,Chefer-LRP,0.3936904042959214,0.43276593685150144,0.03907553255558005,False
646,vit_base,GradCAM,0.403463713824749,0.43742311298847203,0.033959399163723036,False
646,vit_base,IntegratedGradients,0.4345496132969856,0.4269764646887779,-0.00757314860820768,True
646,vit_base,Random,0.36419923007488253,0.3976910457015037,0.03349181562662118,False
647,mobilevit_s,GradCAM,0.0030327440813834984,0.030633794888854027,0.02760105080747053,False
647,mobilevit_s,IntegratedGradients,0.006648765657473633,0.01651291474699974,0.009864149089526108,False
647,mobilevit_s,Random,0.01696718364564731,0.020460265665315093,0.003493082019667783,False
647,resnet50,GradCAM,0.009321840068150776,0.057915058638900514,0.04859321857074974,False
647,resnet50,IntegratedGradients,0.010407982011383864,0.022070075804367664,0.0116620937929838,False
647,resnet50,LRP,0.004393854703812394,0.03212886238470674,0.027735007680894347,False
647,resnet50,Random,0.0197010149480775,0.013276445970404895,-0.006424568977672606,True
647,vit_base,Chefer-LRP,0.0074783224088605495,0.03777461443096399,0.030296292022103443,False
647,vit_base,GradCAM,0.0066039911311236215,0.043074045516550544,0.03647005438542692,False
647,vit_base,IntegratedGradients,0.006274934235989349,0.03566585145890713,0.029390917222917784,False
647,vit_base,Random,0.04825438596308231,0.01917056295787916,-0.029083823005203152,True
648,mobilevit_s,GradCAM,0.05939768990501762,0.20238490924239158,0.14298721933737396,False
648,mobilevit_s,IntegratedGradients,0.11261248695664108,0.22521032132208352,0.11259783436544243,False
648,mobilevit_s,Random,0.11655566055851524,0.030149830889422448,-0.0864058296690928,True
648,resnet50,GradCAM,0.0012644137626921291,0.05157867530360818,0.05031426154091605,False
648,resnet50,IntegratedGradients,0.0012873400963144379,0.003703945530287456,0.002416605433973018,False
648,resnet50,LRP,0.0011943573961616491,0.007758796750567853,0.006564439354406204,False
648,resnet50,Random,0.007277894500293769,0.007469668824342079,0.00019177432404830948,False
648,vit_base,Chefer-LRP,0.022382876253686845,0.33155739903450016,0.3091745227808133,False
648,vit_base,GradCAM,0.02287521005782765,0.3292727187275886,0.30639750866976095,False
648,vit_base,IntegratedGradients,0.03520033480599523,0.30015953704714776,0.26495920224115255,False
648,vit_base,Random,0.2122643922455609,0.15391096565872434,-0.058353426586836565,True
649,mobilevit_s,GradCAM,0.414714939147234,0.4953769758343696,0.08066203668713562,False
649,mobilevit_s,IntegratedGradients,0.45626940429210666,0.36776734143495565,-0.08850206285715101,True
649,mobilevit_s,Random,0.19432930007023969,0.13780378501687665,-0.056525515053363035,True
649,resnet50,GradCAM,0.3710998676135205,0.49998726099729535,0.12888739338377486,False
649,resnet50,IntegratedGradients,0.26331737769651226,0.49888717085123063,0.23556979315471838,False
649,resnet50,LRP,0.23660464677959683,0.4999892428517342,0.2633845960721374,False
649,resnet50,Random,0.30783234182745217,0.28478213686030357,-0.023050204967148602,True
649,vit_base,Chefer-LRP,0.2818373322952539,0.41032297313213345,0.12848564083687958,False
649,vit_base,GradCAM,0.27861914055829407,0.4101887375116348,0.13156959695334075,False
649,vit_base,IntegratedGradients,0.39190407544374467,0.42160217314958576,0.029698097705841087,False
649,vit_base,Random,0.3115731157362462,0.3801631085574627,0.06858999282121653,False
650,mobilevit_s,GradCAM,0.07983760955103208,0.11134560155915096,0.03150799200811888,False
650,mobilevit_s,IntegratedGradients,0.11269261567504146,0.16480183117091654,0.05210921549587508,False
650,mobilevit_s,Random,0.12670554054675448,0.0657448166730319,-0.060960723873722575,True
650,resnet50,GradCAM,0.342418409883976,0.49925082176923746,0.15683241188526148,False
650,resnet50,IntegratedGradients,0.14904290940612558,0.4968078836798667,0.34776497427374115,False
650,resnet50,LRP,0.24526565931737423,0.4953688785433769,0.25010321922600265,False
650,resnet50,Random,0.13044041028479117,0.22178233089798596,0.0913419206131948,False
650,vit_base,Chefer-LRP,0.3096670746803283,0.3674643486738205,0.057797273993492215,False
650,vit_base,GradCAM,0.3707467153668404,0.3465648382902145,-0.02418187707662589,True
650,vit_base,IntegratedGradients,0.39172447025775914,0.33098861575126654,-0.060735854506492604,True
650,vit_base,Random,0.3270160622894764,0.3720753058791161,0.0450592435896397,False
651,mobilevit_s,GradCAM,0.06291130651707134,0.24515870437026024,0.18224739785318889,False
651,mobilevit_s,IntegratedGradients,0.03625172767619916,0.21452815309166912,0.17827642541546995,False
651,mobilevit_s,Random,0.15046322975540533,0.159054403094342,0.008591173338936664,False
651,resnet50,GradCAM,0.12262037433224579,0.4994627982378006,0.3768424239055548,False
651,resnet50,IntegratedGradients,0.09458249821564096,0.4992007091641426,0.40461821094850164,False
651,resnet50,LRP,0.029112225639346435,0.4992456465959549,0.4701334209566084,False
651,resnet50,Random,0.09579724984505447,0.08211168302787968,-0.013685566817174796,True
651,vit_base,Chefer-LRP,0.2946192468283698,0.41726692765951157,0.12264768083114175,False
651,vit_base,GradCAM,0.20410305516561494,0.42728834897279744,0.2231852938071825,False
651,vit_base,IntegratedGradients,0.4002259328961373,0.4075359746813774,0.00731004178524014,False
651,vit_base,Random,0.3963292613625527,0.3417399795725942,-0.05458928178995848,True
652,mobilevit_s,GradCAM,0.006407780683366583,0.005839138804003597,-0.000568641879362986,True
652,mobilevit_s,IntegratedGradients,0.0023053003478707983,0.005852973589207977,0.0035476732413371784,False
652,mobilevit_s,Random,0.0031850321051024363,0.004858326280736946,0.00167329417563451,False
652,resnet50,GradCAM,0.01564010988931841,0.3288649886846542,0.3132248787953358,False
652,resnet50,IntegratedGradients,0.0707382737473381,0.31526035666465757,0.24452208291731947,False
652,resnet50,LRP,0.0176360642817599,0.2918280839920044,0.2741920197102445,False
652,resnet50,Random,0.12115381609438262,0.017798409198367608,-0.10335540689601502,True
652,vit_base,Chefer-LRP,0.015182638540863993,0.1915797285735607,0.1763970900326967,False
652,vit_base,GradCAM,0.019063323043519632,0.1544095501303673,0.13534622708684768,False
652,vit_base,IntegratedGradients,0.10291651049483334,0.22858588322997092,0.12566937273513756,False
652,vit_base,Random,0.0491398788522929,0.14505367591045798,0.09591379705816508,False
653,mobilevit_s,GradCAM,0.2812898464500904,0.4773607268929482,0.19607088044285775,False
653,mobilevit_s,IntegratedGradients,0.22357209075271386,0.43123570531606675,0.2076636145633529,False
653,mobilevit_s,Random,0.4644802927970886,0.40123711079359053,-0.06324318200349804,True
653,resnet50,GradCAM,0.36663276907056574,0.49899781942367555,0.1323650503531098,False
653,resnet50,IntegratedGradients,0.17395387378055605,0.4984797343611717,0.32452586058061567,False
653,resnet50,LRP,0.20681350985541944,0.49760801047086717,0.29079450061544776,False
653,resnet50,Random,0.4335949912201613,0.2124704398107895,-0.22112455140937182,True
653,vit_base,Chefer-LRP,0.24723066496662796,0.3652845561504365,0.11805389118380852,False
653,vit_base,GradCAM,0.26597094982862474,0.374308030307293,0.10833708047866825,False
653,vit_base,IntegratedGradients,0.27954139020293955,0.38447216898202896,0.1049307787790894,False
653,vit_base,Random,0.351233433932066,0.36302478909492497,0.011791355162858952,False
654,mobilevit_s,GradCAM,0.24454300370416607,0.33960954388603576,0.09506654018186969,False
654,mobilevit_s,IntegratedGradients,0.3664726480841637,0.4148879125714302,0.04841526448726652,False
654,mobilevit_s,Random,0.1257801181942341,0.10451121505011543,-0.021268903144118667,True
654,resnet50,GradCAM,0.4181760217994452,0.49982688277959825,0.08165086098015306,False
654,resnet50,IntegratedGradients,0.4964444369077683,0.43313817102462054,-0.06330626588314775,True
654,resnet50,LRP,0.2533171150833368,0.4996843159198761,0.2463672008365393,False
654,resnet50,Random,0.24383264197967947,0.2711358353291871,0.02730319334950765,False
654,vit_base,Chefer-LRP,0.36861177086830144,0.41552201062440874,0.04691023975610731,False
654,vit_base,GradCAM,0.252333464846015,0.3932156667113304,0.14088220186531542,False
654,vit_base,IntegratedGradients,0.40446666628122335,0.3890571653842926,-0.015409500896930772,True
654,vit_base,Random,0.36164841800928116,0.3872189670801164,0.025570549070835225,False
655,mobilevit_s,GradCAM,0.06780963018245531,0.2859197273850441,0.2181100972025888,False
655,mobilevit_s,IntegratedGradients,0.049813367059687155,0.2633399277925491,0.21352656073286197,False
655,mobilevit_s,Random,0.08246498715029704,0.058594142493529955,-0.023870844656767087,True
655,resnet50,GradCAM,0.22939325049519543,0.4984224036335946,0.26902915313839915,False
655,resnet50,IntegratedGradients,0.32279908214695757,0.4902908235788345,0.16749174143187695,False
655,resnet50,LRP,0.08552253349480453,0.4829346552491188,0.3974121217543143,False
655,resnet50,Random,0.14721392475184986,0.16460545533045662,0.017391530578606762,False
655,vit_base,Chefer-LRP,0.2073983669281006,0.38496069908142094,0.17756233215332035,False
655,vit_base,GradCAM,0.21899837339296938,0.4101712927222252,0.1911729193292558,False
655,vit_base,IntegratedGradients,0.3714206650853157,0.3406939372420311,-0.030726727843284563,True
655,vit_base,Random,0.31738058545161046,0.32073557451367374,0.003354989062063274,False
656,mobilevit_s,GradCAM,0.0009851408278336749,0.0010260633222060277,4.092249437235283e-05,False
656,mobilevit_s,IntegratedGradients,0.0002626836532726884,0.0006523264040879439,0.00038964275081525556,False
656,mobilevit_s,Random,0.0004298787403968163,0.00017687186009425203,-0.0002530068803025643,True
656,resnet50,GradCAM,0.0030262274609413,0.13847582531161606,0.13544959785067476,False
656,resnet50,IntegratedGradients,0.006809138879179955,0.008310638135299087,0.0015014992561191319,False
656,resnet50,LRP,0.003692662180401385,0.015426967688836158,0.011734305508434774,False
656,resnet50,Random,0.002842628007056192,0.002573505204054527,-0.00026912280300166484,True
656,vit_base,Chefer-LRP,0.020437813457101585,0.15812005884945393,0.13768224539235235,False
656,vit_base,GradCAM,0.015158116089878602,0.18933907747268677,0.17418096138280817,False
656,vit_base,IntegratedGradients,0.016240753949387,0.15209895591251554,0.13585820196312853,False
656,vit_base,Random,0.019926054967800158,0.052047305600717665,0.03212125063291751,False
657,mobilevit_s,GradCAM,0.06479629073292018,0.3400467067956925,0.27525041606277234,False
657,mobilevit_s,IntegratedGradients,0.14714904382308305,0.1951880004256964,0.04803895660261334,False
657,mobilevit_s,Random,0.13192898169509137,0.15490790686453693,0.022978925169445552,False
657,resnet50,GradCAM,0.042768665131006856,0.4955041632056236,0.45273549807461677,False
657,resnet50,IntegratedGradients,0.24328060924308373,0.49566268324851986,0.2523820740054361,False
657,resnet50,LRP,0.02766480147256516,0.49715422093868256,0.4694894194661174,False
657,resnet50,Random,0.38867371808737516,0.2568183153634891,-0.13185540272388607,True
657,vit_base,Chefer-LRP,0.07687081728363408,0.45007490366697306,0.37320408638333896,False
657,vit_base,GradCAM,0.08283787653781474,0.40467313975095753,0.3218352632131428,False
657,vit_base,IntegratedGradients,0.20407532388344407,0.43630668967962266,0.2322313657961786,False
657,vit_base,Random,0.2929861271753907,0.31904602199792864,0.026059894822537955,False
658,mobilevit_s,GradCAM,0.08189716842971394,0.3275877803564071,0.24569061192669317,False
658,mobilevit_s,IntegratedGradients,0.052850315626710664,0.09264316430635518,0.03979284867964451,False
658,mobilevit_s,Random,0.041321406885356286,0.07747025234478998,0.03614884545943369,False
658,resnet50,GradCAM,0.031551996944472194,0.19793315306305884,0.16638115611858664,False
658,resnet50,IntegratedGradients,0.1415727283805609,0.06011060573218857,-0.08146212264837233,True
658,resnet50,LRP,0.0729876486584544,0.19169980324804783,0.11871215458959343,False
658,resnet50,Random,0.05976133621297778,0.0665424705366604,0.0067811343236826235,False
658,vit_base,Chefer-LRP,0.15009494870901108,0.30271209999918935,0.15261715129017828,False
658,vit_base,GradCAM,0.13412701440975072,0.3064850404858589,0.17235802607610817,False
658,vit_base,IntegratedGradients,0.292652302980423,0.1594834140967578,-0.1331688888836652,True
658,vit_base,Random,0.06553453909000383,0.16646501598879695,0.10093047689879313,False
659,mobilevit_s,GradCAM,0.07790916978847237,0.355262066423893,0.2773528966354206,False
659,mobilevit_s,IntegratedGradients,0.21979701779782773,0.2234141165361507,0.0036170987383229714,False
659,mobilevit_s,Random,0.13019029438819416,0.16828746532701191,0.03809717093881776,False
659,resnet50,GradCAM,0.042041507386602464,0.1210289254784584,0.07898741809185593,False
659,resnet50,IntegratedGradients,0.04286306975409389,0.05891795409843325,0.01605488434433936,False
659,resnet50,LRP,0.05471441536210477,0.07828089967370032,0.023566484311595547,False
659,resnet50,Random,0.04095171038061381,0.09018052434548736,0.04922881396487355,False
659,vit_base,Chefer-LRP,0.03939396569039672,0.018065105588175357,-0.021328860102221365,True
659,vit_base,GradCAM,0.040233463025651874,0.035963600198738274,-0.004269862826913599,True
659,vit_base,IntegratedGradients,0.06191800094675272,0.010617898986674845,-0.05130010196007787,True
659,vit_base,Random,0.03367101310286671,0.004961583472322673,-0.028709429630544035,True
660,mobilevit_s,GradCAM,0.03086907186661847,0.418182098865509,0.38731302699889053,False
660,mobilevit_s,IntegratedGradients,0.0231391566296594,0.3868050262331963,0.3636658696035369,False
660,mobilevit_s,Random,0.10436183545945141,0.08372175567656086,-0.02064007978289055,True
660,resnet50,GradCAM,0.022296459221070108,0.4526254057884216,0.4303289465673515,False
660,resnet50,IntegratedGradients,0.02284357481657935,0.42260089367628095,0.3997573188597016,False
660,resnet50,LRP,0.021262394018049236,0.4271938264369965,0.40593143241894725,False
660,resnet50,Random,0.06877478749956936,0.04356441064592218,-0.02521037685364718,True
660,vit_base,Chefer-LRP,0.02229958565440029,0.41040526628494267,0.3881056806305424,False
660,vit_base,GradCAM,0.023026353231398386,0.3939910233020783,0.3709646700706799,False
660,vit_base,IntegratedGradients,0.057639342346374176,0.39131149798631665,0.33367215563994246,False
660,vit_base,Random,0.21238607112190952,0.21778053360176275,0.005394462479853229,False
661,mobilevit_s,GradCAM,0.01613955187203828,0.322135777771473,0.3059962258994347,False
661,mobilevit_s,IntegratedGradients,0.03148281778876481,0.3855386465787888,0.35405582879002395,False
661,mobilevit_s,Random,0.04211810288798006,0.05058990277193516,0.008471799883955099,False
661,resnet50,GradCAM,0.06891058864421211,0.4919887229800224,0.42307813433581026,False
661,resnet50,IntegratedGradients,0.1536539759927109,0.4958120867609978,0.3421581107682869,False
661,resnet50,LRP,0.02515185816155281,0.4915104269981384,0.4663585688365856,False
661,resnet50,Random,0.16072188036632726,0.11426597815006972,-0.04645590221625753,True
661,vit_base,Chefer-LRP,0.050533449079375715,0.38204135149717333,0.3315079024177976,False
661,vit_base,GradCAM,0.047390305464796265,0.372488984465599,0.32509867900080275,False
661,vit_base,IntegratedGradients,0.1660416659899056,0.39122648388147363,0.22518481789156802,False
661,vit_base,Random,0.244978193519637,0.24090952118858697,-0.004068672331050044,True
662,mobilevit_s,GradCAM,0.014125556172803044,0.39544210657477386,0.3813165504019708,False
662,mobilevit_s,IntegratedGradients,0.07595005665352801,0.018722326634451746,-0.057227730019076266,True
662,mobilevit_s,Random,0.003163431105440395,0.0030879501106028336,-7.548099483756145e-05,True
662,resnet50,GradCAM,0.001410480754566379,0.010701698274351657,0.009291217519785278,False
662,resnet50,IntegratedGradients,0.0013121753218001688,0.003443933479502448,0.0021317581577022793,False
662,resnet50,LRP,0.007806057122070345,0.0020781215556780813,-0.005727935566392264,True
662,resnet50,Random,0.0028410910548700486,0.005687259710248327,0.0028461686553782786,False
662,vit_base,Chefer-LRP,0.17440663203597073,0.08597302478738131,-0.08843360724858942,True
662,vit_base,GradCAM,0.03022128191078082,0.1695345975458622,0.13931331563508137,False
662,vit_base,IntegratedGradients,0.18759361868724228,0.07175559913739563,-0.11583801954984665,True
662,vit_base,Random,0.023614026352879593,0.03259060896234587,0.008976582609466276,False
663,mobilevit_s,GradCAM,0.3074295360594988,0.19646485745906828,-0.11096467860043052,True
663,mobilevit_s,IntegratedGradients,0.3471164084970951,0.24648259207606316,-0.10063381642103192,True
663,mobilevit_s,Random,0.3257325075566769,0.29743651747703553,-0.028295990079641342,True
663,resnet50,GradCAM,0.0031351748111774205,0.06665147159706065,0.06351629678588323,False
663,resnet50,IntegratedGradients,0.0011863986313983333,0.00037288993989932346,-0.0008135086914990099,True
663,resnet50,LRP,0.0020937033488053203,0.00015259223696375554,-0.0019411111118415648,True
663,resnet50,Random,0.08503113077094893,0.001993169984370979,-0.08303796078657795,True
663,vit_base,Chefer-LRP,0.022749982494860887,0.32142797410488133,0.29867799161002045,False
663,vit_base,GradCAM,0.033780220447806646,0.35586226806044574,0.3220820476126391,False
663,vit_base,IntegratedGradients,0.028723180940141903,0.40200009047985075,0.3732769095397088,False
663,vit_base,Random,0.0546108890324831,0.095422059413977,0.04081117038149389,False
664,mobilevit_s,GradCAM,0.02083172021666542,0.31626603603363035,0.29543431581696494,False
664,mobilevit_s,IntegratedGradients,0.030027597639127636,0.12056568702682853,0.09053808938770089,False
664,mobilevit_s,Random,0.14275090853479927,0.12748800310073422,-0.015262905434065055,True
664,resnet50,GradCAM,0.009634456028288697,0.1094949886202812,0.09986053259199251,False
664,resnet50,IntegratedGradients,0.006501397713145707,0.2137929953634739,0.2072915976503282,False
664,resnet50,LRP,0.004118943745243087,0.2578175496309996,0.25369860588575655,False
664,resnet50,Random,0.02839593395910925,0.04478015534114093,0.01638422138203168,False
664,vit_base,Chefer-LRP,0.08680836968123913,0.21532387137413025,0.1285155016928911,False
664,vit_base,GradCAM,0.16756116535980253,0.27339024618268015,0.10582908082287762,False
664,vit_base,IntegratedGradients,0.14750637784600257,0.26296645477414127,0.1154600769281387,False
664,vit_base,Random,0.16048039570450784,0.11770992050878705,-0.04277047519572079,True
665,mobilevit_s,GradCAM,0.0006849282086477615,0.0008622679882137162,0.00017733977956595464,False
665,mobilevit_s,IntegratedGradients,0.0021272347134072334,0.0006478703289758413,-0.001479364384431392,True
665,mobilevit_s,Random,0.0009239499555405928,0.0014331435340864118,0.000509193578545819,False
665,resnet50,GradCAM,0.0005261730498204997,0.012928947107866406,0.012402774058045907,False
665,resnet50,IntegratedGradients,0.0005966780846293318,0.2707641508895904,0.27016747280496106,False
665,resnet50,LRP,0.000567094880170771,0.16546615823172034,0.16489906335154958,False
665,resnet50,Random,0.0023447635292541233,0.0011657485039904714,-0.001179015025263652,True
665,vit_base,Chefer-LRP,0.02661824961687671,0.37577721923589713,0.34915896961902043,False
665,vit_base,GradCAM,0.025645399978384383,0.3849683448672295,0.3593229448888451,False
665,vit_base,IntegratedGradients,0.12576101720915178,0.29076571464538575,0.16500469743623397,False
665,vit_base,Random,0.14267341902013872,0.17471020505763593,0.03203678603749721,False
666,mobilevit_s,GradCAM,0.45056055933237077,0.28091036938130864,-0.16965018995106212,True
666,mobilevit_s,IntegratedGradients,0.4645637407898903,0.34645540788769724,-0.11810833290219308,True
666,mobilevit_s,Random,0.19447686378262005,0.2662400765431812,0.07176321276056116,False
666,resnet50,GradCAM,0.3776684179902076,0.49975426197052,0.12208584398031236,False
666,resnet50,IntegratedGradients,0.49451282173395156,0.4057707982137799,-0.08874202352017163,True
666,resnet50,LRP,0.24614772164204624,0.4987102821469307,0.25256256050488446,False
666,resnet50,Random,0.21918886415660385,0.384344282746315,0.16515541858971114,False
666,vit_base,Chefer-LRP,0.436172166466713,0.40653582811355593,-0.029636338353157043,True
666,vit_base,GradCAM,0.44046458750963213,0.40689877122640616,-0.03356581628322597,True
666,vit_base,IntegratedGradients,0.423578967154026,0.4309760123491287,0.007397045195102703,False
666,vit_base,Random,0.3949378192424774,0.4082164824008942,0.013278663158416804,False
667,mobilevit_s,GradCAM,0.3414134991820902,0.4611133873462677,0.11969988816417754,False
667,mobilevit_s,IntegratedGradients,0.3782795800128952,0.4573239848017692,0.07904440478887403,False
667,mobilevit_s,Random,0.47300487160682675,0.4727259293198586,-0.0002789422869681757,True
667,resnet50,GradCAM,0.48462884351611135,0.49998904168605807,0.015360198169946715,False
667,resnet50,IntegratedGradients,0.49999409914016724,0.4999933183193207,-7.808208465354127e-07,True
667,resnet50,LRP,0.39483202360570435,0.49998994469642644,0.10515792109072208,False
667,resnet50,Random,0.49986633062362673,0.49996828436851504,0.00010195374488830566,False
667,vit_base,Chefer-LRP,0.4334854766726494,0.42664763480424883,-0.006837841868400585,True
667,vit_base,GradCAM,0.4333969041705132,0.42345819473266605,-0.009938709437847137,True
667,vit_base,IntegratedGradients,0.4193323001265526,0.440947176516056,0.021614876389503435,False
667,vit_base,Random,0.4215651348233223,0.41784203350543975,-0.00372310131788256,True
668,mobilevit_s,GradCAM,0.07787213440969937,0.36464565545320515,0.2867735210435058,False
668,mobilevit_s,IntegratedGradients,0.12356200102803996,0.232264556363225,0.10870255533518502,False
668,mobilevit_s,Random,0.13716279452928576,0.09476449820358541,-0.042398296325700344,True
668,resnet50,GradCAM,0.3176240602741018,0.4999999970197678,0.182375936745666,False
668,resnet50,IntegratedGradients,0.4999998569488526,0.22566324294311926,-0.2743366140057333,True
668,resnet50,LRP,0.1257843696697819,0.5,0.3742156303302181,False
668,resnet50,Random,0.2952772817458026,0.38937567332759493,0.09409839158179234,False
668,vit_base,Chefer-LRP,0.3054210461676121,0.4345667883753776,0.12914574220776548,False
668,vit_base,GradCAM,0.2765616986900568,0.43399524986743926,0.15743355117738245,False
668,vit_base,IntegratedGradients,0.4326857537031174,0.2449713876238093,-0.1877143660793081,True
668,vit_base,Random,0.40630286335945126,0.4237407803535462,0.017437916994094915,False
669,mobilevit_s,GradCAM,0.14623417463153604,0.4391381874680519,0.29290401283651585,False
669,mobilevit_s,IntegratedGradients,0.202319779060781,0.40472458004951467,0.20240480098873367,False
669,mobilevit_s,Random,0.2157491502832272,0.27879894144098216,0.06304979115775497,False
669,resnet50,GradCAM,0.21495501456665805,0.5,0.28504498543334195,False
669,resnet50,IntegratedGradients,0.18733177341055127,0.49999997913837435,0.31266820572782306,False
669,resnet50,LRP,0.09877222059003543,0.49999999105930326,0.40122777046926783,False
669,resnet50,Random,0.23051135756541044,0.23472922895743975,0.00421787139202931,False
669,vit_base,Chefer-LRP,0.29937123776180674,0.42281652688980104,0.1234452891279943,False
669,vit_base,GradCAM,0.20543027973617428,0.41533425152301795,0.20990397178684367,False
669,vit_base,IntegratedGradients,0.3919247046113014,0.43780262768268585,0.04587792307138444,False
669,vit_base,Random,0.3790633328258991,0.42269651144742965,0.043633178621530544,False
670,mobilevit_s,GradCAM,0.32409364897757764,0.4760885760188102,0.15199492704123257,False
670,mobilevit_s,IntegratedGradients,0.4566824376583099,0.47032749652862554,0.01364505887031564,False
670,mobilevit_s,Random,0.4830770194530487,0.48483656793832774,0.0017595484852790388,False
670,resnet50,GradCAM,0.48441076278686523,0.49999960958957673,0.015588846802711498,False
670,resnet50,IntegratedGradients,0.49999637603759767,0.49999801516532894,1.639127731267731e-06,False
670,resnet50,LRP,0.3859438110142946,0.49999954700469973,0.11405573599040514,False
670,resnet50,Random,0.4998160615563393,0.45163287669420243,-0.04818318486213685,True
670,vit_base,Chefer-LRP,0.4468451663851738,0.43197759836912153,-0.014867568016052268,True
670,vit_base,GradCAM,0.4456432595849037,0.43582529425621036,-0.009817965328693334,True
670,vit_base,IntegratedGradients,0.4445514172315598,0.43744365125894547,-0.0071077659726143105,True
670,vit_base,Random,0.4267907842993736,0.4285028383135796,0.0017120540142059881,False
671,mobilevit_s,GradCAM,0.2887287601944991,0.45291749536991116,0.16418873517541205,False
671,mobilevit_s,IntegratedGradients,0.4358603656291962,0.4602068498730659,0.024346484243869704,False
671,mobilevit_s,Random,0.46996223032474516,0.4367787346243859,-0.03318349570035928,True
671,resnet50,GradCAM,0.45453917887061834,0.49999563694000243,0.04545645806938409,False
671,resnet50,IntegratedGradients,0.499984547495842,0.4998845309019089,-0.00010001659393310547,True
671,resnet50,LRP,0.35148731530644006,0.49999464452266695,0.1485073292162269,False
671,resnet50,Random,0.49998628348112106,0.49996210187673573,-2.4181604385331568e-05,True
671,vit_base,Chefer-LRP,0.39740151613950736,0.41450063288211825,0.017099116742610887,False
671,vit_base,GradCAM,0.42026655226945875,0.4160315111279488,-0.004235041141509965,True
671,vit_base,IntegratedGradients,0.4386504769325257,0.4352521106600761,-0.0033983662724496044,True
671,vit_base,Random,0.432501482963562,0.4282581239938736,-0.0042433589696884155,True
672,mobilevit_s,GradCAM,0.0017787419827072885,0.08044391674920917,0.07866517476650188,False
672,mobilevit_s,IntegratedGradients,0.002790928698232165,0.08250114480033517,0.07971021610210301,False
672,mobilevit_s,Random,0.009739385605644203,0.007430773807573133,-0.0023086117980710696,True
672,resnet50,GradCAM,0.0009205992275383324,0.0018216118070995433,0.000901012579561211,False
672,resnet50,IntegratedGradients,0.002235359122278169,0.00290102553262841,0.0006656664103502409,False
672,resnet50,LRP,0.0041407292825169865,0.001830010938283522,-0.0023107183442334644,True
672,resnet50,Random,0.002258354632249393,0.0023138322387239894,5.5477606474596194e-05,False
672,vit_base,Chefer-LRP,0.007597236129731755,0.038151491153985265,0.03055425502425351,False
672,vit_base,GradCAM,0.0047374636371387184,0.03056250670924783,0.025825043072109113,False
672,vit_base,IntegratedGradients,0.013622136955382303,0.021065486199222508,0.007443349243840205,False
672,vit_base,Random,0.013673799971002156,0.023098563600797206,0.00942476362979505,False
673,mobilevit_s,GradCAM,0.0010360462816606743,0.014112117473268881,0.013076071191608207,False
673,mobilevit_s,IntegratedGradients,0.004470600941567681,0.003364844171301229,-0.0011057567702664525,True
673,mobilevit_s,Random,0.0007385206021353953,0.00042348538863734575,-0.0003150352134980495,True
673,resnet50,GradCAM,0.0012177742650237634,0.06835601511411368,0.06713824084908993,False
673,resnet50,IntegratedGradients,0.0017855712423624937,0.008138563025568148,0.0063529917832056545,False
673,resnet50,LRP,0.0008977581226645271,0.02805157888215035,0.027153820759485824,False
673,resnet50,Random,0.006820483885530848,0.004087802851427114,-0.0027326810341037336,True
673,vit_base,Chefer-LRP,0.01566739993286319,0.04309814451262355,0.02743074457976036,False
673,vit_base,GradCAM,0.009512775277835317,0.04296829756349325,0.03345552228565793,False
673,vit_base,IntegratedGradients,0.029054313432425264,0.05080393478274345,0.021749621350318184,False
673,vit_base,Random,0.024986714217811824,0.021865291846916084,-0.00312142237089574,True
674,mobilevit_s,GradCAM,0.022712197878718143,0.3108246996998787,0.28811250182116055,False
674,mobilevit_s,IntegratedGradients,0.09622966547030955,0.26214149221777916,0.16591182674746963,False
674,mobilevit_s,Random,0.16653423644020224,0.3639913860708476,0.19745714963064534,False
674,resnet50,GradCAM,0.03931056173896649,0.3995170339941979,0.3602064722552314,False
674,resnet50,IntegratedGradients,0.05915368256319199,0.3460212960839271,0.28686761352073514,False
674,resnet50,LRP,0.040181820579891794,0.4250673159956932,0.3848854954158014,False
674,resnet50,Random,0.207206083337951,0.1367474878541543,-0.07045859548379671,True
674,vit_base,Chefer-LRP,0.06494963840232232,0.24243948012590408,0.17748984172358176,False
674,vit_base,GradCAM,0.06584322500857526,0.22672586888074875,0.1608826438721735,False
674,vit_base,IntegratedGradients,0.1344521484919824,0.25527631118893623,0.12082416269695384,False
674,vit_base,Random,0.22624375075101855,0.11884479534346612,-0.10739895540755243,True
675,mobilevit_s,GradCAM,0.2497811068518786,0.4756377294659614,0.2258566226140828,False
675,mobilevit_s,IntegratedGradients,0.4110847607254982,0.48303192555904384,0.07194716483354563,False
675,mobilevit_s,Random,0.43525277078151703,0.3358399447984994,-0.09941282598301765,True
675,resnet50,GradCAM,0.3258586211130023,0.5,0.1741413788869977,False
675,resnet50,IntegratedGradients,0.41520157080376524,0.49999998509883886,0.08479841429507362,False
675,resnet50,LRP,0.18402085072593768,0.5,0.31597914927406234,False
675,resnet50,Random,0.48452231511473653,0.4264129500836134,-0.05810936503112313,True
675,vit_base,Chefer-LRP,0.3300465364241973,0.4204233452677727,0.0903768088435754,False
675,vit_base,GradCAM,0.28251774804957686,0.4145502954721451,0.13203254742256826,False
675,vit_base,IntegratedGradients,0.38518777638673785,0.4307928219437599,0.04560504555702205,False
675,vit_base,Random,0.43660821169614794,0.42390025705099105,-0.012707954645156894,True
676,mobilevit_s,GradCAM,0.32403393015265464,0.46716586351394657,0.14313193336129193,False
676,mobilevit_s,IntegratedGradients,0.38901339862495654,0.26664842301979663,-0.12236497560515991,True
676,mobilevit_s,Random,0.18018108650358045,0.17066438702167944,-0.009516699481901009,True
676,resnet50,GradCAM,0.28044490888714796,0.4972814962267876,0.21683658733963962,False
676,resnet50,IntegratedGradients,0.42948971018195153,0.49870857745409014,0.0692188672721386,False
676,resnet50,LRP,0.2721120787318796,0.4910649091005326,0.21895283036865298,False
676,resnet50,Random,0.28565504315192813,0.21720275024417787,-0.06845229290775026,True
676,vit_base,Chefer-LRP,0.3302160330116749,0.44497848153114317,0.11476244851946826,False
676,vit_base,GradCAM,0.31737782880663873,0.4207277312874794,0.1033499024808407,False
676,vit_base,IntegratedGradients,0.3971956580877304,0.35699570290744315,-0.04019995518028724,True
676,vit_base,Random,0.39644998461008074,0.3199167223297991,-0.07653326228028162,True
677,mobilevit_s,GradCAM,0.0688380798790604,0.36332103759050366,0.2944829577114433,False
677,mobilevit_s,IntegratedGradients,0.12130989090073854,0.12493611270911062,0.0036262218083720765,False
677,mobilevit_s,Random,0.07938287473734816,0.05907498906890397,-0.020307885668444194,True
677,resnet50,GradCAM,0.23861942460353025,0.4967810362577438,0.25816161165421353,False
677,resnet50,IntegratedGradients,0.37595848739147186,0.1595592096680775,-0.21639927772339437,True
677,resnet50,LRP,0.0974411792238243,0.48260693699121476,0.3851657577673905,False
677,resnet50,Random,0.08943628686247393,0.18599488018662672,0.09655859332415279,False
677,vit_base,Chefer-LRP,0.3179765991866588,0.31113111916929487,-0.0068454800173639585,True
677,vit_base,GradCAM,0.3418328732252121,0.32835959270596504,-0.013473280519247066,True
677,vit_base,IntegratedGradients,0.25896152108907705,0.382702323794365,0.12374080270528792,False
677,vit_base,Random,0.22703846269287167,0.2081194697180763,-0.01891899297479538,True
678,mobilevit_s,GradCAM,0.025882861260743083,0.17125657983124254,0.14537371857049947,False
678,mobilevit_s,IntegratedGradients,0.045479656150564554,0.23063126094639302,0.18515160479582848,False
678,mobilevit_s,Random,0.011485679388533754,0.009230870103783673,-0.002254809284750081,True
678,resnet50,GradCAM,0.08367587906541303,0.4596593976020813,0.3759835185366683,False
678,resnet50,IntegratedGradients,0.17147995959967377,0.46973738968372347,0.2982574300840497,False
678,resnet50,LRP,0.07385932276374661,0.45705035924911497,0.38319103648536834,False
678,resnet50,Random,0.21487411046400667,0.13439856910263187,-0.0804755413613748,True
678,vit_base,Chefer-LRP,0.11773406274151059,0.3177879102528095,0.2000538475112989,False
678,vit_base,GradCAM,0.16553538708249108,0.28886094018816943,0.12332555310567836,False
678,vit_base,IntegratedGradients,0.2934260852634907,0.2735007083043456,-0.01992537695914509,True
678,vit_base,Random,0.27819911018013954,0.3139991290867329,0.035800018906593345,False
679,mobilevit_s,GradCAM,0.011325824313098564,0.0279351697769016,0.016609345463803035,False
679,mobilevit_s,IntegratedGradients,0.001473904811518878,0.01360504380427301,0.012131138992754132,False
679,mobilevit_s,Random,0.0020950249152519975,0.0049602585422690035,0.002865233627017006,False
679,resnet50,GradCAM,0.012813735158488273,0.28295247852802274,0.2701387433695345,False
679,resnet50,IntegratedGradients,0.030134699057089168,0.1289663068484515,0.09883160779136234,False
679,resnet50,LRP,0.013070678579970263,0.2027735412120819,0.18970286263211164,False
679,resnet50,Random,0.03921907125914004,0.012464757196721622,-0.026754314062418415,True
679,vit_base,Chefer-LRP,0.0012559327937196939,0.011024780757725238,0.009768847964005544,False
679,vit_base,GradCAM,0.004573466157307849,0.006123418523930013,0.0015499523666221643,False
679,vit_base,IntegratedGradients,0.0033880881732329727,0.006564921559765935,0.003176833386532962,False
679,vit_base,Random,0.011131460312753916,0.009569526510313153,-0.0015619338024407629,True
680,mobilevit_s,GradCAM,0.07375619997037576,0.4378401711583137,0.36408397118793795,False
680,mobilevit_s,IntegratedGradients,0.1321749898954295,0.4569469824433326,0.3247719925479031,False
680,mobilevit_s,Random,0.19966683615930378,0.1959427908761427,-0.003724045283161087,True
680,resnet50,GradCAM,0.2198715429753065,0.49932211339473725,0.2794505704194308,False
680,resnet50,IntegratedGradients,0.2551231731660664,0.49899514168500897,0.24387196851894255,False
680,resnet50,LRP,0.10959760611876847,0.4998033076524734,0.39020570153370493,False
680,resnet50,Random,0.16622885189681258,0.2212764388881624,0.05504758699134982,False
680,vit_base,Chefer-LRP,0.29020591825246816,0.4149741187691689,0.12476820051670073,False
680,vit_base,GradCAM,0.2739152483642101,0.423329445719719,0.14941419735550887,False
680,vit_base,IntegratedGradients,0.369224613904953,0.41058506965637204,0.041360455751419056,False
680,vit_base,Random,0.35186798307113354,0.28049853907432404,-0.0713694439968095,True
681,mobilevit_s,GradCAM,0.16165702051948758,0.3928395062685012,0.23118248574901365,False
681,mobilevit_s,IntegratedGradients,0.21137976591126065,0.3906029060482979,0.17922314013703725,False
681,mobilevit_s,Random,0.3726073113270104,0.37760962946340443,0.005002318136394013,False
681,resnet50,GradCAM,0.3084319359637448,0.4996363759040833,0.19120443994033848,False
681,resnet50,IntegratedGradients,0.49945687949657447,0.4535024452954531,-0.045954434201121386,True
681,resnet50,LRP,0.31151268892572265,0.49965606480836866,0.188143375882646,False
681,resnet50,Random,0.3620518948126119,0.3599868863588199,-0.0020650084537919833,True
681,vit_base,Chefer-LRP,0.2655736113098101,0.442245326936245,0.1766717156264349,False
681,vit_base,GradCAM,0.1997101955552353,0.4447569385170937,0.24504674296185838,False
681,vit_base,IntegratedGradients,0.4371151596307754,0.2691618587821722,-0.16795330084860322,True
681,vit_base,Random,0.39088943898677825,0.423152731359005,0.03226329237222675,False
682,mobilevit_s,GradCAM,0.21143023850163445,0.4648688077926636,0.25343856929102915,False
682,mobilevit_s,IntegratedGradients,0.24551234003156427,0.4643671795725822,0.21885483954101795,False
682,mobilevit_s,Random,0.40272954538231714,0.40999148941773456,0.007261944035417411,False
682,resnet50,GradCAM,0.41713466926012194,0.4999999910593033,0.08286532179918138,False
682,resnet50,IntegratedGradients,0.4816472202539444,0.4999999403953552,0.018352720141410817,False
682,resnet50,LRP,0.28541647804668174,0.4999999910593033,0.21458351301262157,False
682,resnet50,Random,0.2917309855920792,0.42492538014230374,0.13319439455022453,False
682,vit_base,Chefer-LRP,0.32937063984572895,0.4347707256674767,0.10540008582174776,False
682,vit_base,GradCAM,0.28050031962338834,0.4221395060420037,0.14163918641861534,False
682,vit_base,IntegratedGradients,0.4138272401876748,0.43546893000602727,0.02164168981835246,False
682,vit_base,Random,0.42289159744977944,0.4184421613812446,-0.004449436068534818,True
683,mobilevit_s,GradCAM,0.05963905346579851,0.42022271305322645,0.36058365958742794,False
683,mobilevit_s,IntegratedGradients,0.11610812338039979,0.4027632012963294,0.28665507791592965,False
683,mobilevit_s,Random,0.24089272486744454,0.1458835809287848,-0.09500914393865972,True
683,resnet50,GradCAM,0.15044015385210516,0.4999989837408066,0.34955882988870146,False
683,resnet50,IntegratedGradients,0.23197518046945337,0.4999987632036209,0.26802358273416754,False
683,resnet50,LRP,0.11357652014121412,0.4999998658895493,0.3864233457483352,False
683,resnet50,Random,0.407960586482659,0.36043281592428683,-0.04752777055837215,True
683,vit_base,Chefer-LRP,0.13863523742184045,0.44910003542900084,0.3104647980071604,False
683,vit_base,GradCAM,0.13288678638637066,0.42658237218856815,0.29369558580219746,False
683,vit_base,IntegratedGradients,0.4139610961079598,0.4295419037342072,0.015580807626247417,False
683,vit_base,Random,0.3137781813740731,0.3947476126253605,0.08096943125128742,False
684,mobilevit_s,GradCAM,0.050129035394638775,0.41942319124937055,0.3692941558547318,False
684,mobilevit_s,IntegratedGradients,0.20907173859450268,0.33494505286216736,0.12587331426766468,False
684,mobilevit_s,Random,0.13566681860247629,0.09477355845883723,-0.04089326014363906,True
684,resnet50,GradCAM,0.031484374735737224,0.3201432004570961,0.28865882572135887,False
684,resnet50,IntegratedGradients,0.025406499207019803,0.25308437123894695,0.22767787203192713,False
684,resnet50,LRP,0.017767473944695664,0.171042862907052,0.15327538896235635,False
684,resnet50,Random,0.025998993468238044,0.06131352001684719,0.03531452654860914,False
684,vit_base,Chefer-LRP,0.09053150432882831,0.23971363306045532,0.149182128731627,False
684,vit_base,GradCAM,0.09562518295133488,0.26459772139787674,0.16897253844654186,False
684,vit_base,IntegratedGradients,0.16733215518761427,0.22277142852544785,0.05543927333783358,False
684,vit_base,Random,0.08591524101793765,0.15232811383903025,0.0664128728210926,False
685,mobilevit_s,GradCAM,0.2949874892830849,0.4890864282846451,0.19409893900156022,False
685,mobilevit_s,IntegratedGradients,0.24997468572109938,0.4940733224153519,0.24409863669425252,False
685,mobilevit_s,Random,0.14403116066241636,0.23331892983987929,0.08928776917746292,False
685,resnet50,GradCAM,0.36456038411706687,0.4998223632574081,0.13526197914034122,False
685,resnet50,IntegratedGradients,0.36840397026389843,0.49970307201147074,0.1312991017475723,False
685,resnet50,LRP,0.26429457617923624,0.4998712435364724,0.23557666735723615,False
685,resnet50,Random,0.3182973785325885,0.22849943687906488,-0.08979794165352362,True
685,vit_base,Chefer-LRP,0.26846956256777044,0.39035444110631945,0.12188487853854901,False
685,vit_base,GradCAM,0.2919486626982689,0.40348845422267915,0.11153979152441024,False
685,vit_base,IntegratedGradients,0.2611911363899708,0.37932675629854207,0.11813561990857124,False
685,vit_base,Random,0.3221278347074986,0.3554807260632515,0.03335289135575287,False
686,mobilevit_s,GradCAM,0.35655650421977053,0.4627331644296646,0.10617666020989408,False
686,mobilevit_s,IntegratedGradients,0.3845893044257537,0.44421966522932055,0.05963036080356687,False
686,mobilevit_s,Random,0.25088625887874516,0.2522828642337117,0.0013966053549665514,False
686,resnet50,GradCAM,0.30366184730082757,0.49998346865177157,0.196321621350944,False
686,resnet50,IntegratedGradients,0.4925207242369652,0.499958735704422,0.007438011467456818,False
686,resnet50,LRP,0.1678978303913027,0.49997829794883725,0.3320804675575345,False
686,resnet50,Random,0.37233360111713415,0.4072401024401189,0.03490650132298473,False
686,vit_base,Chefer-LRP,0.3603955685859546,0.44137522578239435,0.08097965719643974,False
686,vit_base,GradCAM,0.3676574803888798,0.4376973003149032,0.07003981992602343,False
686,vit_base,IntegratedGradients,0.4462620854377746,0.41797411739826207,-0.028287968039512557,True
686,vit_base,Random,0.4359924763441086,0.42570592612028124,-0.010286550223827351,True
687,mobilevit_s,GradCAM,0.33421961683779955,0.45689600408077236,0.1226763872429728,False
687,mobilevit_s,IntegratedGradients,0.4139662928879261,0.4508445963263512,0.03687830343842513,False
687,mobilevit_s,Random,0.41945102214813235,0.4445318192243576,0.025080797076225236,False
687,resnet50,GradCAM,0.44365557841956615,0.4999984920024872,0.05634291358292104,False
687,resnet50,IntegratedGradients,0.43830243973061445,0.49999841153621677,0.06169597180560232,False
687,resnet50,LRP,0.3381372885778547,0.49999851584434507,0.16186122726649038,False
687,resnet50,Random,0.499978443980217,0.49942127764225014,-0.0005571663379668745,True
687,vit_base,Chefer-LRP,0.3613097319379449,0.43766867667436604,0.07635894473642113,False
687,vit_base,GradCAM,0.33706764606758954,0.4366319715976715,0.09956432553008193,False
687,vit_base,IntegratedGradients,0.4405985251069069,0.4425911501049995,0.001992624998092607,False
687,vit_base,Random,0.4354037314653396,0.43183578401803974,-0.0035679474472998796,True
688,mobilevit_s,GradCAM,0.004913513036444783,0.020253901369869712,0.01534038833342493,False
688,mobilevit_s,IntegratedGradients,0.01450290272478014,0.027575262472964823,0.013072359748184683,False
688,mobilevit_s,Random,0.02874069989484269,0.009839408682455544,-0.018901291212387147,True
688,resnet50,GradCAM,0.20670683322532574,0.49985074996948237,0.29314391674415663,False
688,resnet50,IntegratedGradients,0.11997603434720078,0.446290772035718,0.3263147376885172,False
688,resnet50,LRP,0.12115015538438458,0.4996362239122391,0.37848606852785455,False
688,resnet50,Random,0.07641705153509976,0.08703024247079158,0.010613190935691824,False
688,vit_base,Chefer-LRP,0.42075733393430714,0.3887678459286691,-0.031989488005638056,True
688,vit_base,GradCAM,0.41487824618816377,0.3841836959123611,-0.030694550275802646,True
688,vit_base,IntegratedGradients,0.3367016211152076,0.41051906794309617,0.07381744682788854,False
688,vit_base,Random,0.3533661402761936,0.3798797830939294,0.026513642817735772,False
689,mobilevit_s,GradCAM,0.0472288908669725,0.47002075612545013,0.4227918652584776,False
689,mobilevit_s,IntegratedGradients,0.05742376415546461,0.4681640431284904,0.4107402789730258,False
689,mobilevit_s,Random,0.1717112934798934,0.27686859888490295,0.10515730540500956,False
689,resnet50,GradCAM,0.22531101956733435,0.49999606907367705,0.2746850495063427,False
689,resnet50,IntegratedGradients,0.26510638659965485,0.4998809188604355,0.23477453226078066,False
689,resnet50,LRP,0.10872097467727146,0.4999945342540741,0.39127355957680265,False
689,resnet50,Random,0.20838913160841918,0.17535814300499625,-0.033030988603422934,True
689,vit_base,Chefer-LRP,0.28454256134573375,0.4606559246778488,0.17611336333211508,False
689,vit_base,GradCAM,0.22737745442427698,0.46101002395153046,0.23363256952725348,False
689,vit_base,IntegratedGradients,0.37996092438697815,0.38837343640625477,0.008412512019276619,False
689,vit_base,Random,0.3968470863997937,0.4361655831336975,0.03931849673390381,False
690,mobilevit_s,GradCAM,0.007590766967041418,0.1689944479614496,0.1614036809944082,False
690,mobilevit_s,IntegratedGradients,0.02873030462069437,0.04095285115763545,0.012222546536941083,False
690,mobilevit_s,Random,0.05415343382192078,0.01721727683689096,-0.03693615698502982,True
690,resnet50,GradCAM,0.00189192046836979,0.049298631446436036,0.047406710978066244,False
690,resnet50,IntegratedGradients,0.008221627479360904,0.0025364860113768375,-0.005685141467984066,True
690,resnet50,LRP,0.0011004786676494407,0.043015997344627965,0.04191551867697853,False
690,resnet50,Random,0.003764075954677537,0.013443789386656135,0.009679713431978598,False
690,vit_base,Chefer-LRP,0.012348987616132944,0.12411822155117988,0.11176923393504694,False
690,vit_base,GradCAM,0.03465140222106129,0.06860379166901112,0.03395238944794983,False
690,vit_base,IntegratedGradients,0.054938009195029724,0.064624909684062,0.009686900489032271,False
690,vit_base,Random,0.118751210719347,0.06173193426802755,-0.05701927645131945,True
691,mobilevit_s,GradCAM,0.0020537454664008694,0.0049111141753201085,0.002857368708919239,False
691,mobilevit_s,IntegratedGradients,0.002564197131505353,0.0019400491008127576,-0.0006241480306925953,True
691,mobilevit_s,Random,0.002694666387105826,0.0019463533644739077,-0.0007483130226319185,True
691,resnet50,GradCAM,0.0004777018108143239,0.002740205061854794,0.0022625032510404704,False
691,resnet50,IntegratedGradients,0.00013564268992922736,0.000659584083041409,0.0005239413931121817,False
691,resnet50,LRP,0.001054646865668474,0.000840800430160016,-0.00021384643550845803,True
691,resnet50,Random,0.0008568963205561886,0.0012052248864506511,0.00034832856589446255,False
691,vit_base,Chefer-LRP,0.00047959423754946324,0.007343835500068964,0.0068642412625195,False
691,vit_base,GradCAM,0.00045588963985210285,0.016402634489350018,0.015946744849497915,False
691,vit_base,IntegratedGradients,0.0007257121080328943,0.0069190575508400794,0.006193345442807185,False
691,vit_base,Random,0.00212331953807734,0.0014729855814948679,-0.000650333956582472,True
692,mobilevit_s,GradCAM,0.001021940220380202,0.03262422144471201,0.03160228122433181,False
692,mobilevit_s,IntegratedGradients,0.059029844467295325,0.015341607993468639,-0.043688236473826685,True
692,mobilevit_s,Random,0.008663749595871196,0.00636114272638224,-0.002302606869488956,True
692,resnet50,GradCAM,0.02510107643902302,0.4114939674735069,0.3863928910344839,False
692,resnet50,IntegratedGradients,0.04603804149664939,0.3495208576321602,0.30348281613551076,False
692,resnet50,LRP,0.025389037246350197,0.41874839663505553,0.3933593593887053,False
692,resnet50,Random,0.2736019995063544,0.2890522617381066,0.015450262231752221,False
692,vit_base,Chefer-LRP,0.24088729023933408,0.2914086796343327,0.05052138939499862,False
692,vit_base,GradCAM,0.11534744310192765,0.3329799838364124,0.21763254073448476,False
692,vit_base,IntegratedGradients,0.16402826085686684,0.33427201882004737,0.17024375796318053,False
692,vit_base,Random,0.2673993259668351,0.32742162719368934,0.06002230122685426,False
693,mobilevit_s,GradCAM,0.05901522020576522,0.4383281648159027,0.3793129446101375,False
693,mobilevit_s,IntegratedGradients,0.2543088315986097,0.19568410310894252,-0.058624728489667155,True
693,mobilevit_s,Random,0.13219309098785745,0.17304221908561887,0.04084912809776142,False
693,resnet50,GradCAM,0.10928260468790543,0.4997398868203163,0.3904572821324108,False
693,resnet50,IntegratedGradients,0.20257645775564018,0.49966519922018054,0.29708874146454034,False
693,resnet50,LRP,0.07409043775405735,0.4998522013425827,0.42576176358852535,False
693,resnet50,Random,0.17750646974891424,0.17664444248657676,-0.0008620272623374725,True
693,vit_base,Chefer-LRP,0.38256155475974085,0.4601148203015327,0.07755326554179187,False
693,vit_base,GradCAM,0.36023564934730523,0.4569206714630127,0.09668502211570745,False
693,vit_base,IntegratedGradients,0.3845524452626705,0.4212985157966614,0.03674607053399087,False
693,vit_base,Random,0.37355152815580367,0.37213508053682753,-0.0014164476189761355,True
694,mobilevit_s,GradCAM,0.0797763941809535,0.2994721718132496,0.21969577763229609,False
694,mobilevit_s,IntegratedGradients,0.06420149952464273,0.18251827731728557,0.11831677779264284,False
694,mobilevit_s,Random,0.10854470507765655,0.09868157271193924,-0.009863132365717314,True
694,resnet50,GradCAM,0.0020085921452846376,0.1327371409977786,0.13072854885249396,False
694,resnet50,IntegratedGradients,0.007118973531760275,0.16495130284456536,0.15783232931280508,False
694,resnet50,LRP,0.018127380392979828,0.07698505115695298,0.05885767076397315,False
694,resnet50,Random,0.011448046809528024,0.047113975917454816,0.03566592910792679,False
694,vit_base,Chefer-LRP,0.12962478380650283,0.3454420760273934,0.21581729222089058,False
694,vit_base,GradCAM,0.15765702286735175,0.295846775919199,0.13818975305184725,False
694,vit_base,IntegratedGradients,0.13839820679277182,0.40607858002185815,0.26768037322908633,False
694,vit_base,Random,0.3135520641691983,0.2590227968990803,-0.054529267270117976,True
695,mobilevit_s,GradCAM,0.026071388900163587,0.09098222116008402,0.06491083225992043,False
695,mobilevit_s,IntegratedGradients,0.07885886939475313,0.023846217605751008,-0.05501265178900212,True
695,mobilevit_s,Random,0.05572776446279022,0.04514015965578438,-0.010587604807005845,True
695,resnet50,GradCAM,0.02424264440778643,0.2898953057825565,0.26565266137477006,False
695,resnet50,IntegratedGradients,0.06994266309193337,0.04140412986744195,-0.028538533224491416,True
695,resnet50,LRP,0.027654246921883896,0.22584690004587177,0.19819265312398787,False
695,resnet50,Random,0.02052368481236045,0.032534303062129774,0.012010618249769324,False
695,vit_base,Chefer-LRP,0.043755394965410234,0.17866909392178057,0.13491369895637034,False
695,vit_base,GradCAM,0.04089350043796002,0.17731999773532153,0.1364264972973615,False
695,vit_base,IntegratedGradients,0.10698512699455023,0.11021340489387513,0.003228277899324894,False
695,vit_base,Random,0.06416280549019575,0.05918905169237406,-0.004973753797821688,True
696,mobilevit_s,GradCAM,0.12822234418272271,0.41337843686342246,0.28515609268069975,False
696,mobilevit_s,IntegratedGradients,0.35381038999184966,0.4623728141188621,0.10856242412701245,False
696,mobilevit_s,Random,0.3069142949767411,0.20599717210279778,-0.10091712287394333,True
696,resnet50,GradCAM,0.22069746218330696,0.49989114552736286,0.2791936833440559,False
696,resnet50,IntegratedGradients,0.2635215086396784,0.4854970119893551,0.2219755033496767,False
696,resnet50,LRP,0.11463303364580499,0.49996616393327714,0.3853331302874722,False
696,resnet50,Random,0.3634350664913654,0.19460040833801032,-0.1688346581533551,True
696,vit_base,Chefer-LRP,0.32874447589274497,0.4494049772620201,0.12066050136927514,False
696,vit_base,GradCAM,0.2173909456469119,0.43711234629154205,0.21972140064463017,False
696,vit_base,IntegratedGradients,0.4083548203110695,0.4208296462893486,0.012474825978279092,False
696,vit_base,Random,0.4021480239927768,0.4177518412470817,0.015603817254304875,False
697,mobilevit_s,GradCAM,0.4176206987351179,0.47014213949441913,0.05252144075930121,False
697,mobilevit_s,IntegratedGradients,0.3961187712848187,0.47366518080234526,0.07754640951752656,False
697,mobilevit_s,Random,0.43839067361550405,0.43704506978392604,-0.0013456038315780017,True
697,resnet50,GradCAM,0.49993934780359267,0.5,6.065219640732922e-05,False
697,resnet50,IntegratedGradients,0.4290556441992522,0.499255608022213,0.07019996382296084,False
697,resnet50,LRP,0.35987318232655524,0.4995488032698631,0.13967562094330788,False
697,resnet50,Random,0.3552453059703112,0.2965168244671077,-0.05872848150320348,True
697,vit_base,Chefer-LRP,0.34116729609668256,0.4265932977199554,0.08542600162327285,False
697,vit_base,GradCAM,0.40943378806114195,0.4312949299812317,0.021861141920089755,False
697,vit_base,IntegratedGradients,0.42361620888113977,0.42813411206007,0.004517903178930249,False
697,vit_base,Random,0.41932317465543745,0.3915978908538818,-0.027725283801555645,True
698,mobilevit_s,GradCAM,0.18412387487478554,0.3352475091814995,0.15112363430671394,False
698,mobilevit_s,IntegratedGradients,0.2948003597324715,0.3952763095498085,0.10047594981733704,False
698,mobilevit_s,Random,0.18972566061984253,0.23386132057348735,0.044135659953644824,False
698,resnet50,GradCAM,0.41364242136478424,0.4999998182058335,0.08635739684104926,False
698,resnet50,IntegratedGradients,0.44238387020304804,0.49999992549419403,0.057616055291145996,False
698,resnet50,LRP,0.36355933039449156,0.49999969899654384,0.13644036860205228,False
698,resnet50,Random,0.4897623643279076,0.47386801680549984,-0.01589434752240776,True
698,vit_base,Chefer-LRP,0.24979967407416553,0.3400369271636009,0.09023725308943537,False
698,vit_base,GradCAM,0.2586799048818648,0.3323161005973816,0.07363619571551677,False
698,vit_base,IntegratedGradients,0.41407057791948326,0.3631876155734062,-0.05088296234607709,True
698,vit_base,Random,0.4030419707298279,0.3971998989582062,-0.005842071771621715,True
699,mobilevit_s,GradCAM,0.03717738915656809,0.33960554599761966,0.30242815684105157,False
699,mobilevit_s,IntegratedGradients,0.10122587278019637,0.28653172533959154,0.18530585255939516,False
699,mobilevit_s,Random,0.018040337817839716,0.025610500949869674,0.007570163132029958,False
699,resnet50,GradCAM,0.29557713396498003,0.499984909594059,0.20440777562907897,False
699,resnet50,IntegratedGradients,0.3436870638048276,0.4575212165247649,0.1138341527199373,False
699,resnet50,LRP,0.07819952460413332,0.499999937415123,0.4218004128109897,False
699,resnet50,Random,0.22479803544119933,0.12593710255041518,-0.09886093289078415,True
699,vit_base,Chefer-LRP,0.32143946508876975,0.46057017892599106,0.1391307138372213,False
699,vit_base,GradCAM,0.2945008405018598,0.4479868635535241,0.15348602305166426,False
699,vit_base,IntegratedGradients,0.44913029819726946,0.4540761262178421,0.00494582802057264,False
699,vit_base,Random,0.44679058343172073,0.39004333540797237,-0.056747248023748365,True
700,mobilevit_s,GradCAM,0.0022741443943232304,0.00044716379620695084,-0.0018269805981162796,True
700,mobilevit_s,IntegratedGradients,0.0003213541172954137,0.003909996408037842,0.0035886422907424284,False
700,mobilevit_s,Random,0.001400353044664371,0.002345667453482747,0.0009453144088183761,False
700,resnet50,GradCAM,0.0030847604797600075,0.03441896140575409,0.03133420092599408,False
700,resnet50,IntegratedGradients,0.0037283343272974897,0.025607361923903223,0.021879027596605732,False
700,resnet50,LRP,0.0015446085286384915,0.011836862703785301,0.01029225417514681,False
700,resnet50,Random,0.0080341680910351,0.005970879690903531,-0.00206328840013157,True
700,vit_base,Chefer-LRP,0.001621658288058825,0.007416758500039578,0.005795100211980753,False
700,vit_base,GradCAM,0.001962019438724383,0.012848331732675434,0.01088631229395105,False
700,vit_base,IntegratedGradients,0.001969529946654802,0.005869440012611449,0.003899910065956647,False
700,vit_base,Random,0.0063769216445507485,0.006522525032050908,0.0001456033875001598,False
701,mobilevit_s,GradCAM,0.2821086566895246,0.4545275688171387,0.17241891212761407,False
701,mobilevit_s,IntegratedGradients,0.15755000691860915,0.4497420847415924,0.29219207782298323,False
701,mobilevit_s,Random,0.3000899183563889,0.1279839585768059,-0.17210595977958298,True
701,resnet50,GradCAM,0.45880786031484605,0.5,0.04119213968515395,False
701,resnet50,IntegratedGradients,0.44028420224785814,0.4999999642372131,0.059715761989354965,False
701,resnet50,LRP,0.3605413254350424,0.4999999970197678,0.13945867158472536,False
701,resnet50,Random,0.45171573106199503,0.4636624811391812,0.011946750077186152,False
701,vit_base,Chefer-LRP,0.37763092070817944,0.4291914105415345,0.05156048983335504,False
701,vit_base,GradCAM,0.2947623297572136,0.44413517862558366,0.14937284886837005,False
701,vit_base,IntegratedGradients,0.3434436671435833,0.43902658075094225,0.09558291360735893,False
701,vit_base,Random,0.3917354449629783,0.4000675678253174,0.008332122862339086,False
702,mobilevit_s,GradCAM,0.4506136119365692,0.39759911000728604,-0.05301450192928314,True
702,mobilevit_s,IntegratedGradients,0.3610328013077378,0.36466900706291205,0.00363620575517426,False
702,mobilevit_s,Random,0.24594620538409798,0.31853254064917563,0.07258633526507766,False
702,resnet50,GradCAM,0.4981527686119079,0.4999552637338638,0.0018024951219559049,False
702,resnet50,IntegratedGradients,0.4992229536175728,0.49998659193515776,0.0007636383175849693,False
702,resnet50,LRP,0.4947146400809288,0.499946066737175,0.0052314266562462075,False
702,resnet50,Random,0.39361626729369165,0.41354369728360324,0.019927429989911594,False
702,vit_base,Chefer-LRP,0.40762965083122255,0.38560093343257906,-0.022028717398643483,True
702,vit_base,GradCAM,0.39184825122356415,0.39001444131135937,-0.0018338099122047757,True
702,vit_base,IntegratedGradients,0.4071335315704346,0.3940989837050438,-0.013034547865390766,True
702,vit_base,Random,0.4171630099415779,0.41788633167743683,0.0007233217358589283,False
703,mobilevit_s,GradCAM,0.481905223429203,0.46395136415958405,-0.017953859269618955,True
703,mobilevit_s,IntegratedGradients,0.45819483101367947,0.4482673138380051,-0.00992751717567436,True
703,mobilevit_s,Random,0.4438419118523597,0.45093518644571307,0.007093274593353349,False
703,resnet50,GradCAM,0.4999844580888748,0.49999767541885376,1.3217329978942871e-05,False
703,resnet50,IntegratedGradients,0.4999982059001923,0.4999920219182968,-6.1839818955022885e-06,True
703,resnet50,LRP,0.48194602578878404,0.49999622702598573,0.01805020123720169,False
703,resnet50,Random,0.4276385814417154,0.4624337464570999,0.03479516501538449,False
703,vit_base,Chefer-LRP,0.42761129438877105,0.43406928330659866,0.006457988917827617,False
703,vit_base,GradCAM,0.42706649005413055,0.4320269823074341,0.004960492253303528,False
703,vit_base,IntegratedGradients,0.42928956300020216,0.42275437265634536,-0.0065351903438568,True
703,vit_base,Random,0.4279970556497574,0.4206981360912323,-0.007298919558525074,True
704,mobilevit_s,GradCAM,0.07195030152797699,0.1774870303459466,0.1055367288179696,False
704,mobilevit_s,IntegratedGradients,0.07799135084496812,0.0688686170615256,-0.009122733783442527,True
704,mobilevit_s,Random,0.02319825334398047,0.02047700590101158,-0.0027212474429688903,True
704,resnet50,GradCAM,0.0041149524156935515,0.011601912567857652,0.007486960152164101,False
704,resnet50,IntegratedGradients,0.004164506279630587,0.034420143964234734,0.030255637684604146,False
704,resnet50,LRP,0.0043303044367348775,0.0038815908308606592,-0.0004487136058742183,True
704,resnet50,Random,0.002428209612844512,0.0033606981582124723,0.0009324885453679604,False
704,vit_base,Chefer-LRP,0.036440997931640594,0.10570551102282479,0.0692645130911842,False
704,vit_base,GradCAM,0.0523961057071574,0.041462242149282236,-0.010933863557875165,True
704,vit_base,IntegratedGradients,0.032909449946600944,0.10044776239665223,0.06753831245005129,False
704,vit_base,Random,0.0241467765183188,0.0658601773553528,0.041713400837033995,False
705,mobilevit_s,GradCAM,0.018469371664104985,0.10604336634278297,0.08757399467867799,False
705,mobilevit_s,IntegratedGradients,0.016842686897143726,0.07621633168309926,0.059373644785955526,False
705,mobilevit_s,Random,0.009595614698628198,0.01612490059924312,0.006529285900614924,False
705,resnet50,GradCAM,0.06429062965326011,0.3480274289846421,0.283736799331382,False
705,resnet50,IntegratedGradients,0.07945894988952207,0.2668621886521578,0.1874032387626357,False
705,resnet50,LRP,0.028710721991956234,0.35563372671604154,0.3269230047240853,False
705,resnet50,Random,0.040377759692091786,0.03484618199290707,-0.005531577699184713,True
705,vit_base,Chefer-LRP,0.06054580872878432,0.37585310339927674,0.31530729467049246,False
705,vit_base,GradCAM,0.05770542188547551,0.3377129420638084,0.2800075201783329,False
705,vit_base,IntegratedGradients,0.09346950352191925,0.2916888408362866,0.19821933731436736,False
705,vit_base,Random,0.08837629989720881,0.14130116235464812,0.05292486245743931,False
706,mobilevit_s,GradCAM,0.09259296846576034,0.35078975409269336,0.25819678562693305,False
706,mobilevit_s,IntegratedGradients,0.14490944081917406,0.421454094350338,0.2765446535311639,False
706,mobilevit_s,Random,0.3127778364287224,0.3284078131429851,0.015629976714262694,False
706,resnet50,GradCAM,0.20421103124972434,0.44657144248485564,0.2423604112351313,False
706,resnet50,IntegratedGradients,0.397114091925323,0.4223577558994293,0.025243663974106323,False
706,resnet50,LRP,0.07279779512900861,0.434527550637722,0.36172975550871345,False
706,resnet50,Random,0.4622432798147202,0.3935262801278441,-0.06871699968687611,True
706,vit_base,Chefer-LRP,0.12206183378584685,0.341542412340641,0.21948057855479414,False
706,vit_base,GradCAM,0.2129826502874494,0.34344133436679836,0.13045868407934896,False
706,vit_base,IntegratedGradients,0.3388808012008667,0.3333680257201195,-0.005512775480747245,True
706,vit_base,Random,0.39624728262424463,0.3335885867476463,-0.06265869587659834,True
707,mobilevit_s,GradCAM,0.007013626501429825,0.10329074943438171,0.09627712293295189,False
707,mobilevit_s,IntegratedGradients,0.0067095386213623,0.02085629692301154,0.01414675830164924,False
707,mobilevit_s,Random,0.007083255489123986,0.008187878751778043,0.0011046232626540572,False
707,resnet50,GradCAM,0.003158046235330403,0.0064956595888361335,0.0033376133535057305,False
707,resnet50,IntegratedGradients,0.009955790569074452,0.006340996385551989,-0.003614794183522462,True
707,resnet50,LRP,0.0066866153763839985,0.003177083318587393,-0.0035095320577966057,True
707,resnet50,Random,0.020547858846839514,0.01253956923028454,-0.008008289616554974,True
707,vit_base,Chefer-LRP,0.002358770783757791,0.006636699545197189,0.004277928761439398,False
707,vit_base,GradCAM,0.00390028755646199,0.010362840583547948,0.006462553027085958,False
707,vit_base,IntegratedGradients,0.0036305159796029326,0.010120797809213398,0.006490281829610466,False
707,vit_base,Random,0.005023311055265367,0.0030881644692271953,-0.0019351465860381716,True
708,mobilevit_s,GradCAM,0.23269590722629802,0.11723600276745857,-0.11545990445883944,True
708,mobilevit_s,IntegratedGradients,0.15319604855030777,0.35760968923568726,0.20441364068537948,False
708,mobilevit_s,Random,0.11107529285363854,0.14988836450502277,0.03881307165138423,False
708,resnet50,GradCAM,0.15107096339925194,0.43896096199750895,0.28788999859825704,False
708,resnet50,IntegratedGradients,0.07351533693727105,0.14523286703042687,0.07171753009315582,False
708,resnet50,LRP,0.24360344409942628,0.07839961339486762,-0.16520383070455866,True
708,resnet50,Random,0.04330977277732018,0.058011133875697854,0.014701361098377677,False
708,vit_base,Chefer-LRP,0.36861367672681805,0.424454391002655,0.05584071427583692,False
708,vit_base,GradCAM,0.2369747869670391,0.43389064371585845,0.19691585674881934,False
708,vit_base,IntegratedGradients,0.3412987183779479,0.43651570826768876,0.09521698988974087,False
708,vit_base,Random,0.42707283794879913,0.37793476693332195,-0.04913807101547718,True
709,mobilevit_s,GradCAM,0.016397942835465074,0.009943864136585033,-0.006454078698880041,True
709,mobilevit_s,IntegratedGradients,0.008543041092343627,0.010597012937068937,0.0020539718447253105,False
709,mobilevit_s,Random,0.009180091357484342,0.009342357549394364,0.00016226619191002205,False
709,resnet50,GradCAM,0.3724186450242996,0.4997485116124153,0.12732986658811568,False
709,resnet50,IntegratedGradients,0.2666438492015004,0.3891733334865421,0.12252948428504168,False
709,resnet50,LRP,0.4110254496335983,0.4958708629012108,0.08484541326761247,False
709,resnet50,Random,0.22614690535701815,0.2386225341819227,0.01247562882490455,False
709,vit_base,Chefer-LRP,0.20646562578622255,0.288630086183548,0.08216446039732547,False
709,vit_base,GradCAM,0.2996855899691582,0.21257882975041864,-0.08710676021873953,True
709,vit_base,IntegratedGradients,0.14024293757975104,0.2826993875205517,0.14245644994080064,False
709,vit_base,Random,0.19474499179050328,0.17881045741960405,-0.015934534370899228,True
710,mobilevit_s,GradCAM,0.2430411850451492,0.4724029093980789,0.22936172435292967,False
710,mobilevit_s,IntegratedGradients,0.3147315688431263,0.4426366940140724,0.1279051251709461,False
710,mobilevit_s,Random,0.23148733645211905,0.21102187537471767,-0.02046546107740138,True
710,resnet50,GradCAM,0.44659913480281827,0.49999989867210387,0.053400763869285606,False
710,resnet50,IntegratedGradients,0.4275004394352437,0.49999476969242096,0.07249433025717728,False
710,resnet50,LRP,0.49957143962383266,0.4999955415725708,0.00042410194873815366,False
710,resnet50,Random,0.48415065109729766,0.43773669241927565,-0.046413958678022005,True
710,vit_base,Chefer-LRP,0.4030262872576714,0.40468087792396545,0.0016545906662940313,False
710,vit_base,GradCAM,0.41239874958992,0.382004551589489,-0.030394198000431027,True
710,vit_base,IntegratedGradients,0.3602147862315178,0.4142154082655906,0.0540006220340728,False
710,vit_base,Random,0.38261832743883134,0.3412710845470428,-0.04134724289178854,True
711,mobilevit_s,GradCAM,0.4706947878003121,0.4487800553441048,-0.021914732456207286,True
711,mobilevit_s,IntegratedGradients,0.40611046403646467,0.4626846700906753,0.05657420605421065,False
711,mobilevit_s,Random,0.23629789192600584,0.1700007230741903,-0.06629716885181552,True
711,resnet50,GradCAM,0.49251980036497117,0.4999989360570907,0.007479135692119554,False
711,resnet50,IntegratedGradients,0.49900433272123335,0.49905412495136264,4.9792230129297455e-05,False
711,resnet50,LRP,0.4070296799764037,0.49999726712703707,0.09296758715063336,False
711,resnet50,Random,0.3884520292282105,0.4107983112335205,0.022346282005310025,False
711,vit_base,Chefer-LRP,0.4254801571369171,0.4221383064985275,-0.0033418506383895985,True
711,vit_base,GradCAM,0.4367378056049347,0.41594489514827726,-0.020792910456657432,True
711,vit_base,IntegratedGradients,0.41509980410337455,0.42967593818902966,0.014576134085655112,False
711,vit_base,Random,0.4146462336182594,0.42640339881181716,0.01175716519355774,False
712,mobilevit_s,GradCAM,0.0011218689207453281,0.0006591873097931966,-0.0004626816109521315,True
712,mobilevit_s,IntegratedGradients,0.0008372540687560103,0.0013483551032550168,0.0005111010344990065,False
712,mobilevit_s,Random,0.00036440101994230647,0.0003333521202876,-3.1048899654706464e-05,True
712,resnet50,GradCAM,0.046203432506808896,0.48510376513004305,0.43890033262323414,False
712,resnet50,IntegratedGradients,0.0749358717017458,0.4710714504122734,0.39613557871052757,False
712,resnet50,LRP,0.030196795849769847,0.4818519309163094,0.45165513506653954,False
712,resnet50,Random,0.08300589649006727,0.09343948665482459,0.010433590164757311,False
712,vit_base,Chefer-LRP,0.0931648425059393,0.318923506885767,0.22575866437982767,False
712,vit_base,GradCAM,0.08369275989534801,0.37179758399724955,0.2881048241019015,False
712,vit_base,IntegratedGradients,0.075288295885548,0.28919585812836884,0.21390756224282084,False
712,vit_base,Random,0.11627668216824533,0.10779528266284617,-0.008481399505399154,True
713,mobilevit_s,GradCAM,0.2678905080072582,0.4663864031434059,0.19849589513614768,False
713,mobilevit_s,IntegratedGradients,0.41878490373492244,0.3938698042184115,-0.02491509951651094,True
713,mobilevit_s,Random,0.2616301926464076,0.2125379727811378,-0.049092219865269765,True
713,resnet50,GradCAM,0.4247325546108186,0.49991472661495207,0.07518217200413346,False
713,resnet50,IntegratedGradients,0.42664515823125837,0.4998681128025055,0.07322295457124711,False
713,resnet50,LRP,0.2772011185821612,0.4998973399400711,0.2226962213579099,False
713,resnet50,Random,0.4855430684983731,0.49817455708980557,0.012631488591432483,False
713,vit_base,Chefer-LRP,0.41643484383821483,0.3919005542993545,-0.024534289538860332,True
713,vit_base,GradCAM,0.38797941366210587,0.4274929419159889,0.039513528253883046,False
713,vit_base,IntegratedGradients,0.3523942910134793,0.4082408726215363,0.055846581608057,False
713,vit_base,Random,0.3716966018080711,0.3453968659043313,-0.02629973590373985,True
714,mobilevit_s,GradCAM,0.17249677330255508,0.05821820888668299,-0.11427856441587209,True
714,mobilevit_s,IntegratedGradients,0.03210667684907093,0.10209726663306355,0.06999058978399261,False
714,mobilevit_s,Random,0.02939859055913985,0.015756719796718242,-0.013641870762421609,True
714,resnet50,GradCAM,0.2830623654648662,0.49791137278079983,0.21484900731593365,False
714,resnet50,IntegratedGradients,0.27928104251623154,0.4216209050267935,0.14233986251056197,False
714,resnet50,LRP,0.1338647305965424,0.4657241404056549,0.33185940980911255,False
714,resnet50,Random,0.06345597407780589,0.04729131848434917,-0.016164655593456714,True
714,vit_base,Chefer-LRP,0.30726901963353154,0.39327336847782135,0.08600434884428981,False
714,vit_base,GradCAM,0.2585206270217896,0.3738625586032867,0.11534193158149714,False
714,vit_base,IntegratedGradients,0.32953973114490503,0.3515782043337822,0.02203847318887714,False
714,vit_base,Random,0.27892602235078817,0.30908160638064147,0.0301555840298533,False
715,mobilevit_s,GradCAM,0.014226223225705327,0.06568136626156047,0.05145514303585515,False
715,mobilevit_s,IntegratedGradients,0.03194004201795906,0.06882963332463987,0.03688959130668081,False
715,mobilevit_s,Random,0.009419172325215186,0.01952359114366118,0.010104418818445994,False
715,resnet50,GradCAM,0.0322581670130603,0.3194522805511951,0.28719411353813484,False
715,resnet50,IntegratedGradients,0.09336896315217019,0.04299655185532174,-0.050372411296848454,True
715,resnet50,LRP,0.013457896187901497,0.22205200418829918,0.20859410800039768,False
715,resnet50,Random,0.02819196542113787,0.052488737224121,0.02429677180298313,False
715,vit_base,Chefer-LRP,0.044534276731428686,0.2518801264464855,0.20734584971505682,False
715,vit_base,GradCAM,0.13130655573331754,0.23005828782916074,0.0987517320958432,False
715,vit_base,IntegratedGradients,0.2305232100188732,0.07794663118547761,-0.1525765788333956,True
715,vit_base,Random,0.20782266650348905,0.19108278024941683,-0.016739886254072217,True
716,mobilevit_s,GradCAM,0.03214830716024153,0.2601580061018467,0.22800969894160517,False
716,mobilevit_s,IntegratedGradients,0.046873774216510365,0.2405159220099449,0.19364214779343453,False
716,mobilevit_s,Random,0.2563396148383617,0.01574183863840517,-0.24059777619995654,True
716,resnet50,GradCAM,0.030888149347447328,0.2377407819032669,0.20685263255581957,False
716,resnet50,IntegratedGradients,0.010570413750974695,0.308179172873497,0.2976087591225223,False
716,resnet50,LRP,0.011121733384788966,0.25967843607068064,0.24855670268589167,False
716,resnet50,Random,0.02128264320781455,0.04050378438550979,0.01922114117769524,False
716,vit_base,Chefer-LRP,0.03953559715300799,0.09367392770946026,0.05413833055645227,False
716,vit_base,GradCAM,0.02063570345781045,0.04801694797351957,0.027381244515709117,False
716,vit_base,IntegratedGradients,0.014980343688512223,0.05997647810727358,0.04499613441876135,False
716,vit_base,Random,0.05645041055977345,0.026656801067292693,-0.029793609492480756,True
717,mobilevit_s,GradCAM,0.0002517740984330885,0.005392920365557074,0.005141146267123985,False
717,mobilevit_s,IntegratedGradients,0.0003234047713704058,0.0007421753820381128,0.000418770610667707,False
717,mobilevit_s,Random,0.00042860561152338047,0.00036222035732862417,-6.63852541947563e-05,True
717,resnet50,GradCAM,3.635322900663596e-05,5.740033557231072e-05,2.104710656567476e-05,False
717,resnet50,IntegratedGradients,4.200354424028774e-05,0.00034695737231231754,0.0003049538280720298,False
717,resnet50,LRP,0.0004457934612219106,8.78282204212155e-05,-0.0003579652408006951,True
717,resnet50,Random,3.074188389575739e-05,5.933972733842553e-05,2.8597843442668136e-05,False
717,vit_base,Chefer-LRP,0.003402708715293557,0.0740068094804883,0.07060410076519474,False
717,vit_base,GradCAM,0.0025517435064102757,0.02882951544597745,0.026277771939567172,False
717,vit_base,IntegratedGradients,0.00411523455841234,0.07175878230482341,0.06764354774641107,False
717,vit_base,Random,0.010850464555551297,0.008893318256014028,-0.001957146299537268,True
718,mobilevit_s,GradCAM,0.07162320830393583,0.4055326581001282,0.33390944979619236,False
718,mobilevit_s,IntegratedGradients,0.10321664805524051,0.23042371943593024,0.1272070713806897,False
718,mobilevit_s,Random,0.05154222655110062,0.04770154105499388,-0.0038406854961067424,True
718,resnet50,GradCAM,0.05007853789720685,0.492627614736557,0.44254907683935013,False
718,resnet50,IntegratedGradients,0.10454700042610057,0.44265451151877644,0.3381075110926759,False
718,resnet50,LRP,0.09718102731276304,0.48845889717340474,0.3912778698606417,False
718,resnet50,Random,0.08092687127355021,0.10848430591977377,0.027557434646223566,False
718,vit_base,Chefer-LRP,0.3147293832153082,0.36584835499525076,0.05111897177994257,False
718,vit_base,GradCAM,0.17319979714229708,0.3747907713055611,0.20159097416326402,False
718,vit_base,IntegratedGradients,0.34579538851976394,0.36186743415892125,0.016072045639157317,False
718,vit_base,Random,0.3967807315289974,0.2620337490690872,-0.13474698245991018,True
719,mobilevit_s,GradCAM,0.0013468771631323761,0.1410596293630078,0.13971275219987545,False
719,mobilevit_s,IntegratedGradients,0.0009858316620011466,0.027191901998594406,0.026206070336593258,False
719,mobilevit_s,Random,0.0013967867387691512,0.003399717806314584,0.002002931067545433,False
719,resnet50,GradCAM,0.11724406460762112,0.4526209577918053,0.3353768931841842,False
719,resnet50,IntegratedGradients,0.16974183715537947,0.3005532786250114,0.13081144146963194,False
719,resnet50,LRP,0.061661634204938316,0.43409301042556764,0.37243137622062933,False
719,resnet50,Random,0.16229953742586076,0.1340873298700899,-0.028212207555770863,True
719,vit_base,Chefer-LRP,0.06734099937602878,0.2167752154171467,0.14943421604111792,False
719,vit_base,GradCAM,0.03868379109189846,0.21423063129186629,0.17554684019996783,False
719,vit_base,IntegratedGradients,0.1413811283186078,0.16623274548910558,0.024851617170497775,False
719,vit_base,Random,0.142395780980587,0.084026039094897,-0.058369741885689996,True
720,mobilevit_s,GradCAM,0.1564723567920737,0.3702965781092644,0.21382422131719073,False
720,mobilevit_s,IntegratedGradients,0.1962679320306052,0.3813228353857995,0.18505490335519428,False
720,mobilevit_s,Random,0.21457632162200757,0.18037204053980535,-0.03420428108220222,True
720,resnet50,GradCAM,0.1760859443806112,0.4928281322121621,0.3167421878315509,False
720,resnet50,IntegratedGradients,0.24430670961737633,0.47122485786676405,0.22691814824938772,False
720,resnet50,LRP,0.07640440901741387,0.49078551530838016,0.4143811062909663,False
720,resnet50,Random,0.19498269826290196,0.12368030820507557,-0.07130239005782639,True
720,vit_base,Chefer-LRP,0.2102655879687518,0.33804959952831265,0.12778401155956085,False
720,vit_base,GradCAM,0.21167217968031765,0.24040424078702927,0.028732061106711615,False
720,vit_base,IntegratedGradients,0.2381145702674985,0.37393359169363977,0.13581902142614127,False
720,vit_base,Random,0.18816428314894437,0.15374334556981922,-0.03442093757912515,True
721,mobilevit_s,GradCAM,0.0278672603016048,0.12532852664589883,0.09746126634429403,False
721,mobilevit_s,IntegratedGradients,0.0533052263675927,0.3513970240950584,0.2980917977274657,False
721,mobilevit_s,Random,0.03417429717082996,0.08307105898711599,0.04889676181628603,False
721,resnet50,GradCAM,0.19104910368332642,0.4798368573188782,0.28878775363555176,False
721,resnet50,IntegratedGradients,0.1765497823129408,0.4620287641882896,0.2854789818753488,False
721,resnet50,LRP,0.10824014387326317,0.4816034272313118,0.3733632833580486,False
721,resnet50,Random,0.2758809635415673,0.3868281435337849,0.11094717999221759,False
721,vit_base,Chefer-LRP,0.07063301894231701,0.31530582010746,0.244672801165143,False
721,vit_base,GradCAM,0.04721082104952075,0.3214307978749275,0.2742199768254068,False
721,vit_base,IntegratedGradients,0.20419887833122632,0.31105082482099533,0.106851946489769,False
721,vit_base,Random,0.3130897969007492,0.4006849065423012,0.08759510964155204,False
722,mobilevit_s,GradCAM,0.16094561384234113,0.22756207436323167,0.06661646052089054,False
722,mobilevit_s,IntegratedGradients,0.12313623053487392,0.21098700314760208,0.08785077261272815,False
722,mobilevit_s,Random,0.24019436125527138,0.24381521344184875,0.0036208521865773724,False
722,resnet50,GradCAM,0.46560374102555213,0.4999800205230712,0.03437627949751909,False
722,resnet50,IntegratedGradients,0.33979417853988714,0.4999797582626343,0.16018557972274716,False
722,resnet50,LRP,0.2755761618725956,0.4999789416790008,0.22440277980640522,False
722,resnet50,Random,0.3798536060843617,0.4008431933354586,0.020989587251096897,False
722,vit_base,Chefer-LRP,0.3618400104343892,0.4353730857372284,0.0735330753028392,False
722,vit_base,GradCAM,0.3250821673776954,0.4317842930555343,0.10670212567783888,False
722,vit_base,IntegratedGradients,0.4169226229190826,0.40781462490558623,-0.009107998013496377,True
722,vit_base,Random,0.38844437897205353,0.36287305802106856,-0.025571320950984966,True
723,mobilevit_s,GradCAM,0.05793793943121273,0.4080594331026077,0.350121493671395,False
723,mobilevit_s,IntegratedGradients,0.06433243493374903,0.3827576257288456,0.31842519079509657,False
723,mobilevit_s,Random,0.19824948022142053,0.11772570586763324,-0.08052377435378728,True
723,resnet50,GradCAM,0.036258846241980794,0.22064832355827094,0.18438947731629013,False
723,resnet50,IntegratedGradients,0.3113500168547035,0.08650031052529811,-0.22484970632940537,True
723,resnet50,LRP,0.013188935718790163,0.16824016850441692,0.15505123278562677,False
723,resnet50,Random,0.3923270963365212,0.42465936131775384,0.03233226498123265,False
723,vit_base,Chefer-LRP,0.017819636742933652,0.197137051820755,0.17931741507782134,False
723,vit_base,GradCAM,0.01512500946992077,0.22124894484877586,0.2061239353788551,False
723,vit_base,IntegratedGradients,0.07660990841395689,0.10595062300562859,0.0293407145916717,False
723,vit_base,Random,0.1895144458860159,0.07576953656971455,-0.11374490931630135,True
724,mobilevit_s,GradCAM,0.26854665558785207,0.45291146188974385,0.18436480630189178,False
724,mobilevit_s,IntegratedGradients,0.38178745973855255,0.3965340295806527,0.014746569842100155,False
724,mobilevit_s,Random,0.3201647231820971,0.2504368231748231,-0.06972790000727402,True
724,resnet50,GradCAM,0.43065269514918336,0.4999900072813034,0.06933731213212002,False
724,resnet50,IntegratedGradients,0.49559349417686466,0.49310581982135765,-0.002487674355507008,True
724,resnet50,LRP,0.3701528542907908,0.49991581141948704,0.12976295712869623,False
724,resnet50,Random,0.4849641412496567,0.49829741418361667,0.013333272933959972,False
724,vit_base,Chefer-LRP,0.12274055676534773,0.10464049689471722,-0.018100059870630514,True
724,vit_base,GradCAM,0.07677187146618963,0.181664764881134,0.10489289341494437,False
724,vit_base,IntegratedGradients,0.17578247264027594,0.1156149245798588,-0.060167548060417145,True
724,vit_base,Random,0.19634306579828262,0.18449456095695496,-0.011848504841327656,True
725,mobilevit_s,GradCAM,6.244753069495346e-06,0.0001265298093358069,0.00012028505626631156,False
725,mobilevit_s,IntegratedGradients,0.00018990925475463884,8.004009623618912e-06,-0.00018190524513101992,True
725,mobilevit_s,Random,0.0007043463672061989,0.0003526001427644587,-0.00035174622444174026,True
725,resnet50,GradCAM,1.829756856750464e-05,7.409279610328668e-05,5.579522753578204e-05,False
725,resnet50,IntegratedGradients,0.0002393881350144511,0.0001240807336671423,-0.00011530740134730881,True
725,resnet50,LRP,0.0004063288302859291,6.923673245182726e-05,-0.00033709209783410187,True
725,resnet50,Random,0.00015302236470233767,0.00037262108926370267,0.000219598724561365,False
725,vit_base,Chefer-LRP,0.0016128915973240509,0.002430209901649505,0.0008173183043254542,False
725,vit_base,GradCAM,0.0007011059060459958,0.007089283969253301,0.006388178063207305,False
725,vit_base,IntegratedGradients,0.002659610274713486,0.0026212302618660033,-3.838001284748281e-05,True
725,vit_base,Random,0.02550308791687712,0.0009700702910777182,-0.024533017625799403,True
726,mobilevit_s,GradCAM,0.2217478159815073,0.4605487465858459,0.23880093060433857,False
726,mobilevit_s,IntegratedGradients,0.09837522241869012,0.43677570670843124,0.3384004842897411,False
726,mobilevit_s,Random,0.17964356311131272,0.16960766246629647,-0.010035900645016249,True
726,resnet50,GradCAM,0.28510883455164726,0.49999975860118867,0.2148909240495414,False
726,resnet50,IntegratedGradients,0.45481547713279724,0.4999967783689499,0.04518130123615266,False
726,resnet50,LRP,0.389798627793789,0.4999991357326508,0.11020050793886182,False
726,resnet50,Random,0.3935810662806034,0.40912929270416504,0.015548226423561629,False
726,vit_base,Chefer-LRP,0.307265916839242,0.4211643308401108,0.11389841400086881,False
726,vit_base,GradCAM,0.28778159208595755,0.41311252266168597,0.12533093057572842,False
726,vit_base,IntegratedGradients,0.4013593286275864,0.33840319886803627,-0.06295612975955012,True
726,vit_base,Random,0.4324294880032539,0.4041142880916596,-0.028315199911594313,True
727,mobilevit_s,GradCAM,0.12273110550595448,0.41193693876266474,0.28920583325671023,False
727,mobilevit_s,IntegratedGradients,0.2906436324119568,0.10549468384706416,-0.1851489485648926,True
727,mobilevit_s,Random,0.07687827177390717,0.10041056738832027,0.0235322956144131,False
727,resnet50,GradCAM,0.30237884160305845,0.4999958604574204,0.19761701885436195,False
727,resnet50,IntegratedGradients,0.445919243991375,0.49776197373867037,0.05184272974729537,False
727,resnet50,LRP,0.10154751343652604,0.4999961972236634,0.3984486837871374,False
727,resnet50,Random,0.41107787762302905,0.28702416278538295,-0.1240537148376461,True
727,vit_base,Chefer-LRP,0.3949695587158203,0.356991158425808,-0.037978400290012315,True
727,vit_base,GradCAM,0.3217841025441886,0.36022820919752124,0.038444106653332644,False
727,vit_base,IntegratedGradients,0.3318372040987015,0.371342197060585,0.039504992961883534,False
727,vit_base,Random,0.39155340492725377,0.3101193241775036,-0.08143408074975017,True
728,mobilevit_s,GradCAM,0.00041181145061273126,0.010548110204399563,0.010136298753786832,False
728,mobilevit_s,IntegratedGradients,0.0017484821175457908,0.0004077978097484446,-0.0013406843077973462,True
728,mobilevit_s,Random,0.0012843698583310471,0.0019244828130467798,0.0006401129547157327,False
728,resnet50,GradCAM,0.00043886909224966075,0.0135522193624638,0.013113350270214139,False
728,resnet50,IntegratedGradients,0.007128663936600789,0.0012047330994391814,-0.005923930837161607,True
728,resnet50,LRP,0.0023468328712624494,0.050228700984735045,0.047881868113472593,False
728,resnet50,Random,0.010364732315065342,0.0019420644635829375,-0.008422667851482404,True
728,vit_base,Chefer-LRP,0.30790860801935194,0.3326176472008228,0.024709039181470882,False
728,vit_base,GradCAM,0.3464984863996506,0.374123178422451,0.027624692022800434,False
728,vit_base,IntegratedGradients,0.25524224834516646,0.38005099892616273,0.12480875058099627,False
728,vit_base,Random,0.24678346258588138,0.19568309548776597,-0.05110036709811541,True
729,mobilevit_s,GradCAM,0.4113554164767265,0.24538168422877793,-0.1659737322479486,True
729,mobilevit_s,IntegratedGradients,0.13212232403457166,0.3995924226939678,0.2674700986593961,False
729,mobilevit_s,Random,0.25985647514462473,0.252119742333889,-0.007736732810735725,True
729,resnet50,GradCAM,0.32545806746929884,0.4798210129141808,0.15436294544488194,False
729,resnet50,IntegratedGradients,0.3158884216565639,0.4483465552330017,0.13245813357643782,False
729,resnet50,LRP,0.18352569099515678,0.4797483921051025,0.29622270110994575,False
729,resnet50,Random,0.2374808146370924,0.23787351755054265,0.00039270291345025465,False
729,vit_base,Chefer-LRP,0.35646836906671525,0.4141295999288559,0.057661230862140644,False
729,vit_base,GradCAM,0.3822963237762452,0.40270118117332454,0.020404857397079368,False
729,vit_base,IntegratedGradients,0.41781003326177596,0.3943488299846649,-0.023461203277111042,True
729,vit_base,Random,0.4232413321733475,0.41833789050579073,-0.0049034416675567405,True
730,mobilevit_s,GradCAM,0.06560787821945267,0.4865952283143997,0.42098735009494703,False
730,mobilevit_s,IntegratedGradients,0.06063599839108065,0.4800934329628944,0.4194574345718138,False
730,mobilevit_s,Random,0.26091021090978755,0.2507555167539977,-0.010154694155789845,True
730,resnet50,GradCAM,0.18627860498963855,0.4999998062849045,0.31372120129526593,False
730,resnet50,IntegratedGradients,0.4158637152053416,0.4999971151351929,0.0841333999298513,False
730,resnet50,LRP,0.12526070561725647,0.49999968707561493,0.3747389814583585,False
730,resnet50,Random,0.19875179526006834,0.3241884573479183,0.12543666208784995,False
730,vit_base,Chefer-LRP,0.15487767402082683,0.40365960299968723,0.2487819289788604,False
730,vit_base,GradCAM,0.07996322885155678,0.40609474927186967,0.3261315204203129,False
730,vit_base,IntegratedGradients,0.3155058763921262,0.3254000790417194,0.009894202649593231,False
730,vit_base,Random,0.3493154857307673,0.32145579867064955,-0.027859687060117766,True
731,mobilevit_s,GradCAM,0.347494568862021,0.4877101451158523,0.1402155762538313,False
731,mobilevit_s,IntegratedGradients,0.41807665619999174,0.4730979159474373,0.05502125974744554,False
731,mobilevit_s,Random,0.2516148860799149,0.2701426443411038,0.01852775826118891,False
731,resnet50,GradCAM,0.30813177216768967,0.5,0.19186822783231033,False
731,resnet50,IntegratedGradients,0.3608486717897904,0.38932572307530794,0.02847705128551753,False
731,resnet50,LRP,0.14595716078074475,0.4999999910593033,0.35404283027855854,False
731,resnet50,Random,0.14088870743171358,0.16735481015857656,0.026466102726862978,False
731,vit_base,Chefer-LRP,0.4308127999305726,0.4139334738254547,-0.016879326105117887,True
731,vit_base,GradCAM,0.34672105126082897,0.4327055662870407,0.08598451502621174,False
731,vit_base,IntegratedGradients,0.44421132504940036,0.3488019483163953,-0.09540937673300504,True
731,vit_base,Random,0.40443873852491374,0.36318160146474837,-0.04125713706016537,True
732,mobilevit_s,GradCAM,0.017238516168436035,0.4129787385463715,0.3957402223779355,False
732,mobilevit_s,IntegratedGradients,0.0697492914274335,0.058830327028408645,-0.010918964399024851,True
732,mobilevit_s,Random,0.023038567439652984,0.020869600598234686,-0.0021689668414182975,True
732,resnet50,GradCAM,0.003408588199818041,0.14964647935703396,0.14623789115721592,False
732,resnet50,IntegratedGradients,0.006018004665384069,0.007287695724517106,0.0012696910591330369,False
732,resnet50,LRP,0.013537739333696662,0.007665661576902495,-0.005872077756794167,True
732,resnet50,Random,0.0031702499021776026,0.0032891184149775655,0.00011886851279996292,False
732,vit_base,Chefer-LRP,0.10021303761750461,0.3025703091174364,0.20235727149993177,False
732,vit_base,GradCAM,0.07100790543481708,0.36153267323970795,0.2905247678048909,False
732,vit_base,IntegratedGradients,0.2458071177825332,0.31962403580546384,0.07381691802293064,False
732,vit_base,Random,0.2615694774314761,0.11894371664966458,-0.14262576078181155,True
733,mobilevit_s,GradCAM,0.2660058783367277,0.3966580748558045,0.13065219651907684,False
733,mobilevit_s,IntegratedGradients,0.3445026189088822,0.39453439414501196,0.05003177523612978,False
733,mobilevit_s,Random,0.22030202616006136,0.20742828426882626,-0.012873741891235108,True
733,resnet50,GradCAM,0.4935741931200028,0.5,0.00642580687999722,False
733,resnet50,IntegratedGradients,0.4934324026107788,0.4999999731779099,0.006567570567131087,False
733,resnet50,LRP,0.4478374794125557,0.5,0.052162520587444305,False
733,resnet50,Random,0.36824301318847574,0.3314220109430608,-0.03682100224541496,True
733,vit_base,Chefer-LRP,0.39569575637578963,0.4111634999513626,0.015467743575572956,False
733,vit_base,GradCAM,0.3919184699654579,0.4168874278664589,0.024968957901000954,False
733,vit_base,IntegratedGradients,0.40632866173982624,0.4042017251253128,-0.0021269366145134083,True
733,vit_base,Random,0.3577691718935967,0.384042577445507,0.026273405551910323,False
734,mobilevit_s,GradCAM,0.1253302168333903,0.4447148278355598,0.3193846110021695,False
734,mobilevit_s,IntegratedGradients,0.3547655072063207,0.38157515972852707,0.02680965252220635,False
734,mobilevit_s,Random,0.2743475140538067,0.21197190577076983,-0.06237560828303687,True
734,resnet50,GradCAM,0.31659682886675,0.4999944269657135,0.1833975980989635,False
734,resnet50,IntegratedGradients,0.49704801142215727,0.49994900971651074,0.002900998294353474,False
734,resnet50,LRP,0.15049345018342136,0.4999925702810287,0.34949912009760736,False
734,resnet50,Random,0.37476050453260545,0.26267899665981537,-0.11208150787279009,True
734,vit_base,Chefer-LRP,0.31629102008882914,0.43002239763736727,0.11373137754853813,False
734,vit_base,GradCAM,0.394371316768229,0.4191412821412086,0.024769965372979597,False
734,vit_base,IntegratedGradients,0.42415778785943975,0.4159440115094185,-0.00821377635002124,True
734,vit_base,Random,0.4048106640577316,0.4084875896573067,0.0036769255995751093,False
735,mobilevit_s,GradCAM,0.14416865367675202,0.3648113548755646,0.22064270119881257,False
735,mobilevit_s,IntegratedGradients,0.3981322880834341,0.4246680735610425,0.02653578547760843,False
735,mobilevit_s,Random,0.32484979427590593,0.32092249124980304,-0.003927303026102891,True
735,resnet50,GradCAM,0.37918991679325703,0.4999993950128555,0.12080947821959848,False
735,resnet50,IntegratedGradients,0.4999708473682403,0.4999985367059708,2.7689337730452124e-05,False
735,resnet50,LRP,0.29610684332437814,0.4999990910291672,0.20389224770478903,False
735,resnet50,Random,0.23169891871511936,0.32581471443409105,0.09411579571897169,False
735,vit_base,Chefer-LRP,0.38055559769272806,0.42943648993968964,0.04888089224696157,False
735,vit_base,GradCAM,0.34215436019003387,0.4296715781092644,0.0875172179192305,False
735,vit_base,IntegratedGradients,0.43759546130895616,0.4415808379650116,0.003985376656055417,False
735,vit_base,Random,0.34644778370857243,0.33170168772339825,-0.014746095985174179,True
736,mobilevit_s,GradCAM,0.010605344499344938,0.1112692341208458,0.10066388962150086,False
736,mobilevit_s,IntegratedGradients,0.012441066566680092,0.2254305737093091,0.21298950714262901,False
736,mobilevit_s,Random,0.045220267064723894,0.024998882596264597,-0.020221384468459298,True
736,resnet50,GradCAM,0.05493336670642748,0.49863127022981646,0.443697903523389,False
736,resnet50,IntegratedGradients,0.07875231928628638,0.420782582461834,0.3420302631755476,False
736,resnet50,LRP,0.024882372135289193,0.4969314500689506,0.4720490779336614,False
736,resnet50,Random,0.11462599501746809,0.2063156379852444,0.09168964296777632,False
736,vit_base,Chefer-LRP,0.04789943309233422,0.3351188078522682,0.287219374759934,False
736,vit_base,GradCAM,0.06363720349472715,0.2894787222146988,0.22584151871997163,False
736,vit_base,IntegratedGradients,0.06432350565191881,0.32317412421107294,0.25885061855915414,False
736,vit_base,Random,0.21213042279705405,0.1487740225195012,-0.06335640027755285,True
737,mobilevit_s,GradCAM,0.2910826141014696,0.49447335004806525,0.20339073594659568,False
737,mobilevit_s,IntegratedGradients,0.231950293299451,0.42915793359279636,0.19720764029334537,False
737,mobilevit_s,Random,0.14392374203162037,0.06701925851521083,-0.07690448351640954,True
737,resnet50,GradCAM,0.1653492245823145,0.4999767169356346,0.3346274923533201,False
737,resnet50,IntegratedGradients,0.27708482984453436,0.40022346898913386,0.1231386391445995,False
737,resnet50,LRP,0.09256792722735555,0.4998093977570534,0.40724147052969784,False
737,resnet50,Random,0.1858197443652898,0.2987183454446495,0.11289860107935967,False
737,vit_base,Chefer-LRP,0.322122174501419,0.4477054461836815,0.12558327168226252,False
737,vit_base,GradCAM,0.2851710312068463,0.43399002403020864,0.14881899282336236,False
737,vit_base,IntegratedGradients,0.40449709147214885,0.44595957100391387,0.04146247953176502,False
737,vit_base,Random,0.3827229550573975,0.44302120208740237,0.06029824703000486,False
738,mobilevit_s,GradCAM,0.025260435986274393,0.4282317727804184,0.402971336794144,False
738,mobilevit_s,IntegratedGradients,0.1725473867103574,0.07021478992974153,-0.10233259678061588,True
738,mobilevit_s,Random,0.10204628880537712,0.04466274786555005,-0.057383540939827074,True
738,resnet50,GradCAM,0.08768768049776555,0.49999109208583836,0.4123034115880728,False
738,resnet50,IntegratedGradients,0.18035856204805895,0.49998430609703065,0.3196257440489717,False
738,resnet50,LRP,0.034001441707368935,0.4999760001897812,0.4659745584824123,False
738,resnet50,Random,0.2824401740857866,0.1659042364335619,-0.1165359376522247,True
738,vit_base,Chefer-LRP,0.1926428027683869,0.36444644778966906,0.17180364502128215,False
738,vit_base,GradCAM,0.12981344825821,0.34740238338708884,0.21758893512887884,False
738,vit_base,IntegratedGradients,0.15253355484455824,0.3324548721313476,0.17992131728678937,False
738,vit_base,Random,0.19766503835562618,0.27354655824601654,0.07588151989039035,False
739,mobilevit_s,GradCAM,0.019213213697366883,0.32550745755434035,0.30629424385697346,False
739,mobilevit_s,IntegratedGradients,0.027547041676734812,0.049344229279085994,0.021797187602351182,False
739,mobilevit_s,Random,0.026356704911449928,0.014153276095930778,-0.01220342881551915,True
739,resnet50,GradCAM,0.010112143674632534,0.26271269507706163,0.2526005514024291,False
739,resnet50,IntegratedGradients,0.003655221359804273,0.032223897372023205,0.028568676012218932,False
739,resnet50,LRP,0.008348360483068973,0.11480190493166446,0.10645354444859549,False
739,resnet50,Random,0.00422905784798786,0.004961098625790328,0.000732040777802468,False
739,vit_base,Chefer-LRP,0.02534827779745683,0.10140146175399423,0.0760531839565374,False
739,vit_base,GradCAM,0.023961763345869257,0.15831480994820596,0.1343530466023367,False
739,vit_base,IntegratedGradients,0.02717278817435727,0.03875077965203673,0.011577991477679458,False
739,vit_base,Random,0.020189806091366336,0.028243667684728278,0.008053861593361942,False
740,mobilevit_s,GradCAM,0.2830005702242488,0.48878510594367974,0.20578453571943095,False
740,mobilevit_s,IntegratedGradients,0.3178616851240805,0.486997652053833,0.16913596692975252,False
740,mobilevit_s,Random,0.4255560358986259,0.42866267673671243,0.0031066408380865385,False
740,resnet50,GradCAM,0.23372650966048242,0.4999993056058884,0.266272795945406,False
740,resnet50,IntegratedGradients,0.49866257458925245,0.4999353811144828,0.0012728065252303744,False
740,resnet50,LRP,0.1458138642366976,0.4999969869852066,0.35418312274850905,False
740,resnet50,Random,0.3381208364851773,0.2634176206600387,-0.07470321582513861,True
740,vit_base,Chefer-LRP,0.2588206555694342,0.35301485359668733,0.09419419802725315,False
740,vit_base,GradCAM,0.23700692143756896,0.34337966293096545,0.10637274149339648,False
740,vit_base,IntegratedGradients,0.3743194565176964,0.3620463095605374,-0.012273146957158976,True
740,vit_base,Random,0.33103825077414517,0.37408327460289004,0.043045023828744866,False
741,mobilevit_s,GradCAM,0.0800738855963573,0.16571392863988876,0.08564004304353147,False
741,mobilevit_s,IntegratedGradients,0.06470544295152651,0.09504173314198851,0.030336290190461995,False
741,mobilevit_s,Random,0.08271956021199003,0.08754913420125376,0.00482957398926373,False
741,resnet50,GradCAM,0.013824579323409124,0.3444793552160263,0.33065477589261716,False
741,resnet50,IntegratedGradients,0.011460567760514094,0.2023243922740221,0.190863824513508,False
741,resnet50,LRP,0.01536680350545794,0.3489193394780159,0.33355253597255796,False
741,resnet50,Random,0.03887438989477232,0.013556663278723137,-0.025317726616049183,True
741,vit_base,Chefer-LRP,0.024329755219514484,0.26425580978393554,0.23992605456442107,False
741,vit_base,GradCAM,0.034002462687203666,0.1839489840785973,0.14994652139139364,False
741,vit_base,IntegratedGradients,0.04939842250314542,0.08354530755896124,0.03414688505581582,False
741,vit_base,Random,0.03591607830312569,0.06834508876781913,0.03242901046469344,False
742,mobilevit_s,GradCAM,0.09543822433333844,0.3826759740710259,0.28723774973768745,False
742,mobilevit_s,IntegratedGradients,0.05323572715187766,0.3502607807517052,0.29702505359982756,False
742,mobilevit_s,Random,0.14172765193507075,0.12427074152510614,-0.01745691040996461,True
742,resnet50,GradCAM,0.09716211765189656,0.4777721121907234,0.3806099945388268,False
742,resnet50,IntegratedGradients,0.11010884324787185,0.47676734328269954,0.3666585000348277,False
742,resnet50,LRP,0.07069136197678745,0.48663111180067065,0.4159397498238832,False
742,resnet50,Random,0.27224806226004156,0.39451305847615004,0.12226499621610848,False
742,vit_base,Chefer-LRP,0.24442759715020657,0.36993726193904874,0.12550966478884218,False
742,vit_base,GradCAM,0.27771840393543246,0.36144656538963316,0.0837281614542007,False
742,vit_base,IntegratedGradients,0.29898513704538343,0.3798843413591385,0.08089920431375508,False
742,vit_base,Random,0.2912876501679421,0.30488305762410167,0.013595407456159558,False
743,mobilevit_s,GradCAM,0.007780651947541629,0.11157574523240327,0.10379509328486164,False
743,mobilevit_s,IntegratedGradients,0.04807321475818754,0.11593878660351038,0.06786557184532285,False
743,mobilevit_s,Random,0.18419533786363904,0.17320010889088736,-0.01099522897275168,True
743,resnet50,GradCAM,0.008352621280937457,0.032137943059206,0.023785321778268545,False
743,resnet50,IntegratedGradients,0.02774086284916848,0.05240954775363207,0.024668684904463587,False
743,resnet50,LRP,0.003851209933054633,0.057645544409751885,0.05379433447669725,False
743,resnet50,Random,0.04869042553473264,0.09019246406824097,0.041502038533508326,False
743,vit_base,Chefer-LRP,0.005110617901664227,0.04438914842903614,0.039278530527371916,False
743,vit_base,GradCAM,0.0053898839687462905,0.045247375033795834,0.039857491065049544,False
743,vit_base,IntegratedGradients,0.02296313991537318,0.07902174685150384,0.05605860693613066,False
743,vit_base,Random,0.10003436598926782,0.04224437242373825,-0.05778999356552957,True
744,mobilevit_s,GradCAM,0.241605811053887,0.4590653717517853,0.2174595606978983,False
744,mobilevit_s,IntegratedGradients,0.4375601470470429,0.4568491578102112,0.0192890107631683,False
744,mobilevit_s,Random,0.41881684064865116,0.41461061909794805,-0.004206221550703104,True
744,resnet50,GradCAM,0.41201708728913217,0.4999738425016403,0.08795675521250812,False
744,resnet50,IntegratedGradients,0.49974175244569774,0.37702276129275564,-0.1227189911529421,True
744,resnet50,LRP,0.2115665718098171,0.499991774559021,0.2884252027492039,False
744,resnet50,Random,0.206927954684943,0.22126034724060448,0.014332392555661488,False
744,vit_base,Chefer-LRP,0.381866580247879,0.35279807150363923,-0.029068508744239774,True
744,vit_base,GradCAM,0.26940842082258315,0.3911239936947823,0.12171557287219914,False
744,vit_base,IntegratedGradients,0.3272042766213417,0.2897259695455432,-0.03747830707579852,True
744,vit_base,Random,0.31603581756353377,0.29778472445905213,-0.01825109310448164,True
745,mobilevit_s,GradCAM,0.10950137600302697,0.19368648007512093,0.08418510407209397,False
745,mobilevit_s,IntegratedGradients,0.11267069778405131,0.07614488918334245,-0.036525808600708864,True
745,mobilevit_s,Random,0.025071926321834328,0.021939387405291205,-0.0031325389165431233,True
745,resnet50,GradCAM,0.4014042042195797,0.45625452399253846,0.05485031977295879,False
745,resnet50,IntegratedGradients,0.3015616983175277,0.24658682281151412,-0.0549748755060136,True
745,resnet50,LRP,0.2132891507120803,0.3854837372899056,0.1721945865778253,False
745,resnet50,Random,0.12019274858757856,0.11803698297590018,-0.0021557656116783785,True
745,vit_base,Chefer-LRP,0.3874006062746048,0.4249800637364387,0.03757945746183389,False
745,vit_base,GradCAM,0.4145081400871277,0.42801651656627654,0.01350837647914882,False
745,vit_base,IntegratedGradients,0.3515412457287312,0.41789465099573136,0.06635340526700018,False
745,vit_base,Random,0.35393761117011313,0.2822434067726136,-0.07169420439749952,True
746,mobilevit_s,GradCAM,0.03224399292375892,0.16308996491134167,0.13084597198758274,False
746,mobilevit_s,IntegratedGradients,0.1194807833991945,0.1129510486032814,-0.006529734795913109,True
746,mobilevit_s,Random,0.04921754077658989,0.05361203889333411,0.004394498116744222,False
746,resnet50,GradCAM,0.00572198061272502,0.026968246279284357,0.021246265666559336,False
746,resnet50,IntegratedGradients,0.006986685271112947,0.03171258126385511,0.02472589599274216,False
746,resnet50,LRP,0.006525329977739603,0.005854097625706344,-0.0006712323520332584,True
746,resnet50,Random,0.0022864838116220198,0.007956248092727946,0.005669764281105926,False
746,vit_base,Chefer-LRP,0.10049813343212008,0.34320297092199326,0.24270483748987318,False
746,vit_base,GradCAM,0.09013816402293742,0.31548097878694537,0.22534281476400794,False
746,vit_base,IntegratedGradients,0.15273861568421127,0.19271100405603647,0.03997238837182521,False
746,vit_base,Random,0.0797784210415557,0.10652650397387332,0.02674808293231762,False
747,mobilevit_s,GradCAM,0.05590124148875475,0.06563017945736647,0.009728937968611726,False
747,mobilevit_s,IntegratedGradients,0.11875602900981905,0.04034298821352423,-0.07841304079629483,True
747,mobilevit_s,Random,0.043925015385320884,0.04704054835892748,0.0031155329736065954,False
747,resnet50,GradCAM,0.027154142037034035,0.19559918493032452,0.1684450428932905,False
747,resnet50,IntegratedGradients,0.04382115770131349,0.14566361755132673,0.10184245985001324,False
747,resnet50,LRP,0.029388633091002703,0.15465315505862237,0.12526452196761967,False
747,resnet50,Random,0.05559159052791074,0.04081954921130092,-0.014772041316609821,True
747,vit_base,Chefer-LRP,0.16509977616369725,0.22852700836956502,0.06342723220586777,False
747,vit_base,GradCAM,0.18995704948902128,0.1937861949205399,0.0038291454315186046,False
747,vit_base,IntegratedGradients,0.1813404276967049,0.12236383743584157,-0.05897659026086331,True
747,vit_base,Random,0.16809154134243728,0.19460674934089187,0.026515207998454582,False
748,mobilevit_s,GradCAM,0.33819585740566255,0.4203923493623733,0.08219649195671075,False
748,mobilevit_s,IntegratedGradients,0.21746375664370135,0.4571393683552742,0.23967561171157284,False
748,mobilevit_s,Random,0.2965497133845929,0.24286616861354562,-0.05368354477104728,True
748,resnet50,GradCAM,0.4997441709041596,0.49999767541885376,0.00025350451469413615,False
748,resnet50,IntegratedGradients,0.4981380268931389,0.4999902367591858,0.0018522098660468944,False
748,resnet50,LRP,0.4573818758130073,0.49995386898517613,0.04257199317216881,False
748,resnet50,Random,0.43831267291679976,0.3239016232924769,-0.11441104962432286,True
748,vit_base,Chefer-LRP,0.4077921196818352,0.4170836597681046,0.009291540086269368,False
748,vit_base,GradCAM,0.4070570766925812,0.4122925773262977,0.005235500633716528,False
748,vit_base,IntegratedGradients,0.3876101091504097,0.4329383224248886,0.04532821327447889,False
748,vit_base,Random,0.4254011243581772,0.42191041558980946,-0.003490708768367712,True
749,mobilevit_s,GradCAM,0.007720694184536114,0.2793665327131748,0.27164583852863866,False
749,mobilevit_s,IntegratedGradients,0.0073417620413238184,0.1993953641504049,0.1920536021090811,False
749,mobilevit_s,Random,0.009906307088749601,0.01647462203509349,0.006568314946343887,False
749,resnet50,GradCAM,0.13146095762785992,0.4972943112254143,0.36583335359755437,False
749,resnet50,IntegratedGradients,0.1489136775606312,0.41363155990839007,0.26471788234775884,False
749,resnet50,LRP,0.027714049024507404,0.4980794176459312,0.4703653686214238,False
749,resnet50,Random,0.27126268334686754,0.2067257148853969,-0.06453696846147064,True
749,vit_base,Chefer-LRP,0.08591766596655363,0.30326899588108064,0.217351329914527,False
749,vit_base,GradCAM,0.10162693422171289,0.31501166969537736,0.2133847354736645,False
749,vit_base,IntegratedGradients,0.2200983113609255,0.29841795824468137,0.07831964688375587,False
749,vit_base,Random,0.14186801281757655,0.1434439389500767,0.001575926132500155,False
750,mobilevit_s,GradCAM,0.0006730421002430376,0.002769946242915467,0.0020969041426724296,False
750,mobilevit_s,IntegratedGradients,0.0010649809228198137,0.00037068846386318916,-0.0006942924589566245,True
750,mobilevit_s,Random,0.0007649129009223544,0.00045353140703809915,-0.0003113814938842552,True
750,resnet50,GradCAM,0.00106675687347888,0.004038232774473727,0.0029714759009948468,False
750,resnet50,IntegratedGradients,0.0011544569584657437,0.001877901257830672,0.0007234442993649282,False
750,resnet50,LRP,0.0014668396317574662,0.001506066744332202,3.922711257473574e-05,False
750,resnet50,Random,0.0011228686402318998,0.0009355570888146759,-0.00018731155141722385,True
750,vit_base,Chefer-LRP,0.004793672930100002,0.028763497341424228,0.023969824411324225,False
750,vit_base,GradCAM,0.005422396084759385,0.020424818014726044,0.01500242192996666,False
750,vit_base,IntegratedGradients,0.004209417966194451,0.03028682405129075,0.0260774060850963,False
750,vit_base,Random,0.015312390355393292,0.02078322034794837,0.005470829992555078,False
751,mobilevit_s,GradCAM,0.17231840440072121,0.4250922992825509,0.25277389488182966,False
751,mobilevit_s,IntegratedGradients,0.12034160171024269,0.48546864092350006,0.3651270392132574,False
751,mobilevit_s,Random,0.24816260540974328,0.17559269285520718,-0.0725699125545361,True
751,resnet50,GradCAM,0.22226124005392192,0.49912740886211393,0.27686616880819204,False
751,resnet50,IntegratedGradients,0.35470580980181693,0.4991193041205406,0.1444134943187237,False
751,resnet50,LRP,0.11179305640253007,0.4991596490144729,0.38736659261194284,False
751,resnet50,Random,0.4741168335080147,0.357398554350948,-0.11671827915706673,True
751,vit_base,Chefer-LRP,0.256980835669674,0.42019138038158416,0.16321054471191015,False
751,vit_base,GradCAM,0.2768745987443254,0.40950487256050105,0.13263027381617565,False
751,vit_base,IntegratedGradients,0.4328310415148735,0.4124146714806557,-0.020416370034217812,True
751,vit_base,Random,0.40632985979318614,0.39059635400772097,-0.015733505785465174,True
752,mobilevit_s,GradCAM,0.008648150291992352,0.08224132554605604,0.07359317525406368,False
752,mobilevit_s,IntegratedGradients,0.010073746245961957,0.016111511492636055,0.006037765246674098,False
752,mobilevit_s,Random,0.009160109216463753,0.00815167335458682,-0.001008435861876933,True
752,resnet50,GradCAM,0.06364442796329968,0.26821855939924716,0.2045741314359475,False
752,resnet50,IntegratedGradients,0.03786000325926579,0.126381283858791,0.0885212805995252,False
752,resnet50,LRP,0.0292858807137236,0.31930842595174913,0.2900225452380255,False
752,resnet50,Random,0.05222815985907802,0.027641626575677952,-0.024586533283400068,True
752,vit_base,Chefer-LRP,0.0033329586047329946,0.12793815461918712,0.12460519601445412,False
752,vit_base,GradCAM,0.004672210582066328,0.16934211645275352,0.1646699058706872,False
752,vit_base,IntegratedGradients,0.032422186154872176,0.0074793580861296505,-0.024942828068742526,True
752,vit_base,Random,0.010591879510320723,0.016590675385668874,0.005998795875348151,False
753,mobilevit_s,GradCAM,0.013274760387139397,0.04912836914882064,0.03585360876168124,False
753,mobilevit_s,IntegratedGradients,0.0148022955556371,0.022459898097440603,0.007657602541803503,False
753,mobilevit_s,Random,0.012345461020231594,0.014494186722913582,0.002148725702681988,False
753,resnet50,GradCAM,0.12694104481488466,0.4189736410975456,0.29203259628266093,False
753,resnet50,IntegratedGradients,0.10032481383532288,0.22491269973106687,0.12458788589574399,False
753,resnet50,LRP,0.03741968162576086,0.36359363645315174,0.32617395482739087,False
753,resnet50,Random,0.03861867896048352,0.05255673271603883,0.013938053755555305,False
753,vit_base,Chefer-LRP,0.2544184090569616,0.421484199166298,0.16706579010933637,False
753,vit_base,GradCAM,0.14946205154410566,0.42008032053709027,0.2706182689929846,False
753,vit_base,IntegratedGradients,0.38654913753271103,0.32598752137273557,-0.06056161615997546,True
753,vit_base,Random,0.23917979422258215,0.22623225322458893,-0.012947540997993223,True
754,mobilevit_s,GradCAM,0.34500907659530644,0.44654772281646726,0.10153864622116082,False
754,mobilevit_s,IntegratedGradients,0.223131257109344,0.43594662696123126,0.21281536985188726,False
754,mobilevit_s,Random,0.30498022160027183,0.30770203843712807,0.002721816836856239,False
754,resnet50,GradCAM,0.27977308556437497,0.4706881493330002,0.19091506376862521,False
754,resnet50,IntegratedGradients,0.41477167159318923,0.4188899606466293,0.004118289053440083,False
754,resnet50,LRP,0.2811494283378124,0.47623216658830647,0.19508273825049405,False
754,resnet50,Random,0.299766531730711,0.17763362757395953,-0.12213290415675146,True
754,vit_base,Chefer-LRP,0.3152706511318684,0.3612074792385102,0.04593682810664179,False
754,vit_base,GradCAM,0.17203773446381093,0.37432539612054827,0.20228766165673734,False
754,vit_base,IntegratedGradients,0.34466757625341415,0.284817910194397,-0.05984966605901715,True
754,vit_base,Random,0.3274526387453079,0.3678348675370216,0.040382228791713715,False
755,mobilevit_s,GradCAM,0.03244633432477713,0.039706331188790495,0.0072599968640133655,False
755,mobilevit_s,IntegratedGradients,0.20037148585543038,0.05298552340827883,-0.14738596244715155,True
755,mobilevit_s,Random,0.06824707500636577,0.048317169758956884,-0.01992990524740889,True
755,resnet50,GradCAM,0.05974677337799222,0.35045711994171147,0.29071034656371925,False
755,resnet50,IntegratedGradients,0.40878531411290164,0.12390367058105768,-0.284881643531844,True
755,resnet50,LRP,0.038308766263071455,0.4341279163956642,0.3958191501325928,False
755,resnet50,Random,0.23088608050311454,0.16179203459323618,-0.06909404590987836,True
755,vit_base,Chefer-LRP,0.27239836081862445,0.32401963919401167,0.051621278375387214,False
755,vit_base,GradCAM,0.13330278471112253,0.3340028464794159,0.2007000617682934,False
755,vit_base,IntegratedGradients,0.16112075112760066,0.29171321243047715,0.1305924613028765,False
755,vit_base,Random,0.3675989545881748,0.3765835329890251,0.008984578400850263,False
756,mobilevit_s,GradCAM,0.09225081656477417,0.3816850505769253,0.2894342340121511,False
756,mobilevit_s,IntegratedGradients,0.2506323224282824,0.42101097553968436,0.170378653111402,False
756,mobilevit_s,Random,0.22861418767133732,0.3077663623786066,0.07915217470726929,False
756,resnet50,GradCAM,0.15332678757258694,0.48977880030870435,0.3364520127361174,False
756,resnet50,IntegratedGradients,0.08245710202027114,0.4344122648239136,0.3519551628036425,False
756,resnet50,LRP,0.06085914973518812,0.4853380352258682,0.4244788854906801,False
756,resnet50,Random,0.13817207262618464,0.1736410006924416,0.035468928066256955,False
756,vit_base,Chefer-LRP,0.05013252305798233,0.38193717747926714,0.3318046544212848,False
756,vit_base,GradCAM,0.030264069209806625,0.39605229049921037,0.36578822128940375,False
756,vit_base,IntegratedGradients,0.07966617329511792,0.38346232324838636,0.3037961499532684,False
756,vit_base,Random,0.23103164364583792,0.24936816655099397,0.018336522905156055,False
757,mobilevit_s,GradCAM,0.006280685371893925,0.040217264718376104,0.03393657934648218,False
757,mobilevit_s,IntegratedGradients,0.03261805090587586,0.050469543947838244,0.01785149304196238,False
757,mobilevit_s,Random,0.07251911214552821,0.12605762796010825,0.05353851581458004,False
757,resnet50,GradCAM,0.0008761292236158624,0.05310546086984687,0.052229331646231,False
757,resnet50,IntegratedGradients,0.0013994130771607161,0.005914306786144152,0.004514893708983435,False
757,resnet50,LRP,0.01669750091969036,0.0005778555409051479,-0.01611964537878521,True
757,resnet50,Random,0.005666793108684943,0.0013117538474034518,-0.004355039261281491,True
757,vit_base,Chefer-LRP,0.021335057003307158,0.3704564332962036,0.3491213762928964,False
757,vit_base,GradCAM,0.020376914399093952,0.2986192308366299,0.27824231643753594,False
757,vit_base,IntegratedGradients,0.019430392998037862,0.32906199991703033,0.3096316069189925,False
757,vit_base,Random,0.1907989864703268,0.2275801042094827,0.03678111773915588,False
758,mobilevit_s,GradCAM,0.12147633507847787,0.44664588719606396,0.3251695521175861,False
758,mobilevit_s,IntegratedGradients,0.1523403064347804,0.2673264795914292,0.1149861731566488,False
758,mobilevit_s,Random,0.294337970239576,0.168436738543096,-0.12590123169648,True
758,resnet50,GradCAM,0.17886793111683805,0.4960236713290214,0.3171557402121834,False
758,resnet50,IntegratedGradients,0.0870308426034171,0.48830939233303067,0.4012785497296136,False
758,resnet50,LRP,0.02705973725878721,0.4966856315732002,0.46962589431441304,False
758,resnet50,Random,0.12956040743447375,0.13853669053642081,0.008976283101947063,False
758,vit_base,Chefer-LRP,0.1705454219132662,0.18483343012630943,0.01428800821304324,False
758,vit_base,GradCAM,0.09955158755183222,0.23673782646656036,0.13718623891472814,False
758,vit_base,IntegratedGradients,0.1095282876631245,0.1085042794700712,-0.0010240081930533024,True
758,vit_base,Random,0.12095503380987795,0.09154041083529592,-0.029414622974582028,True
759,mobilevit_s,GradCAM,0.4355789244174958,0.4564057141542434,0.02082678973674762,False
759,mobilevit_s,IntegratedGradients,0.23603470772504806,0.41858203560113905,0.182547327876091,False
759,mobilevit_s,Random,0.09436817467285437,0.09043751515564509,-0.003930659517209278,True
759,resnet50,GradCAM,0.4999061465263367,0.49999991655349735,9.377002716065563e-05,False
759,resnet50,IntegratedGradients,0.4948378324508667,0.45373062454164037,-0.04110720790922634,True
759,resnet50,LRP,0.34474755653645844,0.49933114051818844,0.15458358398173,False
759,resnet50,Random,0.21486450628144668,0.25867409649836187,0.04380959021691519,False
759,vit_base,Chefer-LRP,0.39737263917922977,0.41985393911600116,0.022481299936771393,False
759,vit_base,GradCAM,0.36341954916715624,0.4308955550193786,0.06747600585222235,False
759,vit_base,IntegratedGradients,0.4105556428432465,0.3454582870006561,-0.06509735584259041,True
759,vit_base,Random,0.34538127845153216,0.32376620359718805,-0.021615074854344107,True
760,mobilevit_s,GradCAM,0.06854539047926665,0.4391179546713829,0.37057256419211626,False
760,mobilevit_s,IntegratedGradients,0.2033707095310092,0.23869853541254998,0.03532782588154079,False
760,mobilevit_s,Random,0.11069851852953434,0.13161065387539567,0.020912135345861324,False
760,resnet50,GradCAM,0.3446747541427613,0.49642435610294344,0.15174960196018217,False
760,resnet50,IntegratedGradients,0.2773703865706921,0.4271063715219498,0.14973598495125773,False
760,resnet50,LRP,0.1333103290759027,0.4968385472893715,0.3635282182134688,False
760,resnet50,Random,0.0861826052365359,0.12047167336568239,0.03428906812914649,False
760,vit_base,Chefer-LRP,0.29895227402448654,0.4035490334033966,0.10459675937891005,False
760,vit_base,GradCAM,0.24187918081879617,0.39412242323160174,0.15224324241280557,False
760,vit_base,IntegratedGradients,0.37603967487812046,0.33647145330905914,-0.03956822156906131,True
760,vit_base,Random,0.3591592043638229,0.3145326916128397,-0.04462651275098323,True
761,mobilevit_s,GradCAM,0.3979621980339289,0.4470120206475258,0.049049822613596916,False
761,mobilevit_s,IntegratedGradients,0.4259969711303711,0.2052567310398445,-0.22074024009052662,True
761,mobilevit_s,Random,0.3764238296542317,0.3725701198331081,-0.0038537098211235965,True
761,resnet50,GradCAM,0.4994390696287155,0.49999971091747275,0.0005606412887572687,False
761,resnet50,IntegratedGradients,0.4895851701498032,0.4999994635581969,0.010414293408393727,False
761,resnet50,LRP,0.3759845624212176,0.4999998569488525,0.12401529452763493,False
761,resnet50,Random,0.33515239661792295,0.3290480413823389,-0.006104355235584058,True
761,vit_base,Chefer-LRP,0.4273011803627014,0.4048827588558197,-0.022418421506881725,True
761,vit_base,GradCAM,0.3707987114787102,0.4389518886804581,0.0681531772017479,False
761,vit_base,IntegratedGradients,0.4265927463769913,0.3899475455284119,-0.03664520084857942,True
761,vit_base,Random,0.3460606597363949,0.3926387086510658,0.04657804891467093,False
762,mobilevit_s,GradCAM,0.15132577368058264,0.47049072980880735,0.3191649561282247,False
762,mobilevit_s,IntegratedGradients,0.10903125372715296,0.448552331328392,0.33952107760123906,False
762,mobilevit_s,Random,0.35792315457947554,0.310608911793679,-0.047314242785796545,True
762,resnet50,GradCAM,0.3221369296312332,0.4986454799771309,0.17650855034589769,False
762,resnet50,IntegratedGradients,0.35965552628040315,0.47896901667118075,0.1193134903907776,False
762,resnet50,LRP,0.09626874492969364,0.4954221278429032,0.39915338291320956,False
762,resnet50,Random,0.2576254771556706,0.24978036787360908,-0.007845109282061502,True
762,vit_base,Chefer-LRP,0.35247842222452164,0.42384170293807977,0.07136328071355813,False
762,vit_base,GradCAM,0.37544195204973224,0.4249448791146278,0.04950292706489556,False
762,vit_base,IntegratedGradients,0.41776556223630906,0.35880791246891025,-0.05895764976739881,True
762,vit_base,Random,0.4149345576763153,0.3920833542943001,-0.02285120338201524,True
763,mobilevit_s,GradCAM,0.3101941905915737,0.40905785858631133,0.09886366799473761,False
763,mobilevit_s,IntegratedGradients,0.34908026680350307,0.3995584025979042,0.050478135794401136,False
763,mobilevit_s,Random,0.2913121945690364,0.23996461068891223,-0.05134758388012417,True
763,resnet50,GradCAM,0.3644858716404997,0.4999942034482956,0.13550833180779587,False
763,resnet50,IntegratedGradients,0.3703235528431833,0.49902352094650276,0.12869996810331946,False
763,resnet50,LRP,0.11488613884772578,0.4999468341469765,0.3850606952992507,False
763,resnet50,Random,0.21411793355364353,0.37072761121671655,0.15660967766307302,False
763,vit_base,Chefer-LRP,0.3247007153928281,0.39667338132858276,0.07197266593575469,False
763,vit_base,GradCAM,0.282905126363039,0.40558180212974543,0.12267667576670643,False
763,vit_base,IntegratedGradients,0.32295152321457865,0.376923493295908,0.05397197008132937,False
763,vit_base,Random,0.35563839673995973,0.3862037152051926,0.03056531846523286,False
764,mobilevit_s,GradCAM,0.04974779321346432,0.014170688440208322,-0.035577104773256,True
764,mobilevit_s,IntegratedGradients,0.02193690536714712,0.16133603248745204,0.13939912712030492,False
764,mobilevit_s,Random,0.04140229176482535,0.01677482616796624,-0.02462746559685911,True
764,resnet50,GradCAM,0.04717582352459431,0.2003972981125116,0.1532214745879173,False
764,resnet50,IntegratedGradients,0.07135145431384446,0.16404013670980933,0.09268868239596487,False
764,resnet50,LRP,0.048924805223941804,0.19465480037033556,0.14572999514639376,False
764,resnet50,Random,0.0155172821279848,0.022275922255357735,0.006758640127372935,False
764,vit_base,Chefer-LRP,0.4144401431083679,0.4186162695288658,0.0041761264204979165,False
764,vit_base,GradCAM,0.41241226792335517,0.4350590661168098,0.02264679819345461,False
764,vit_base,IntegratedGradients,0.3489561270922423,0.4348102957010269,0.08585416860878464,False
764,vit_base,Random,0.33134164288640017,0.2608420578762889,-0.07049958501011128,True
765,mobilevit_s,GradCAM,0.023874081021494936,0.40763141810894016,0.3837573370874452,False
765,mobilevit_s,IntegratedGradients,0.12300344569375737,0.407577146589756,0.28457370089599865,False
765,mobilevit_s,Random,0.2587346671447449,0.25790925562250777,-0.0008254115222371405,True
765,resnet50,GradCAM,0.07587543459376321,0.47744338810443876,0.40156795351067553,False
765,resnet50,IntegratedGradients,0.07269404185935856,0.40580274462699895,0.3331087027676404,False
765,resnet50,LRP,0.023208109696861354,0.44925240576267245,0.42604429606581107,False
765,resnet50,Random,0.05050161034450867,0.07289849938824773,0.022396889043739064,False
765,vit_base,Chefer-LRP,0.043190410546958435,0.23892837315797805,0.1957379626110196,False
765,vit_base,GradCAM,0.035963589034508914,0.3133809462189674,0.2774173571844585,False
765,vit_base,IntegratedGradients,0.15459385681897403,0.14220689758658409,-0.012386959232389944,True
765,vit_base,Random,0.16589503251016138,0.2127160459756851,0.046821013465523725,False
766,mobilevit_s,GradCAM,0.03733820519410074,0.16928229918703439,0.13194409399293364,False
766,mobilevit_s,IntegratedGradients,0.06474330784985796,0.15063482117839155,0.08589151332853359,False
766,mobilevit_s,Random,0.09181854065100198,0.16797027371794684,0.07615173306694487,False
766,resnet50,GradCAM,0.37420182116329676,0.499805024266243,0.12560320310294626,False
766,resnet50,IntegratedGradients,0.1875825893046567,0.4999483421444893,0.3123657528398326,False
766,resnet50,LRP,0.18435052305285354,0.4998462885618209,0.31549576550896735,False
766,resnet50,Random,0.16543570722569714,0.16185043753939682,-0.003585269686300324,True
766,vit_base,Chefer-LRP,0.40000227019190787,0.4239431276917458,0.02394085749983793,False
766,vit_base,GradCAM,0.4014663362875581,0.405713863670826,0.004247527383267891,False
766,vit_base,IntegratedGradients,0.31461955383419987,0.43350360989570624,0.11888405606150637,False
766,vit_base,Random,0.3549766425043344,0.33958780169487,-0.0153888408094644,True
767,mobilevit_s,GradCAM,0.1546177200289094,0.45677160471677786,0.30215388468786847,False
767,mobilevit_s,IntegratedGradients,0.16289412010228263,0.029409370792564005,-0.13348474930971863,True
767,mobilevit_s,Random,0.03541564904298867,0.02747421516687609,-0.00794143387611258,True
767,resnet50,GradCAM,0.3048958459869028,0.4972938701510429,0.19239802416414015,False
767,resnet50,IntegratedGradients,0.47433450669050214,0.33655066457577054,-0.1377838421147316,True
767,resnet50,LRP,0.09888539770618082,0.44580245018005377,0.34691705247387294,False
767,resnet50,Random,0.1397320682182908,0.22886605565436183,0.08913398743607104,False
767,vit_base,Chefer-LRP,0.31776850633323195,0.41481270343065263,0.09704419709742068,False
767,vit_base,GradCAM,0.25828367681242526,0.4132689967751503,0.15498531996272502,False
767,vit_base,IntegratedGradients,0.34723461978137493,0.35698159933090207,0.009746979549527135,False
767,vit_base,Random,0.2816025119274855,0.35586891900748024,0.07426640707999477,False
768,mobilevit_s,GradCAM,0.3127586313523353,0.4643881291151047,0.1516294977627694,False
768,mobilevit_s,IntegratedGradients,0.3839549154043198,0.4689273372292519,0.08497242182493209,False
768,mobilevit_s,Random,0.1841678293698351,0.17592607723199766,-0.008241752137837455,True
768,resnet50,GradCAM,0.49998230785131453,0.5,1.7692148685466424e-05,False
768,resnet50,IntegratedGradients,0.4999999850988388,0.4996206656098366,-0.0003793194890022167,True
768,resnet50,LRP,0.32447008704766633,0.5,0.17552991295233367,False
768,resnet50,Random,0.48366364240646365,0.45589007958769806,-0.027773562818765585,True
768,vit_base,Chefer-LRP,0.4068009212613106,0.42922599911689757,0.02242507785558695,False
768,vit_base,GradCAM,0.4089543491601944,0.43165329992771145,0.022698950767517045,False
768,vit_base,IntegratedGradients,0.41669100672006604,0.44482674449682236,0.02813573777675632,False
768,vit_base,Random,0.40461107492446907,0.40046330690383913,-0.004147768020629938,True
769,mobilevit_s,GradCAM,0.07915213139494882,0.2915024235844612,0.2123502921895124,False
769,mobilevit_s,IntegratedGradients,0.24508468732237815,0.16815525144338606,-0.07692943587899209,True
769,mobilevit_s,Random,0.05506521640527354,0.05834071752906312,0.003275501123789583,False
769,resnet50,GradCAM,0.48930905312299733,0.4953603997826576,0.006051346659660284,False
769,resnet50,IntegratedGradients,0.43556399494409564,0.46164160370826723,0.02607760876417159,False
769,resnet50,LRP,0.27050534957088535,0.47615737020969395,0.2056520206388086,False
769,resnet50,Random,0.1446166364126839,0.19681078110588718,0.05219414469320327,False
769,vit_base,Chefer-LRP,0.24157189894467596,0.396779665350914,0.15520776640623807,False
769,vit_base,GradCAM,0.2541216015815735,0.38841689229011533,0.13429529070854185,False
769,vit_base,IntegratedGradients,0.2792595952749253,0.41216571927070617,0.1329061239957809,False
769,vit_base,Random,0.27813471183180805,0.30330071002244946,0.025165998190641414,False
770,mobilevit_s,GradCAM,0.3435121156275272,0.453012028336525,0.10949991270899778,False
770,mobilevit_s,IntegratedGradients,0.4281099185347556,0.38357026726007465,-0.04453965127468096,True
770,mobilevit_s,Random,0.21744931888315477,0.26681187098547526,0.04936255210232049,False
770,resnet50,GradCAM,0.4074227623641491,0.4985153004527092,0.0910925380885601,False
770,resnet50,IntegratedGradients,0.4845119461417198,0.4889056190848351,0.004393672943115323,False
770,resnet50,LRP,0.2962661299854517,0.4987358689308167,0.20246973894536496,False
770,resnet50,Random,0.4639828324317933,0.3851700950413943,-0.07881273739039896,True
770,vit_base,Chefer-LRP,0.221621785312891,0.40584335625171664,0.18422157093882563,False
770,vit_base,GradCAM,0.20006630457937719,0.40012724548578266,0.20006094090640547,False
770,vit_base,IntegratedGradients,0.4122450947761535,0.26391397230327135,-0.14833112247288216,True
770,vit_base,Random,0.3862295672297478,0.35605912134051326,-0.030170445889234565,True
771,mobilevit_s,GradCAM,0.20245809653424657,0.4030929684638977,0.20063487192965113,False
771,mobilevit_s,IntegratedGradients,0.04288927121669985,0.38718660175800323,0.3442973305413034,False
771,mobilevit_s,Random,0.0895217461145876,0.05479326673239484,-0.03472847938219276,True
771,resnet50,GradCAM,0.24347258298657837,0.3922002971172333,0.14872771413065494,False
771,resnet50,IntegratedGradients,0.3467315733432769,0.45826336592435835,0.11153179258108142,False
771,resnet50,LRP,0.24435236754361545,0.4475081354379654,0.20315576789434997,False
771,resnet50,Random,0.3055842804722488,0.17857709915842862,-0.12700718131382016,True
771,vit_base,Chefer-LRP,0.20911981612443922,0.4218206360936164,0.2127008199691772,False
771,vit_base,GradCAM,0.21628539115190504,0.4200894951820373,0.20380410403013227,False
771,vit_base,IntegratedGradients,0.41463291943073277,0.37318011373281484,-0.04145280569791793,True
771,vit_base,Random,0.313774523511529,0.2876781955361366,-0.026096327975392408,True
772,mobilevit_s,GradCAM,0.028568094887305055,0.3715117871761322,0.34294369228882715,False
772,mobilevit_s,IntegratedGradients,0.3930984392762184,0.2864559097215533,-0.10664252955466508,True
772,mobilevit_s,Random,0.3652427263557911,0.31385400700964966,-0.05138871934614142,True
772,resnet50,GradCAM,0.05733207794546616,0.4856928676366806,0.4283607896912145,False
772,resnet50,IntegratedGradients,0.05483986886683852,0.49657682329416275,0.44173695442732425,False
772,resnet50,LRP,0.02654559037764557,0.49403343498706814,0.46748784460942255,False
772,resnet50,Random,0.3128021835611435,0.26477837698184886,-0.048023806579294614,True
772,vit_base,Chefer-LRP,0.02394711379893124,0.18196244947612286,0.15801533567719162,False
772,vit_base,GradCAM,0.03886436745524407,0.18954715095460414,0.15068278349936007,False
772,vit_base,IntegratedGradients,0.19929281435906887,0.12728271298110486,-0.07201010137796401,True
772,vit_base,Random,0.29840125851333144,0.25857419334352016,-0.03982706516981127,True
773,mobilevit_s,GradCAM,0.05848276680335403,0.41918059587478634,0.36069782907143233,False
773,mobilevit_s,IntegratedGradients,0.14193342728540304,0.2962193198502064,0.15428589256480335,False
773,mobilevit_s,Random,0.3148796707391739,0.30617476850748065,-0.008704902231693235,True
773,resnet50,GradCAM,0.36900579258799554,0.3287056840956211,-0.04030010849237442,True
773,resnet50,IntegratedGradients,0.09725636092480272,0.35452400669455525,0.25726764576975253,False
773,resnet50,LRP,0.11384172663092612,0.35159916207194325,0.23775743544101713,False
773,resnet50,Random,0.40709621552377945,0.30214704461750447,-0.10494917090627498,True
773,vit_base,Chefer-LRP,0.1930154539644718,0.4403896480798721,0.24737419411540026,False
773,vit_base,GradCAM,0.35129235833883293,0.43725511729717254,0.0859627589583396,False
773,vit_base,IntegratedGradients,0.27782451137900355,0.4372009545564652,0.15937644317746164,False
773,vit_base,Random,0.4313447520136833,0.44166778475046153,0.01032303273677826,False
774,mobilevit_s,GradCAM,0.4225829064846039,0.4132327690720558,-0.009350137412548087,True
774,mobilevit_s,IntegratedGradients,0.4486551344394684,0.2692534074187279,-0.17940172702074053,True
774,mobilevit_s,Random,0.43887112736701966,0.41523998975753784,-0.023631137609481823,True
774,resnet50,GradCAM,0.49973543584346775,0.4999992877244949,0.00026385188102717727,False
774,resnet50,IntegratedGradients,0.49999237060546875,0.4868874877691269,-0.013104882836341869,True
774,resnet50,LRP,0.3557192899985239,0.49999966025352477,0.14428037025500084,False
774,resnet50,Random,0.47231817469000814,0.44691801182925706,-0.025400162860751085,True
774,vit_base,Chefer-LRP,0.43278358727693556,0.4298094630241394,-0.00297412425279614,True
774,vit_base,GradCAM,0.44468968212604526,0.42709219157695777,-0.01759749054908749,True
774,vit_base,IntegratedGradients,0.43566511720418927,0.4450983658432961,0.009433248639106828,False
774,vit_base,Random,0.44272038936614994,0.43663694411516185,-0.006083445250988084,True
775,mobilevit_s,GradCAM,0.3826695166528225,0.4095360308885574,0.026866514235734884,False
775,mobilevit_s,IntegratedGradients,0.41140056550502774,0.4205811232328415,0.009180557727813787,False
775,mobilevit_s,Random,0.37223653048276895,0.3815360979177057,0.009299567434936762,False
775,resnet50,GradCAM,0.41584080830216413,0.4998986318707466,0.08405782356858249,False
775,resnet50,IntegratedGradients,0.46716795861721044,0.46603908054530624,-0.0011288780719042046,True
775,resnet50,LRP,0.19762699693965263,0.49991163909435277,0.30228464215470013,False
775,resnet50,Random,0.326060101389885,0.31907169781625266,-0.00698840357363234,True
775,vit_base,Chefer-LRP,0.3635300278663635,0.43734454214572915,0.07381451427936564,False
775,vit_base,GradCAM,0.24070333889685575,0.42950532436370853,0.18880198546685278,False
775,vit_base,IntegratedGradients,0.4176561430096627,0.4310580670833588,0.013401924073696114,False
775,vit_base,Random,0.29091595821082594,0.4285852879285812,0.13766932971775525,False
776,mobilevit_s,GradCAM,0.009959981590509415,0.07845748905092477,0.06849750746041536,False
776,mobilevit_s,IntegratedGradients,0.01249969069031067,0.13185898810625077,0.11935929741594009,False
776,mobilevit_s,Random,0.009027688589412719,0.017703914048615845,0.008676225459203126,False
776,resnet50,GradCAM,0.001575980849884218,0.10703283045440912,0.1054568496045249,False
776,resnet50,IntegratedGradients,0.0017813992279116066,0.024033730803057554,0.02225233157514595,False
776,resnet50,LRP,0.002376311627449468,0.01690607848577201,0.014529766858322543,False
776,resnet50,Random,0.004902321775443852,0.016773048939649017,0.011870727164205164,False
776,vit_base,Chefer-LRP,0.008980763802537695,0.04172782516106963,0.032747061358531934,False
776,vit_base,GradCAM,0.006824675545794889,0.0633602436631918,0.05653556811739691,False
776,vit_base,IntegratedGradients,0.009768989705480636,0.05596349509432912,0.046194505388848485,False
776,vit_base,Random,0.055063257890287785,0.02944412695942447,-0.025619130930863314,True
777,mobilevit_s,GradCAM,0.018317992217998836,0.3204562693834305,0.3021382771654317,False
777,mobilevit_s,IntegratedGradients,0.05907950446198811,0.3370711289346218,0.2779916244726337,False
777,mobilevit_s,Random,0.08777959799626842,0.1165031670658209,0.02872356906955248,False
777,resnet50,GradCAM,0.032827133566024715,0.4162368342280388,0.3834097006620141,False
777,resnet50,IntegratedGradients,0.026079416190623306,0.470005963742733,0.4439265475521097,False
777,resnet50,LRP,0.02250501473608893,0.40900940150022513,0.38650438676413623,False
777,resnet50,Random,0.11597380847670137,0.2266857140697539,0.11071190559305254,False
777,vit_base,Chefer-LRP,0.027148721413686874,0.41210017204284666,0.3849514506291598,False
777,vit_base,GradCAM,0.022202348527207507,0.3879457354545593,0.3657433869273518,False
777,vit_base,IntegratedGradients,0.1184586632763967,0.35645121037960054,0.23799254710320383,False
777,vit_base,Random,0.24575233943760397,0.36915002912282946,0.12339768968522549,False
778,mobilevit_s,GradCAM,0.29443283947184684,0.1220775037072599,-0.17235533576458695,True
778,mobilevit_s,IntegratedGradients,0.15039588386425748,0.3315652802586556,0.18116939639439814,False
778,mobilevit_s,Random,0.04028095044050133,0.030736940003214388,-0.009544010437286945,True
778,resnet50,GradCAM,0.4757783576846123,0.4999774754047394,0.024199117720127117,False
778,resnet50,IntegratedGradients,0.2901232208823785,0.4942600980401039,0.20413687715772538,False
778,resnet50,LRP,0.1828885118011385,0.4999419003725052,0.31705338857136667,False
778,resnet50,Random,0.28097126962384206,0.25900844154530206,-0.021962828078539998,True
778,vit_base,Chefer-LRP,0.2124958295375109,0.40978170186281204,0.19728587232530115,False
778,vit_base,GradCAM,0.15369809456169603,0.3872896045446396,0.2335915099829436,False
778,vit_base,IntegratedGradients,0.37712323665618896,0.3586492516100407,-0.018473985046148278,True
778,vit_base,Random,0.3279939889907837,0.2991937164217234,-0.028800272569060315,True
779,mobilevit_s,GradCAM,0.15105681025306697,0.4764695823192597,0.3254127720661927,False
779,mobilevit_s,IntegratedGradients,0.16921809592167852,0.4483612656593322,0.2791431697376537,False
779,mobilevit_s,Random,0.12807929090267864,0.1932812803701381,0.06520198946745945,False
779,resnet50,GradCAM,0.11177356799598784,0.4995844483375549,0.3878108803415671,False
779,resnet50,IntegratedGradients,0.23788798130117356,0.49947670102119446,0.2615887197200209,False
779,resnet50,LRP,0.13001492561306804,0.48790677189826964,0.3578918462852016,False
779,resnet50,Random,0.17682507703902958,0.12298438700618136,-0.05384069003284822,True
779,vit_base,Chefer-LRP,0.17336556669324638,0.41116472482681277,0.2377991581335664,False
779,vit_base,GradCAM,0.27760425247251996,0.3909917786717415,0.11338752619922154,False
779,vit_base,IntegratedGradients,0.30665261894464496,0.4355635344982147,0.12891091555356976,False
779,vit_base,Random,0.34868326820433143,0.3418335653841495,-0.0068497028201819354,True
780,mobilevit_s,GradCAM,0.21534105069004,0.46095794886350633,0.24561689817346632,False
780,mobilevit_s,IntegratedGradients,0.07909823624650017,0.3967302143573761,0.31763197811087596,False
780,mobilevit_s,Random,0.1455976203083992,0.1408738838115824,-0.004723736496816816,True
780,resnet50,GradCAM,0.36666007968597114,0.49999286830425266,0.13333278861828152,False
780,resnet50,IntegratedGradients,0.3791512064170093,0.4997740164399147,0.12062281002290542,False
780,resnet50,LRP,0.26844724435359246,0.4999755427241326,0.23152829837054012,False
780,resnet50,Random,0.21974933134915775,0.37357105920091277,0.15382172785175502,False
780,vit_base,Chefer-LRP,0.25200931373983626,0.43121207803487777,0.1792027642950415,False
780,vit_base,GradCAM,0.13598009245470166,0.44064282774925234,0.3046627352945507,False
780,vit_base,IntegratedGradients,0.2808188009075821,0.38227352648973467,0.10145472558215257,False
780,vit_base,Random,0.3638080760836601,0.2990831778384745,-0.06472489824518562,True
781,mobilevit_s,GradCAM,0.3484351808205247,0.46446860432624815,0.11603342350572343,False
781,mobilevit_s,IntegratedGradients,0.4539573213085532,0.3119092358276248,-0.1420480854809284,True
781,mobilevit_s,Random,0.14732463811524213,0.21022225588094445,0.06289761776570232,False
781,resnet50,GradCAM,0.4843703791499138,0.5,0.01562962085008618,False
781,resnet50,IntegratedGradients,0.42008839249610896,0.49999999403953554,0.07991160154342658,False
781,resnet50,LRP,0.4944343760609627,0.4999999612569809,0.005565585196018186,False
781,resnet50,Random,0.24046999579877593,0.15352535291167443,-0.08694464288710149,True
781,vit_base,Chefer-LRP,0.4023866064846516,0.44650068581104274,0.044114079326391165,False
781,vit_base,GradCAM,0.4001665607094764,0.4534647271037102,0.05329816639423379,False
781,vit_base,IntegratedGradients,0.42595285028219226,0.4202293917536736,-0.005723458528518688,True
781,vit_base,Random,0.4179835632443428,0.3927838742733002,-0.025199688971042633,True
782,mobilevit_s,GradCAM,0.10418701792914363,0.43454100638628,0.33035398845713637,False
782,mobilevit_s,IntegratedGradients,0.04706158444787434,0.34925180822610863,0.3021902237782343,False
782,mobilevit_s,Random,0.04175277179565456,0.18077536442492603,0.13902259262927147,False
782,resnet50,GradCAM,0.025179847941035404,0.27784971296787264,0.25266986502683725,False
782,resnet50,IntegratedGradients,0.1474708111025393,0.3150491721928119,0.16757836109027263,False
782,resnet50,LRP,0.07877692687470701,0.1868564307689667,0.1080795038942597,False
782,resnet50,Random,0.20190215851471296,0.06526313858339564,-0.13663901993131733,True
782,vit_base,Chefer-LRP,0.1421914371021558,0.3509713642299175,0.2087799271277617,False
782,vit_base,GradCAM,0.19054585598642004,0.3456979498267174,0.15515209384029738,False
782,vit_base,IntegratedGradients,0.35896485298872005,0.27006964362226427,-0.08889520936645579,True
782,vit_base,Random,0.30119232204742735,0.3110509543213993,0.009858632273971935,False
783,mobilevit_s,GradCAM,0.23466902058571582,0.22588027864694596,-0.008788741938769856,True
783,mobilevit_s,IntegratedGradients,0.2020081643015146,0.06644497609286193,-0.13556318820865268,True
783,mobilevit_s,Random,0.2622752316296101,0.27905763541348283,0.016782403783872746,False
783,resnet50,GradCAM,0.0511399186681956,0.019995335303246972,-0.03114458336494863,True
783,resnet50,IntegratedGradients,0.004837345397390891,0.07417088365182278,0.06933353825443189,False
783,resnet50,LRP,0.006035980442538859,0.027382553974166512,0.021346573531627652,False
783,resnet50,Random,0.011204985820222647,0.00681732204195029,-0.004387663778272357,True
783,vit_base,Chefer-LRP,0.007991550129372627,0.024065013881772755,0.016073463752400128,False
783,vit_base,GradCAM,0.014996580872684717,0.037499739322811365,0.022503158450126647,False
783,vit_base,IntegratedGradients,0.008973270724527535,0.006418444472365082,-0.0025548262521624537,True
783,vit_base,Random,0.0036675911396741867,0.0033980783482547845,-0.0002695127914194022,True
784,mobilevit_s,GradCAM,0.2118758149445057,0.39358751848340034,0.18171170353889465,False
784,mobilevit_s,IntegratedGradients,0.2399624947458506,0.22684383412124592,-0.013118660624604678,True
784,mobilevit_s,Random,0.18409505667659687,0.17243064185604454,-0.011664414820552332,True
784,resnet50,GradCAM,0.30161275416612626,0.4417899783700704,0.14017722420394413,False
784,resnet50,IntegratedGradients,0.4684710811823607,0.14416253827512263,-0.3243085429072381,True
784,resnet50,LRP,0.04283268437720836,0.3264560718089342,0.2836233874317259,False
784,resnet50,Random,0.2126259037700948,0.1831069497668068,-0.029518954003287995,True
784,vit_base,Chefer-LRP,0.2301953461021185,0.3141646817326545,0.08396933563053599,False
784,vit_base,GradCAM,0.22631129324436186,0.3065448477864266,0.08023355454206474,False
784,vit_base,IntegratedGradients,0.33774072825908663,0.2705504648387432,-0.06719026342034345,True
784,vit_base,Random,0.31223099455237385,0.32278051525354384,0.01054952070116999,False
785,mobilevit_s,GradCAM,0.046214457372843756,0.17746123373508454,0.1312467763622408,False
785,mobilevit_s,IntegratedGradients,0.03949045091576409,0.19863983783870934,0.15914938692294525,False
785,mobilevit_s,Random,0.04679720094609365,0.04681748696602882,2.0286019935165933e-05,False
785,resnet50,GradCAM,0.006763199926353992,0.011188725277315823,0.004425525350961831,False
785,resnet50,IntegratedGradients,0.009769466373836622,0.004438866907730698,-0.005330599466105924,True
785,resnet50,LRP,0.003058208228321746,0.01169467489235103,0.008636466664029285,False
785,resnet50,Random,0.007988819278216399,0.0015228341922011168,-0.006465985086015282,True
785,vit_base,Chefer-LRP,0.027209758438402783,0.10811269097030163,0.08090293253189884,False
785,vit_base,GradCAM,0.017757311442983342,0.0825402818620205,0.06478297041903716,False
785,vit_base,IntegratedGradients,0.032270707096904515,0.11429148647002876,0.08202077937312424,False
785,vit_base,Random,0.09798416085541249,0.07409198485547676,-0.023892175999935733,True
786,mobilevit_s,GradCAM,0.32197800381109126,0.44756646454334253,0.12558846073225127,False
786,mobilevit_s,IntegratedGradients,0.43495962321758275,0.41806863248348236,-0.016890990734100386,True
786,mobilevit_s,Random,0.4320725396275521,0.4209681555628777,-0.0111043840646744,True
786,resnet50,GradCAM,0.3922117197886109,0.4999302864074707,0.10771856661885981,False
786,resnet50,IntegratedGradients,0.489538161456585,0.4500966388732195,-0.03944152258336553,True
786,resnet50,LRP,0.38822945877909665,0.4996283710002899,0.11139891222119325,False
786,resnet50,Random,0.4966150164604187,0.4721820279955864,-0.024432988464832328,True
786,vit_base,Chefer-LRP,0.3088503047823906,0.3292298689484596,0.02037956416606901,False
786,vit_base,GradCAM,0.31078132539987563,0.33868906497955326,0.027907739579677626,False
786,vit_base,IntegratedGradients,0.369944266974926,0.23743024244904518,-0.13251402452588082,True
786,vit_base,Random,0.3682337716221809,0.31321765333414076,-0.05501611828804015,True
787,mobilevit_s,GradCAM,0.09398319502943198,0.4229625627398491,0.32897936771041714,False
787,mobilevit_s,IntegratedGradients,0.22465182095766068,0.11416375120170416,-0.11048806975595651,True
787,mobilevit_s,Random,0.2025053344666958,0.1856524171540514,-0.016852917312644405,True
787,resnet50,GradCAM,0.027454402355942875,0.10426978971809148,0.0768153873621486,False
787,resnet50,IntegratedGradients,0.07746786354109644,0.15241195280104874,0.0749440892599523,False
787,resnet50,LRP,0.0361052576743532,0.12794995121657848,0.09184469354222528,False
787,resnet50,Random,0.18540095968637618,0.19205520209652605,0.006654242410149863,False
787,vit_base,Chefer-LRP,0.3120600327849388,0.42026561498641973,0.10820558220148091,False
787,vit_base,GradCAM,0.29949589110910896,0.41172742545604707,0.11223153434693811,False
787,vit_base,IntegratedGradients,0.38172803819179535,0.3637323811650276,-0.017995657026767753,True
787,vit_base,Random,0.33610812500119214,0.3867018461227417,0.050593721121549584,False
788,mobilevit_s,GradCAM,0.22944771293550734,0.3095654750708491,0.08011776213534175,False
788,mobilevit_s,IntegratedGradients,0.1352561702959065,0.33599620647728445,0.20074003618137795,False
788,mobilevit_s,Random,0.1375183286801985,0.08630722882799093,-0.05121109985220758,True
788,resnet50,GradCAM,0.16554338880814612,0.494684424996376,0.3291410361882299,False
788,resnet50,IntegratedGradients,0.2001897212583572,0.4649343758821487,0.2647446546237915,False
788,resnet50,LRP,0.20887657422572378,0.49685905277729037,0.28798247855156656,False
788,resnet50,Random,0.20277223252924162,0.13250687257968824,-0.07026535994955338,True
788,vit_base,Chefer-LRP,0.22279848065227273,0.36234694719314575,0.13954846654087302,False
788,vit_base,GradCAM,0.18340064976364373,0.3729890629649162,0.18958841320127245,False
788,vit_base,IntegratedGradients,0.3256585896015168,0.3390356063842773,0.013377016782760542,False
788,vit_base,Random,0.34753157049417494,0.3330910682678223,-0.014440502226352625,True
789,mobilevit_s,GradCAM,0.4647958502173424,0.43858240395784376,-0.02621344625949862,True
789,mobilevit_s,IntegratedGradients,0.40963987186551093,0.46593356430530547,0.05629369243979454,False
789,mobilevit_s,Random,0.24508270015066957,0.3266854104731465,0.0816027103224769,False
789,resnet50,GradCAM,0.4828410238027573,0.4997498288750649,0.01690880507230763,False
789,resnet50,IntegratedGradients,0.49600538164377217,0.49990350753068924,0.00389812588691707,False
789,resnet50,LRP,0.4075201395899058,0.49983571618795397,0.09231557659804818,False
789,resnet50,Random,0.4255491847288795,0.3772798329824582,-0.048269351746421274,True
789,vit_base,Chefer-LRP,0.432152584195137,0.43531833589076996,0.0031657516956329346,False
789,vit_base,GradCAM,0.42954603731632235,0.42637035995721817,-0.0031756773591041787,True
789,vit_base,IntegratedGradients,0.4402198165655136,0.43068090230226513,-0.009538914263248488,True
789,vit_base,Random,0.43513099402189254,0.4450933843851089,0.009962390363216389,False
790,mobilevit_s,GradCAM,0.06616767062259897,0.23679416477680207,0.1706264941542031,False
790,mobilevit_s,IntegratedGradients,0.02234753876364266,0.28170293793082235,0.2593553991671797,False
790,mobilevit_s,Random,0.07851743270366571,0.09419684726453853,0.015679414560872823,False
790,resnet50,GradCAM,0.31855078605440224,0.4999997079372406,0.18144892188283834,False
790,resnet50,IntegratedGradients,0.4797173663973809,0.4999914884567261,0.0202741220593452,False
790,resnet50,LRP,0.17522015202121116,0.49999952614307397,0.3247793741218628,False
790,resnet50,Random,0.2972590066172416,0.42872088523581625,0.13146187861857467,False
790,vit_base,Chefer-LRP,0.22846690637525172,0.4354672908782959,0.20700038450304417,False
790,vit_base,GradCAM,0.08378399671346415,0.4238489821553231,0.3400649854418589,False
790,vit_base,IntegratedGradients,0.3914043322205544,0.3639061957597733,-0.027498136460781086,True
790,vit_base,Random,0.39725464880466466,0.37868659347295763,-0.018568055331707023,True
791,mobilevit_s,GradCAM,0.0061572315287776284,0.0036336863122414798,-0.0025235452165361487,True
791,mobilevit_s,IntegratedGradients,0.0007264922889589798,0.0032675579423084855,0.002541065653349506,False
791,mobilevit_s,Random,0.009470975591102616,0.006020453455857933,-0.0034505221352446828,True
791,resnet50,GradCAM,0.012302919294393179,0.20531724616885189,0.1930143268744587,False
791,resnet50,IntegratedGradients,0.01169655443040938,0.2799103170633316,0.2682137626329222,False
791,resnet50,LRP,0.011741961582998785,0.2296332061290741,0.2178912445460753,False
791,resnet50,Random,0.038607492897426716,0.10026458621232451,0.06165709331489779,False
791,vit_base,Chefer-LRP,0.01585578627709765,0.3022876769304275,0.28643189065332986,False
791,vit_base,GradCAM,0.01620788779109716,0.19680358283221722,0.18059569504112005,False
791,vit_base,IntegratedGradients,0.016141315173445036,0.23003257177770137,0.21389125660425634,False
791,vit_base,Random,0.0835783617454581,0.025960124726407234,-0.05761823701905087,True
792,mobilevit_s,GradCAM,0.23095702871214602,0.4584663867950439,0.2275093580828979,False
792,mobilevit_s,IntegratedGradients,0.24685390780214225,0.37710708323866127,0.13025317543651901,False
792,mobilevit_s,Random,0.1685586143983528,0.19240162452574625,0.023843010127393455,False
792,resnet50,GradCAM,0.08261720996815711,0.49866443574428554,0.4160472257761284,False
792,resnet50,IntegratedGradients,0.05173773238784634,0.4746247664093971,0.42288703402155076,False
792,resnet50,LRP,0.02642812191625126,0.49608571380376815,0.4696575918875169,False
792,resnet50,Random,0.08415498887916328,0.130774339495418,0.04661935061625472,False
792,vit_base,Chefer-LRP,0.09851682319422254,0.39451093524694447,0.2959941120527219,False
792,vit_base,GradCAM,0.067475961195305,0.4019497364759445,0.3344737752806395,False
792,vit_base,IntegratedGradients,0.17926928901579228,0.40893495231866833,0.22966566330287605,False
792,vit_base,Random,0.3770624056458473,0.2564986095763743,-0.12056379606947298,True
793,mobilevit_s,GradCAM,0.3096019842196256,0.45277607589960106,0.14317409167997547,False
793,mobilevit_s,IntegratedGradients,0.3733676735311747,0.351928299665451,-0.0214393738657237,True
793,mobilevit_s,Random,0.3404510256834329,0.21664195604535053,-0.12380906963808236,True
793,resnet50,GradCAM,0.47239156067371374,0.49998482465744015,0.027593263983726413,False
793,resnet50,IntegratedGradients,0.2852750665508211,0.49250909090042105,0.20723402434959998,False
793,resnet50,LRP,0.38737802319228654,0.4999525547027588,0.11257453151047225,False
793,resnet50,Random,0.29740695599466566,0.3458380038384348,0.04843104784376917,False
793,vit_base,Chefer-LRP,0.4205416932702065,0.4184060171246528,-0.002135676145553711,True
793,vit_base,GradCAM,0.36925819516181946,0.4288237184286118,0.05956552326679232,False
793,vit_base,IntegratedGradients,0.3649378094822169,0.4378783702850342,0.0729405608028173,False
793,vit_base,Random,0.4004059880971909,0.39859094470739365,-0.0018150433897972662,True
794,mobilevit_s,GradCAM,0.44731543213129044,0.481830208003521,0.03451477587223056,False
794,mobilevit_s,IntegratedGradients,0.327698595597758,0.4641881674528122,0.13648957185505423,False
794,mobilevit_s,Random,0.24581902688951232,0.26319548103201673,0.01737645414250441,False
794,resnet50,GradCAM,0.49853403121232986,0.4999991744756698,0.001465143263339963,False
794,resnet50,IntegratedGradients,0.4795673951506615,0.49999907910823826,0.020431683957576774,False
794,resnet50,LRP,0.3649906844832003,0.49999234080314636,0.13500165631994604,False
794,resnet50,Random,0.476897569000721,0.2819024016149342,-0.19499516738578682,True
794,vit_base,Chefer-LRP,0.4463158458471298,0.44747216403484347,0.0011563181877136675,False
794,vit_base,GradCAM,0.43907015621662143,0.4476567566394806,0.008586600422859192,False
794,vit_base,IntegratedGradients,0.4384637579321861,0.45388801544904706,0.01542425751686094,False
794,vit_base,Random,0.4284225091338158,0.42966393381357193,0.0012414246797561312,False
795,mobilevit_s,GradCAM,0.025038051806950536,0.475655272603035,0.45061722079608446,False
795,mobilevit_s,IntegratedGradients,0.02521472274383996,0.12407142092706636,0.0988566981832264,False
795,mobilevit_s,Random,0.03213095274868465,0.07463151078154624,0.04250055803286159,False
795,resnet50,GradCAM,0.03161496104415704,0.49815321564674375,0.4665382546025867,False
795,resnet50,IntegratedGradients,0.02494813764570836,0.4924341812729835,0.46748604362727514,False
795,resnet50,LRP,0.02496219404936824,0.48342204242944725,0.458459848380079,False
795,resnet50,Random,0.08655042934478843,0.07339487513208952,-0.013155554212698914,True
795,vit_base,Chefer-LRP,0.10669463763770182,0.42244299650192263,0.3157483588642208,False
795,vit_base,GradCAM,0.09496263699547854,0.4228634417057037,0.3279008047102252,False
795,vit_base,IntegratedGradients,0.18614677866280543,0.42452659010887145,0.23837981144606601,False
795,vit_base,Random,0.24422090686857703,0.3218323368579149,0.07761142998933787,False
796,mobilevit_s,GradCAM,0.031084382741391893,0.4827744528651237,0.4516900701237318,False
796,mobilevit_s,IntegratedGradients,0.06901439454231878,0.47901505380868914,0.41000065926637036,False
796,mobilevit_s,Random,0.306040516186522,0.1379869795202467,-0.16805353666627532,True
796,resnet50,GradCAM,0.12195689489726648,0.4894711226224899,0.3675142277252234,False
796,resnet50,IntegratedGradients,0.06844010906647782,0.48720379173755646,0.41876368267107866,False
796,resnet50,LRP,0.03200219013375546,0.4618109032511711,0.42980871311741564,False
796,resnet50,Random,0.2707142867846415,0.21282913721079239,-0.057885149573849104,True
796,vit_base,Chefer-LRP,0.020842709811404347,0.16818922981619835,0.147346520004794,False
796,vit_base,GradCAM,0.02300535075482912,0.1027997560799122,0.07979440532508307,False
796,vit_base,IntegratedGradients,0.05913627953268588,0.1620806146413088,0.10294433510862291,False
796,vit_base,Random,0.09511031480506062,0.1264348478987813,0.03132453309372067,False
797,mobilevit_s,GradCAM,0.02886207221235964,0.41809195205569266,0.389229879843333,False
797,mobilevit_s,IntegratedGradients,0.2558824881911278,0.11826826910109961,-0.1376142190900282,True
797,mobilevit_s,Random,0.1390355762297986,0.12593770194798706,-0.013097874281811528,True
797,resnet50,GradCAM,0.24288841448724272,0.49828012287616724,0.25539170838892455,False
797,resnet50,IntegratedGradients,0.38804662972688675,0.49834868013858796,0.11030205041170121,False
797,resnet50,LRP,0.1511445465977886,0.49264512211084366,0.34150057551305507,False
797,resnet50,Random,0.14722738110576758,0.25828310780925673,0.11105572670348915,False
797,vit_base,Chefer-LRP,0.11982175330631435,0.3214191511273385,0.20159739782102415,False
797,vit_base,GradCAM,0.11849681855819653,0.3037094503641129,0.18521263180591635,False
797,vit_base,IntegratedGradients,0.27513128370046613,0.30665898919105533,0.0315277054905892,False
797,vit_base,Random,0.2698874294757843,0.20376114547252655,-0.06612628400325776,True
798,mobilevit_s,GradCAM,0.12586105894297364,0.40259539484977724,0.27673433590680363,False
798,mobilevit_s,IntegratedGradients,0.148774057332048,0.28887857759254987,0.14010452026050188,False
798,mobilevit_s,Random,0.07752277317295012,0.07061014991068076,-0.006912623262269352,True
798,resnet50,GradCAM,0.3670988116413355,0.49999967515468596,0.13290086351335045,False
798,resnet50,IntegratedGradients,0.282077369838953,0.47615146785974505,0.19407409802079206,False
798,resnet50,LRP,0.17637435477226973,0.4999995529651642,0.3236251981928945,False
798,resnet50,Random,0.11483285925496603,0.17059856731037545,0.055765708055409424,False
798,vit_base,Chefer-LRP,0.337941787391901,0.4423286527395248,0.10438686534762381,False
798,vit_base,GradCAM,0.34275538958609103,0.4404207706451416,0.0976653810590506,False
798,vit_base,IntegratedGradients,0.45506144613027577,0.42868787944316866,-0.02637356668710711,True
798,vit_base,Random,0.37965055033564565,0.33316592350602153,-0.04648462682962412,True
799,mobilevit_s,GradCAM,0.04815197261050343,0.13020128215430304,0.08204930954379962,False
799,mobilevit_s,IntegratedGradients,0.03203238430432976,0.031939778848027345,-9.260545630241507e-05,True
799,mobilevit_s,Random,0.02201216349612878,0.0216389495653857,-0.00037321393074308054,True
799,resnet50,GradCAM,0.0004082664293491688,0.17952151746867454,0.17911325103932538,False
799,resnet50,IntegratedGradients,0.0007108488117864908,0.0011363962963514495,0.00042554748456495866,False
799,resnet50,LRP,0.01764456789096585,0.000281751493344018,-0.01736281639762183,True
799,resnet50,Random,0.00085904306924931,0.0006183760422572961,-0.00024066702699201395,True
799,vit_base,Chefer-LRP,0.022340321354568007,0.13768242448568346,0.11534210313111545,False
799,vit_base,GradCAM,0.02017524391994812,0.18528088480234145,0.16510564088239332,False
799,vit_base,IntegratedGradients,0.05892400103621186,0.13260287009179592,0.07367886905558406,False
799,vit_base,Random,0.05562720652669669,0.04300269013183425,-0.012624516394862444,True
800,mobilevit_s,GradCAM,0.1356822514906526,0.19726297827437522,0.06158072678372262,False
800,mobilevit_s,IntegratedGradients,0.12494165367479582,0.33170866016298534,0.20676700648818952,False
800,mobilevit_s,Random,0.07569854182074778,0.08418700686952434,0.008488465048776553,False
800,resnet50,GradCAM,0.3770173691213131,0.49999734163284304,0.12297997251152992,False
800,resnet50,IntegratedGradients,0.4971862494945526,0.3962731325998902,-0.10091311689466237,True
800,resnet50,LRP,0.2651218789978884,0.4999995529651642,0.23487767396727577,False
800,resnet50,Random,0.2080763305071742,0.16647786425892264,-0.04159846624825156,True
800,vit_base,Chefer-LRP,0.3633453354239464,0.4237693712115288,0.060424035787582375,False
800,vit_base,GradCAM,0.38321985900402067,0.43400056362152095,0.05078070461750028,False
800,vit_base,IntegratedGradients,0.4426974952220917,0.4193177118897438,-0.02337978333234786,True
800,vit_base,Random,0.43998697102069856,0.44947428107261655,0.009487310051917996,False
801,mobilevit_s,GradCAM,0.07359279093216174,0.41959780305624006,0.3460050121240783,False
801,mobilevit_s,IntegratedGradients,0.08409801933448761,0.3978841483592987,0.31378612902481107,False
801,mobilevit_s,Random,0.3358685872517526,0.3007040746510029,-0.03516451260074971,True
801,resnet50,GradCAM,0.20158929822500798,0.4999974191188813,0.2984081208938733,False
801,resnet50,IntegratedGradients,0.4994016438722611,0.49999340772628775,0.0005917638540266501,False
801,resnet50,LRP,0.08353150121401996,0.4999977946281433,0.41646629341412333,False
801,resnet50,Random,0.3890801213681698,0.4640712782740593,0.07499115690588953,False
801,vit_base,Chefer-LRP,0.13902143342420462,0.42701975107192996,0.2879983176477253,False
801,vit_base,GradCAM,0.1615041030570865,0.4345023602247238,0.2729982571676373,False
801,vit_base,IntegratedGradients,0.428806833922863,0.43843901455402373,0.009632180631160725,False
801,vit_base,Random,0.40523116290569305,0.3578891593962908,-0.047342003509402264,True
802,mobilevit_s,GradCAM,0.3229269407689571,0.47480553686618804,0.15187859609723092,False
802,mobilevit_s,IntegratedGradients,0.41554264836013316,0.44250033944845196,0.026957691088318803,False
802,mobilevit_s,Random,0.371088995039463,0.3511497795348987,-0.019939215504564345,True
802,resnet50,GradCAM,0.4146893784403801,0.49999547004699707,0.08530609160661695,False
802,resnet50,IntegratedGradients,0.3974548902362585,0.4998758509755134,0.10242096073925488,False
802,resnet50,LRP,0.4706600874662399,0.4999709159135819,0.029310828447342008,False
802,resnet50,Random,0.4697272464632988,0.48830865174531934,0.01858140528202057,False
802,vit_base,Chefer-LRP,0.3435599707067013,0.4363119080662727,0.09275193735957138,False
802,vit_base,GradCAM,0.3226436123251915,0.43874751776456833,0.11610390543937682,False
802,vit_base,IntegratedGradients,0.4085890531539917,0.413617967069149,0.005028913915157307,False
802,vit_base,Random,0.4357959389686584,0.4333747208118439,-0.0024212181568145086,True
803,mobilevit_s,GradCAM,0.16207431437796918,0.4818150997161865,0.31974078533821737,False
803,mobilevit_s,IntegratedGradients,0.0764201235753717,0.48181308954954144,0.40539296597416974,False
803,mobilevit_s,Random,0.0905751676811633,0.16410121393128066,0.07352604625011736,False
803,resnet50,GradCAM,0.2025109185196925,0.49823590368032455,0.29572498516063206,False
803,resnet50,IntegratedGradients,0.15320241582812744,0.4985437050461769,0.34534128921804946,False
803,resnet50,LRP,0.11914160911692308,0.4983048915863037,0.37916328246938064,False
803,resnet50,Random,0.17980951234931128,0.27715921639464797,0.09734970404533669,False
803,vit_base,Chefer-LRP,0.1229109326377511,0.42092849016189576,0.29801755752414466,False
803,vit_base,GradCAM,0.12137563677970321,0.4202313497662543,0.2988557129865511,False
803,vit_base,IntegratedGradients,0.22968166442587976,0.41733348220586775,0.187651817779988,False
803,vit_base,Random,0.3247199870645999,0.3648754388093948,0.0401554517447949,False
804,mobilevit_s,GradCAM,0.00797974196029827,0.291656918078661,0.28367717611836274,False
804,mobilevit_s,IntegratedGradients,0.07742000896832907,0.03270179694518447,-0.0447182120231446,True
804,mobilevit_s,Random,0.11806396953761578,0.07769474470987917,-0.04036922482773661,True
804,resnet50,GradCAM,0.10845820652320981,0.08438559398055077,-0.024072612542659036,True
804,resnet50,IntegratedGradients,0.14398675360716878,0.09588992446660996,-0.04809682914055882,True
804,resnet50,LRP,0.08947010826086627,0.0768043199554086,-0.01266578830545767,True
804,resnet50,Random,0.08994570346840193,0.03334892739076168,-0.05659677607764025,True
804,vit_base,Chefer-LRP,0.09305058047175407,0.195241641998291,0.10219106152653692,False
804,vit_base,GradCAM,0.04042198499664665,0.200827244669199,0.16040525967255234,False
804,vit_base,IntegratedGradients,0.19436218738555908,0.1419369837269187,-0.05242520365864037,True
804,vit_base,Random,0.1404102333355695,0.11737980619072914,-0.023030427144840368,True
805,mobilevit_s,GradCAM,0.38622413575649256,0.41427624076604846,0.028052105009555905,False
805,mobilevit_s,IntegratedGradients,0.3556330353021622,0.3760427504777908,0.020409715175628562,False
805,mobilevit_s,Random,0.44446098208427426,0.4382769808173179,-0.0061840012669563404,True
805,resnet50,GradCAM,0.498731929063797,0.49366264790296555,-0.00506928116083144,True
805,resnet50,IntegratedGradients,0.4935476899147034,0.4905071690678597,-0.0030405208468436973,True
805,resnet50,LRP,0.49801757186651224,0.49349859058856965,-0.004518981277942591,True
805,resnet50,Random,0.46693919152021407,0.4673929691314697,0.00045377761125564575,False
805,vit_base,Chefer-LRP,0.40144062936305996,0.3612135827541351,-0.040227046608924844,True
805,vit_base,GradCAM,0.3644654080271721,0.39158047288656234,0.027115064859390248,False
805,vit_base,IntegratedGradients,0.4066313460469246,0.3688965335488319,-0.037734812498092685,True
805,vit_base,Random,0.35759476870298385,0.37973230481147763,0.022137536108493783,False
806,mobilevit_s,GradCAM,0.04696763094988797,0.4573691114783287,0.4104014805284407,False
806,mobilevit_s,IntegratedGradients,0.23973319676806568,0.3471103409305215,0.10737714416245583,False
806,mobilevit_s,Random,0.14490446553681977,0.2753614000044763,0.13045693446765652,False
806,resnet50,GradCAM,0.12196620216673185,0.49845758080482483,0.376491378638093,False
806,resnet50,IntegratedGradients,0.16371820301574191,0.4971963062882423,0.3334781032725004,False
806,resnet50,LRP,0.034616485272636055,0.497984440624714,0.4633679553520779,False
806,resnet50,Random,0.09462861411411726,0.1760023795097368,0.08137376539561954,False
806,vit_base,Chefer-LRP,0.22863389677368107,0.3733703285455704,0.14473643177188933,False
806,vit_base,GradCAM,0.12608230105252005,0.3487577721476556,0.22267547109513552,False
806,vit_base,IntegratedGradients,0.36546680778265006,0.36007507294416424,-0.005391734838485818,True
806,vit_base,Random,0.34767257720232014,0.3393995463848114,-0.008273030817508742,True
807,mobilevit_s,GradCAM,0.2832126603927464,0.4814029976725578,0.1981903372798114,False
807,mobilevit_s,IntegratedGradients,0.467669901251793,0.44250516444444654,-0.025164736807346433,True
807,mobilevit_s,Random,0.3823297119000927,0.33527882124762987,-0.04705089065246282,True
807,resnet50,GradCAM,0.48067382872104647,0.49992045611143116,0.019246627390384685,False
807,resnet50,IntegratedGradients,0.28610338652506473,0.4785359784960747,0.19243259197100998,False
807,resnet50,LRP,0.3308622853830457,0.4998620808124542,0.16899979542940852,False
807,resnet50,Random,0.2219633878179593,0.18955594056387784,-0.032407447254081456,True
807,vit_base,Chefer-LRP,0.405658520758152,0.4096505522727966,0.003992031514644612,False
807,vit_base,GradCAM,0.3956537336111069,0.40369103550910956,0.008037301898002669,False
807,vit_base,IntegratedGradients,0.38918741792440414,0.3834479942917824,-0.005739423632621754,True
807,vit_base,Random,0.28898650214541705,0.41402921229600903,0.12504271015059198,False
808,mobilevit_s,GradCAM,0.016779201274766817,0.3714049071073532,0.35462570583258635,False
808,mobilevit_s,IntegratedGradients,0.029496969527099282,0.4006475269794464,0.3711505574523471,False
808,mobilevit_s,Random,0.06496335855626968,0.07154231577660539,0.006578957220335704,False
808,resnet50,GradCAM,0.06822240273468197,0.4617804527282715,0.39355804999358956,False
808,resnet50,IntegratedGradients,0.07282539173320401,0.46230280250310896,0.38947741076990494,False
808,resnet50,LRP,0.03166562509723008,0.4806055322289467,0.4489399071317166,False
808,resnet50,Random,0.225824382645078,0.23141125833644766,0.005586875691369647,False
808,vit_base,Chefer-LRP,0.03143431066418998,0.20308442488312722,0.17165011421893725,False
808,vit_base,GradCAM,0.022773495467845347,0.21797659695148466,0.1952031014836393,False
808,vit_base,IntegratedGradients,0.059250896796584136,0.2341971293091774,0.17494623251259328,False
808,vit_base,Random,0.2304844155907631,0.19517865516245367,-0.035305760428309435,True
809,mobilevit_s,GradCAM,0.04959050563629717,0.32628812491893766,0.2766976192826405,False
809,mobilevit_s,IntegratedGradients,0.1712860130239278,0.37867894172668454,0.20739292870275675,False
809,mobilevit_s,Random,0.11401373834523838,0.19513922217302024,0.08112548382778186,False
809,resnet50,GradCAM,0.05726592885948776,0.4923196598887443,0.43505373102925654,False
809,resnet50,IntegratedGradients,0.08339666752508493,0.47914040088653564,0.39574373336145074,False
809,resnet50,LRP,0.027915617353937702,0.4912361428141594,0.4633205254602217,False
809,resnet50,Random,0.259820810391102,0.2713498427998275,0.011529032408725493,False
809,vit_base,Chefer-LRP,0.13616705080494285,0.2327461376786232,0.09657908687368036,False
809,vit_base,GradCAM,0.11124268732964994,0.23258891850709915,0.12134623117744921,False
809,vit_base,IntegratedGradients,0.20854258118197325,0.2563948690891266,0.047852287907153374,False
809,vit_base,Random,0.15601900704205038,0.2063233472406864,0.05030434019863603,False
810,mobilevit_s,GradCAM,0.0638660466807778,0.4708436816930771,0.40697763501229933,False
810,mobilevit_s,IntegratedGradients,0.26245481005462357,0.29795068301027644,0.035495872955652874,False
810,mobilevit_s,Random,0.24966361302649606,0.1990621374383409,-0.05060147558815517,True
810,resnet50,GradCAM,0.19379461552598515,0.4999921351671218,0.3061975196411367,False
810,resnet50,IntegratedGradients,0.17420859488793217,0.4997744485735893,0.32556585368565716,False
810,resnet50,LRP,0.03694394546473632,0.49999107718467717,0.46304713171994083,False
810,resnet50,Random,0.2066748138779076,0.21508665349974765,0.008411839621840056,False
810,vit_base,Chefer-LRP,0.13533571556326937,0.32445084601640706,0.1891151304531377,False
810,vit_base,GradCAM,0.1462341471200489,0.3657864764332771,0.2195523293132282,False
810,vit_base,IntegratedGradients,0.2981738044880331,0.379197995364666,0.08102419087663287,False
810,vit_base,Random,0.4145980522036552,0.33268238231539726,-0.08191566988825794,True
811,mobilevit_s,GradCAM,0.14091050226124938,0.4679895877838135,0.32707908552256415,False
811,mobilevit_s,IntegratedGradients,0.06898186057806015,0.4791112691164017,0.4101294085383415,False
811,mobilevit_s,Random,0.20395980376924855,0.14284317482961348,-0.06111662893963507,True
811,resnet50,GradCAM,0.46571495272219177,0.499981614947319,0.03426666222512725,False
811,resnet50,IntegratedGradients,0.3755302273668349,0.4994519263505936,0.12392169898375871,False
811,resnet50,LRP,0.3881351120769978,0.4999858856201172,0.1118507735431194,False
811,resnet50,Random,0.33413810638303404,0.3131159629439936,-0.021022143439040464,True
811,vit_base,Chefer-LRP,0.36448002904653554,0.3992181852459908,0.03473815619945525,False
811,vit_base,GradCAM,0.37061302810907365,0.39767961502075194,0.027066586911678292,False
811,vit_base,IntegratedGradients,0.3601457096636295,0.421544486284256,0.06139877662062648,False
811,vit_base,Random,0.40350397676229477,0.3689630709588528,-0.03454090580344199,True
812,mobilevit_s,GradCAM,0.06076559977664147,0.18913746178150176,0.12837186200486028,False
812,mobilevit_s,IntegratedGradients,0.05843255800427869,0.28610277287662034,0.22767021487234165,False
812,mobilevit_s,Random,0.0701837724322104,0.03196892218547873,-0.038214850246731664,True
812,resnet50,GradCAM,0.172522610751912,0.4942421570420265,0.3217195462901145,False
812,resnet50,IntegratedGradients,0.1297330042580143,0.4732077360153198,0.3434747317573055,False
812,resnet50,LRP,0.07174105079611764,0.4917770951986313,0.42003604440251363,False
812,resnet50,Random,0.09040204448392615,0.1322237750282511,0.04182173054432496,False
812,vit_base,Chefer-LRP,0.16649279898847458,0.3977657094597816,0.23127291047130705,False
812,vit_base,GradCAM,0.12634107293561103,0.39222352355718615,0.2658824506215751,False
812,vit_base,IntegratedGradients,0.2046002358198166,0.14359392953338102,-0.06100630628643558,True
812,vit_base,Random,0.1418801850275486,0.14056285723490874,-0.0013173277926398497,True
813,mobilevit_s,GradCAM,0.03487689020112156,0.3003413513302803,0.2654644611291587,False
813,mobilevit_s,IntegratedGradients,0.17937024779675992,0.08970685133535883,-0.08966339646140109,True
813,mobilevit_s,Random,0.13876352019797195,0.1002082028760924,-0.03855531732187954,True
813,resnet50,GradCAM,0.3672037169337273,0.49633847177028656,0.12913475483655928,False
813,resnet50,IntegratedGradients,0.09858022385487858,0.2976891893878929,0.19910896553301433,False
813,resnet50,LRP,0.17343859544489534,0.4022536701755599,0.22881507473066456,False
813,resnet50,Random,0.1355433092191561,0.15905431708270043,0.02351100786354432,False
813,vit_base,Chefer-LRP,0.045309388375608245,0.025816324702464047,-0.019493063673144198,True
813,vit_base,GradCAM,0.053583353944122794,0.025545983458869156,-0.02803737048525364,True
813,vit_base,IntegratedGradients,0.02284027368332318,0.0753919234732166,0.05255164978989342,False
813,vit_base,Random,0.06651175708684605,0.05679299575567711,-0.009718761331168939,True
814,mobilevit_s,GradCAM,0.07869826375899722,0.3165095284581184,0.2378112646991212,False
814,mobilevit_s,IntegratedGradients,0.14187647381331772,0.1752781087998301,0.033401634986512385,False
814,mobilevit_s,Random,0.08764633829705418,0.05206911300774664,-0.03557722528930754,True
814,resnet50,GradCAM,0.04855774409952574,0.49941920340061186,0.4508614593010861,False
814,resnet50,IntegratedGradients,0.08320717985043304,0.4856724575161934,0.4024652776657604,False
814,resnet50,LRP,0.028619769401848315,0.4990923255681991,0.4704725561663508,False
814,resnet50,Random,0.17394875810277882,0.06270665787160398,-0.11124210023117484,True
814,vit_base,Chefer-LRP,0.17648216970264916,0.4261674150824547,0.24968524537980555,False
814,vit_base,GradCAM,0.16750744096934794,0.4372681200504303,0.26976067908108237,False
814,vit_base,IntegratedGradients,0.3602783747017384,0.4197661235928536,0.05948774889111519,False
814,vit_base,Random,0.40070545822381975,0.3757000502198935,-0.025005408003926255,True
815,mobilevit_s,GradCAM,0.03848287435248494,0.08283397965133191,0.04435110529884697,False
815,mobilevit_s,IntegratedGradients,0.1167930038936902,0.25067062117159367,0.13387761727790348,False
815,mobilevit_s,Random,0.1444223288446665,0.2297539312392473,0.08533160239458082,False
815,resnet50,GradCAM,0.20412500812672077,0.49994713664054874,0.29582212851382794,False
815,resnet50,IntegratedGradients,0.17692687897360881,0.49994543790817264,0.3230185589345638,False
815,resnet50,LRP,0.14731379393488167,0.49995947182178496,0.35264567788690326,False
815,resnet50,Random,0.3618185334838927,0.383525254810229,0.021706721326336276,False
815,vit_base,Chefer-LRP,0.2635834945365787,0.41654492616653443,0.15296143162995574,False
815,vit_base,GradCAM,0.2330758269876242,0.39811335206031795,0.16503752507269376,False
815,vit_base,IntegratedGradients,0.39727600961923604,0.4392494261264801,0.041973416507244066,False
815,vit_base,Random,0.3802074529230595,0.42388700991868977,0.04367955699563025,False
816,mobilevit_s,GradCAM,0.03101084305308177,0.345143435895443,0.3141325928423612,False
816,mobilevit_s,IntegratedGradients,0.09302223488120945,0.2609322659671307,0.16791003108592126,False
816,mobilevit_s,Random,0.29593259394168847,0.20826344698434696,-0.08766914695734151,True
816,resnet50,GradCAM,0.11151053487337777,0.3175597280263901,0.20604919315301234,False
816,resnet50,IntegratedGradients,0.22816147953271868,0.15217693435843102,-0.07598454517428765,True
816,resnet50,LRP,0.07782868841168238,0.36635869145393374,0.28853000304225135,False
816,resnet50,Random,0.16293254975171295,0.21681974842213095,0.053887198670417996,False
816,vit_base,Chefer-LRP,0.133257969818078,0.3748629659414291,0.2416049961233511,False
816,vit_base,GradCAM,0.10944759673438967,0.3784674301743507,0.26901983343996105,False
816,vit_base,IntegratedGradients,0.39136195033788684,0.12952288516098634,-0.2618390651769005,True
816,vit_base,Random,0.30802690144628286,0.2224446602165699,-0.08558224122971297,True
817,mobilevit_s,GradCAM,0.06393373081590993,0.3076684668660164,0.24373473605010648,False
817,mobilevit_s,IntegratedGradients,0.15926033118739724,0.3232594504952431,0.16399911930784583,False
817,mobilevit_s,Random,0.1553670753331517,0.18342201036866757,0.02805493503551587,False
817,resnet50,GradCAM,0.14692062919202728,0.4439043834805489,0.29698375428852164,False
817,resnet50,IntegratedGradients,0.265452591329813,0.4587415412068367,0.19328894987702366,False
817,resnet50,LRP,0.07272435752674938,0.4353625655174255,0.36263820799067614,False
817,resnet50,Random,0.2597135923802853,0.26405584691092376,0.0043422545306384674,False
817,vit_base,Chefer-LRP,0.24095453172922132,0.3687477335333824,0.1277932018041611,False
817,vit_base,GradCAM,0.30904905945062633,0.38190654218196873,0.0728574827313424,False
817,vit_base,IntegratedGradients,0.3413284406065941,0.3640077754855156,0.022679334878921487,False
817,vit_base,Random,0.2804000247269869,0.32328930273652073,0.04288927800953385,False
818,mobilevit_s,GradCAM,0.07057349551469087,0.016235558176413176,-0.0543379373382777,True
818,mobilevit_s,IntegratedGradients,0.019880679657217112,0.019585774233564734,-0.0002949054236523786,True
818,mobilevit_s,Random,0.004474117732752347,0.017689625220373276,0.013215507487620928,False
818,resnet50,GradCAM,0.28583858602214607,0.4971971437335014,0.2113585577113553,False
818,resnet50,IntegratedGradients,0.23746428028680389,0.4960073411464691,0.2585430608596652,False
818,resnet50,LRP,0.07541394347208553,0.49865373969078064,0.4232397962186951,False
818,resnet50,Random,0.15228669080415785,0.21522045503370466,0.0629337642295468,False
818,vit_base,Chefer-LRP,0.2658361225854605,0.40251793712377554,0.13668181453831502,False
818,vit_base,GradCAM,0.31593645876273524,0.4127985566854477,0.09686209792271244,False
818,vit_base,IntegratedGradients,0.23994055697694422,0.3907122217118741,0.15077166473492987,False
818,vit_base,Random,0.21645719204097988,0.3487605400383473,0.1323033479973674,False
819,mobilevit_s,GradCAM,0.13927935585379603,0.2366855401545763,0.09740618430078027,False
819,mobilevit_s,IntegratedGradients,0.047809168935054915,0.4144009552896023,0.36659178635454737,False
819,mobilevit_s,Random,0.05493282379893572,0.05554945449830484,0.0006166306993691181,False
819,resnet50,GradCAM,0.010513060625089568,0.4533223956823349,0.44280933505724535,False
819,resnet50,IntegratedGradients,0.14615925159305335,0.1440049495082349,-0.0021543020848184546,True
819,resnet50,LRP,0.04787364596850239,0.34064032584428783,0.2927666798757854,False
819,resnet50,Random,0.026808718309621327,0.027616010609199295,0.0008072922995779677,False
819,vit_base,Chefer-LRP,0.1750977374613285,0.36001679748296744,0.18491906002163894,False
819,vit_base,GradCAM,0.14956555995158852,0.36116443276405336,0.21159887281246484,False
819,vit_base,IntegratedGradients,0.27405164763331413,0.19931357651948928,-0.07473807111382486,True
819,vit_base,Random,0.21848329796921465,0.14629359760438093,-0.07218970036483371,True
820,mobilevit_s,GradCAM,0.004208065912825987,0.004144880177045707,-6.318573578027991e-05,True
820,mobilevit_s,IntegratedGradients,0.0012269807877601127,0.03401551977731287,0.03278853898955276,False
820,mobilevit_s,Random,0.0021203567666816525,0.0030572847354051196,0.000936927968723467,False
820,resnet50,GradCAM,1.815698357177098e-06,1.5134932560556538e-06,-3.022051011214442e-07,True
820,resnet50,IntegratedGradients,6.2636250390824e-06,2.043092081294162e-06,-4.2205329577882375e-06,True
820,resnet50,LRP,0.0008231611986616374,2.0712542010414836e-06,-0.0008210899444605959,True
820,resnet50,Random,6.907290605795424e-06,4.430716501246934e-06,-2.4765741045484896e-06,True
820,vit_base,Chefer-LRP,0.003328630323812831,0.006530482205562294,0.0032018518817494633,False
820,vit_base,GradCAM,0.004256717105454301,0.005988717917352914,0.0017320008118986135,False
820,vit_base,IntegratedGradients,0.014552618796005843,0.0075020040501840414,-0.007050614745821801,True
820,vit_base,Random,0.004960599832702427,0.0033604341559112074,-0.00160016567679122,True
821,mobilevit_s,GradCAM,0.03610508509118517,0.2841806098818779,0.2480755247906927,False
821,mobilevit_s,IntegratedGradients,0.18996594566851857,0.03835060340425116,-0.15161534226426743,True
821,mobilevit_s,Random,0.09413237526969168,0.0802943841645174,-0.01383799110517428,True
821,resnet50,GradCAM,0.09665189036131779,0.4999048724770546,0.40325298211573685,False
821,resnet50,IntegratedGradients,0.1906713832751848,0.49969682544469834,0.30902544216951355,False
821,resnet50,LRP,0.0847723723454692,0.4998022526502609,0.4150298803047917,False
821,resnet50,Random,0.21886042914120485,0.29850126635283236,0.07964083721162751,False
821,vit_base,Chefer-LRP,0.11849610864010174,0.4072490349411965,0.2887529263010948,False
821,vit_base,GradCAM,0.08382498844730436,0.4190886572003365,0.33526366875303215,False
821,vit_base,IntegratedGradients,0.35505675300955775,0.4131449744105339,0.05808822140097614,False
821,vit_base,Random,0.329115592688322,0.36053235456347466,0.03141676187515263,False
822,mobilevit_s,GradCAM,0.15163622833788395,0.451238676905632,0.2996024485677481,False
822,mobilevit_s,IntegratedGradients,0.26775231938809163,0.3611005946993828,0.0933482753112912,False
822,mobilevit_s,Random,0.21327028368432369,0.15335718904971143,-0.05991309463461225,True
822,resnet50,GradCAM,0.27279578913003205,0.49990115463733675,0.2271053655073047,False
822,resnet50,IntegratedGradients,0.28595513715408744,0.4999492108821869,0.21399407372809948,False
822,resnet50,LRP,0.22620520745404063,0.4996549889445305,0.2734497814904898,False
822,resnet50,Random,0.14246325465592238,0.2380435015424155,0.09558024688649311,False
822,vit_base,Chefer-LRP,0.33099095299839976,0.41271111071109773,0.08172015771269797,False
822,vit_base,GradCAM,0.25018863249570134,0.40320778638124466,0.15301915388554332,False
822,vit_base,IntegratedGradients,0.33254336193203926,0.42767911404371256,0.0951357521116733,False
822,vit_base,Random,0.3418141257017851,0.3250209130346775,-0.016793212667107593,True
823,mobilevit_s,GradCAM,0.0005577788775553927,0.0013798263942589983,0.0008220475167036056,False
823,mobilevit_s,IntegratedGradients,0.000444655026512919,0.0023716974101262167,0.0019270423836132977,False
823,mobilevit_s,Random,0.0004025176211143844,0.0005255860975012183,0.00012306847638683395,False
823,resnet50,GradCAM,0.0008109591668471694,0.0006216439258423635,-0.00018931524100480597,True
823,resnet50,IntegratedGradients,0.00041407433709537153,0.0015581601546728052,0.0011440858175774337,False
823,resnet50,LRP,0.0006507744241389446,0.0010268545389408245,0.0003760801148018799,False
823,resnet50,Random,0.0011784187954617666,0.00042131283589696977,-0.0007571059595647969,True
823,vit_base,Chefer-LRP,0.0007185831731476355,0.009136700490489603,0.008418117317341968,False
823,vit_base,GradCAM,0.000606685736511281,0.009323385171592235,0.008716699435080954,False
823,vit_base,IntegratedGradients,0.0013946008810307832,0.011428301269188524,0.010033700388157742,False
823,vit_base,Random,0.0051939228404080506,0.017234978952910752,0.012041056112502701,False
824,mobilevit_s,GradCAM,0.009917259745998308,0.10734698502346873,0.09742972527747043,False
824,mobilevit_s,IntegratedGradients,0.020149222668260337,0.12879321184009312,0.1086439891718328,False
824,mobilevit_s,Random,0.027643983664165723,0.06351648981362816,0.03587250614946244,False
824,resnet50,GradCAM,0.053605357825290405,0.30302258897572754,0.24941723115043712,False
824,resnet50,IntegratedGradients,0.3973853325471282,0.07297103886667174,-0.3244142936804565,True
824,resnet50,LRP,0.005634737988748384,0.34945945013314483,0.34382471214439647,False
824,resnet50,Random,0.09858104510276464,0.15181495582364735,0.05323391072088271,False
824,vit_base,Chefer-LRP,0.20239444104954601,0.3672584027051926,0.1648639616556466,False
824,vit_base,GradCAM,0.13634572903392836,0.3838416531682015,0.24749592413427315,False
824,vit_base,IntegratedGradients,0.39158080816268925,0.32176272049546245,-0.0698180876672268,True
824,vit_base,Random,0.2997599603608251,0.288823227211833,-0.010936733148992073,True
825,mobilevit_s,GradCAM,0.00010300358408130705,0.002173449068504851,0.002070445484423544,False
825,mobilevit_s,IntegratedGradients,0.0018582837816211396,0.0010669605413568205,-0.0007913232402643191,True
825,mobilevit_s,Random,0.000776473371661268,0.00046973970711405855,-0.0003067336645472095,True
825,resnet50,GradCAM,0.0005282359546981752,0.004287922638468444,0.003759686683770269,False
825,resnet50,IntegratedGradients,0.000499325416967622,0.0021669129215297293,0.0016675875045621073,False
825,resnet50,LRP,0.003364151599816978,0.0006143101876659786,-0.0027498414121509994,True
825,resnet50,Random,0.003598018126831448,0.0015587041387334463,-0.0020393139880980015,True
825,vit_base,Chefer-LRP,0.005800332862418144,0.005963696038816123,0.00016336317639797926,False
825,vit_base,GradCAM,0.015407535957638175,0.022924503183457998,0.007516967225819822,False
825,vit_base,IntegratedGradients,0.009400989965070041,0.0256593921687454,0.01625840220367536,False
825,vit_base,Random,0.2052963454392739,0.05994433873565868,-0.1453520067036152,True
826,mobilevit_s,GradCAM,0.24893921402399427,0.4516791716217995,0.20273995759780522,False
826,mobilevit_s,IntegratedGradients,0.3599094912409783,0.44294718205928807,0.08303769081830975,False
826,mobilevit_s,Random,0.35525196624221284,0.3361792805808364,-0.01907268566137643,True
826,resnet50,GradCAM,0.33737763725221154,0.49988117069005966,0.16250353343784812,False
826,resnet50,IntegratedGradients,0.4296332590281963,0.4998560577630997,0.07022279873490339,False
826,resnet50,LRP,0.30500611392781135,0.4998360872268677,0.19482997329905632,False
826,resnet50,Random,0.2851714585442096,0.28012548310216523,-0.005045975442044381,True
826,vit_base,Chefer-LRP,0.24481531511992213,0.27048253268003464,0.025667217560112504,False
826,vit_base,GradCAM,0.141907888231799,0.37652044296264653,0.23461255473084752,False
826,vit_base,IntegratedGradients,0.2596027538180351,0.2845295093953609,0.02492675557732582,False
826,vit_base,Random,0.29528009742498396,0.340239118039608,0.044959020614624035,False
827,mobilevit_s,GradCAM,0.15819921856746078,0.410555599629879,0.2523563810624182,False
827,mobilevit_s,IntegratedGradients,0.14706430705264212,0.3776714883744717,0.23060718132182956,False
827,mobilevit_s,Random,0.17334694690944163,0.29272769308445273,0.1193807461750111,False
827,resnet50,GradCAM,0.23487970964051785,0.4913455560803413,0.25646584643982345,False
827,resnet50,IntegratedGradients,0.3397725481539965,0.26806556619703775,-0.07170698195695874,True
827,resnet50,LRP,0.12336039937799798,0.4958488017320633,0.37248840235406533,False
827,resnet50,Random,0.17567375730723142,0.15182019464700716,-0.02385356266022426,True
827,vit_base,Chefer-LRP,0.2629831490106881,0.40294079631567,0.1399576473049819,False
827,vit_base,GradCAM,0.21654038764536382,0.3957335829734802,0.1791931953281164,False
827,vit_base,IntegratedGradients,0.3703162714838981,0.3960103213787079,0.02569404989480978,False
827,vit_base,Random,0.39048771411180494,0.2998746529221535,-0.09061306118965146,True
828,mobilevit_s,GradCAM,0.36616859287023545,0.4524321407079696,0.08626354783773416,False
828,mobilevit_s,IntegratedGradients,0.35730490181595087,0.4600732088088989,0.10276830699294803,False
828,mobilevit_s,Random,0.3485616701189429,0.380476133711636,0.03191446359269312,False
828,resnet50,GradCAM,0.2588584685698152,0.49531330317258837,0.23645483460277317,False
828,resnet50,IntegratedGradients,0.4791419759392738,0.4160557531751692,-0.06308622276410464,True
828,resnet50,LRP,0.17840329967439172,0.4914472505450249,0.3130439508706332,False
828,resnet50,Random,0.3302707243477926,0.32827702760696414,-0.0019936967408284434,True
828,vit_base,Chefer-LRP,0.1949342284118757,0.36588548421859735,0.17095125580672166,False
828,vit_base,GradCAM,0.1369570279144682,0.40149626284837725,0.2645392349339091,False
828,vit_base,IntegratedGradients,0.37556624263525007,0.2917814728571102,-0.08378476977813987,True
828,vit_base,Random,0.3434184148907661,0.3495766490697861,0.006158234179020006,False
829,mobilevit_s,GradCAM,0.12499682287452744,0.46296188682317735,0.3379650639486499,False
829,mobilevit_s,IntegratedGradients,0.4199969992041588,0.3667939752340317,-0.053203023970127106,True
829,mobilevit_s,Random,0.25797062780329727,0.22846523629123114,-0.02950539151206613,True
829,resnet50,GradCAM,0.49999937117099763,0.4999999046325683,5.334615706953372e-07,False
829,resnet50,IntegratedGradients,0.4826724499464035,0.4999980419874191,0.01732559204101558,False
829,resnet50,LRP,0.3855269100517035,0.4999999642372131,0.11447305418550963,False
829,resnet50,Random,0.49908751696348186,0.4988414764404297,-0.00024604052305216007,True
829,vit_base,Chefer-LRP,0.4226571530103683,0.42527699619531634,0.002619843184948012,False
829,vit_base,GradCAM,0.41883122175931936,0.4287204653024673,0.009889243543147963,False
829,vit_base,IntegratedGradients,0.4327792897820472,0.43150264471769334,-0.0012766450643538763,True
829,vit_base,Random,0.3950142547488213,0.3748914301395416,-0.020122824609279666,True
830,mobilevit_s,GradCAM,0.02222642034757882,0.28911922946572305,0.2668928091181442,False
830,mobilevit_s,IntegratedGradients,0.14653503168374302,0.16315352991223336,0.016618498228490347,False
830,mobilevit_s,Random,0.048461332265287635,0.035562474327161905,-0.01289885793812573,True
830,resnet50,GradCAM,0.09457730404101314,0.4086471885442734,0.31406988450326023,False
830,resnet50,IntegratedGradients,0.15960896322503687,0.19393995679565704,0.034330993570620166,False
830,resnet50,LRP,0.10175792123191059,0.4251033276319504,0.32334540640003984,False
830,resnet50,Random,0.15680386961903423,0.14327133651822807,-0.013532533100806154,True
830,vit_base,Chefer-LRP,0.13369233943521977,0.2869097352027893,0.15321739576756951,False
830,vit_base,GradCAM,0.11305996548617259,0.27410329282283785,0.16104332733666527,False
830,vit_base,IntegratedGradients,0.2769634574651718,0.1294568317010999,-0.14750662576407192,True
830,vit_base,Random,0.19327246509492402,0.22108706086874008,0.027814595773816064,False
831,mobilevit_s,GradCAM,0.2583512509707362,0.42579082846641536,0.16743957749567917,False
831,mobilevit_s,IntegratedGradients,0.4189126804471016,0.39108428061008454,-0.02782839983701707,True
831,mobilevit_s,Random,0.1807938177487813,0.2461433064308949,0.0653494886821136,False
831,resnet50,GradCAM,0.4761930093169212,0.497590933740139,0.021397924423217807,False
831,resnet50,IntegratedGradients,0.48547625690698626,0.4852135419845581,-0.0002627149224281311,True
831,resnet50,LRP,0.3183550776215271,0.4938414305448532,0.1754863529233261,False
831,resnet50,Random,0.41817889362573624,0.36630033347755675,-0.05187856014817949,True
831,vit_base,Chefer-LRP,0.3119197387248278,0.3591541558504105,0.047234417125582684,False
831,vit_base,GradCAM,0.3445521935820579,0.34466128349304204,0.00010908991098412812,False
831,vit_base,IntegratedGradients,0.37225614786148076,0.30669992640614513,-0.06555622145533563,True
831,vit_base,Random,0.28368930295109746,0.3245946645736695,0.04090536162257202,False
832,mobilevit_s,GradCAM,0.017709492921130738,0.23535128459334373,0.21764179167221298,False
832,mobilevit_s,IntegratedGradients,0.029002267509349623,0.26578152030706403,0.23677925279771442,False
832,mobilevit_s,Random,0.05100764129310846,0.062635681766551,0.011628040473442541,False
832,resnet50,GradCAM,0.0730212087801192,0.3277488559484481,0.2547276471683289,False
832,resnet50,IntegratedGradients,0.11360115984716687,0.34120557606220253,0.22760441621503566,False
832,resnet50,LRP,0.031681578437564896,0.2633695684373379,0.231687989999773,False
832,resnet50,Random,0.1405239786457969,0.21720942170359195,0.07668544305779504,False
832,vit_base,Chefer-LRP,0.008934198145288973,0.08649817109107971,0.07756397294579073,False
832,vit_base,GradCAM,0.009921090130228549,0.10038314461708069,0.09046205448685214,False
832,vit_base,IntegratedGradients,0.07501292437082156,0.06526907011866569,-0.009743854252155876,True
832,vit_base,Random,0.10081153982901016,0.11032921820878983,0.009517678379779668,False
833,mobilevit_s,GradCAM,0.08247757352364718,0.20878720059990882,0.12630962707626164,False
833,mobilevit_s,IntegratedGradients,0.1182053311378695,0.20135356448590752,0.08314823334803802,False
833,mobilevit_s,Random,0.13926903882820627,0.17928416877985,0.040015129951643746,False
833,resnet50,GradCAM,0.03915547656361013,0.2227308012545109,0.18357532469090077,False
833,resnet50,IntegratedGradients,0.07051849886775019,0.08657206296920776,0.01605356410145757,False
833,resnet50,LRP,0.015353590162703767,0.11175222024321557,0.0963986300805118,False
833,resnet50,Random,0.14516136916354297,0.12836222462356092,-0.016799144539982047,True
833,vit_base,Chefer-LRP,0.039360390522051605,0.19478984624147416,0.15542945571942257,False
833,vit_base,GradCAM,0.032997979409992696,0.1878344140946865,0.15483643468469382,False
833,vit_base,IntegratedGradients,0.2028337590396404,0.1455803111195564,-0.057253447920083994,True
833,vit_base,Random,0.1763996034860611,0.20171539112925532,0.025315787643194226,False
834,mobilevit_s,GradCAM,0.030239313654601575,0.1563251662068069,0.1260858525522053,False
834,mobilevit_s,IntegratedGradients,0.04152509829145856,0.024755849968641996,-0.016769248322816566,True
834,mobilevit_s,Random,0.010398058234568455,0.029047230747505638,0.018649172512937184,False
834,resnet50,GradCAM,0.03611587445484474,0.15100096054375173,0.11488508608890699,False
834,resnet50,IntegratedGradients,0.04107969887554645,0.0705360027961433,0.029456303920596852,False
834,resnet50,LRP,0.018509447434917094,0.08494799546897411,0.06643854803405702,False
834,resnet50,Random,0.011026100633898752,0.033191796950995923,0.022165696317097174,False
834,vit_base,Chefer-LRP,0.33795412108302114,0.32320704087615015,-0.014747080206870988,True
834,vit_base,GradCAM,0.21825420055538416,0.34981186538934705,0.1315576648339629,False
834,vit_base,IntegratedGradients,0.3801329001784325,0.35247594863176346,-0.02765695154666903,True
834,vit_base,Random,0.24915528912097215,0.2795047484338284,0.030349459312856236,False
835,mobilevit_s,GradCAM,0.012136820959858595,0.005711704189889132,-0.006425116769969463,True
835,mobilevit_s,IntegratedGradients,0.008652350817283149,0.005851272121071815,-0.0028010786962113336,True
835,mobilevit_s,Random,0.007532984076533468,0.012355586374178528,0.00482260229764506,False
835,resnet50,GradCAM,0.0012395758923958054,0.005728846648707985,0.00448927075631218,False
835,resnet50,IntegratedGradients,0.0025481097891315585,0.012748997425660491,0.010200887636528932,False
835,resnet50,LRP,0.007324356446042657,0.008157332730479538,0.0008329762844368803,False
835,resnet50,Random,0.0024638479466375434,0.003904429843260005,0.0014405818966224614,False
835,vit_base,Chefer-LRP,0.015418125939322633,0.06136926952749491,0.04595114358817228,False
835,vit_base,GradCAM,0.014249723870307209,0.04194612842984498,0.02769640455953777,False
835,vit_base,IntegratedGradients,0.05103236455470324,0.08530614990741014,0.034273785352706906,False
835,vit_base,Random,0.07060083374381065,0.05790966916829347,-0.01269116457551718,True
836,mobilevit_s,GradCAM,0.23778209667652844,0.2527350656688213,0.01495296899229287,False
836,mobilevit_s,IntegratedGradients,0.1380026329308748,0.2907276682555675,0.1527250353246927,False
836,mobilevit_s,Random,0.060486599032446985,0.11748050488531589,0.056993905852868905,False
836,resnet50,GradCAM,0.23038646859349685,0.49996926784515383,0.26958279925165696,False
836,resnet50,IntegratedGradients,0.4843274921178818,0.4999008044600487,0.015573312342166912,False
836,resnet50,LRP,0.25254467108752576,0.4999653518199921,0.2474206807324663,False
836,resnet50,Random,0.43663791380822664,0.46252737119793896,0.025889457389712323,False
836,vit_base,Chefer-LRP,0.3433670080034063,0.42006059139966967,0.07669358339626337,False
836,vit_base,GradCAM,0.39870179966092106,0.43110820949077605,0.03240640982985499,False
836,vit_base,IntegratedGradients,0.3752937197685242,0.42768062502145765,0.052386905252933436,False
836,vit_base,Random,0.43528022617101664,0.3974764958024025,-0.03780373036861412,True
837,mobilevit_s,GradCAM,0.03017164581688121,0.25800104439258575,0.22782939857570456,False
837,mobilevit_s,IntegratedGradients,0.017012321681249887,0.24418611377477648,0.2271737920935266,False
837,mobilevit_s,Random,0.08474468657514081,0.045438664592802526,-0.039306021982338284,True
837,resnet50,GradCAM,0.17453859723173085,0.42187189161777494,0.2473332943860441,False
837,resnet50,IntegratedGradients,0.20407914980314676,0.42414154633879664,0.22006239653564988,False
837,resnet50,LRP,0.07903656470589342,0.30881664762273436,0.22978008291684093,False
837,resnet50,Random,0.03181414582068101,0.11495118828024715,0.08313704245956614,False
837,vit_base,Chefer-LRP,0.19613386485725642,0.34353694617748265,0.14740308132022623,False
837,vit_base,GradCAM,0.19530237866565583,0.3759174093604088,0.18061503069475296,False
837,vit_base,IntegratedGradients,0.2871397154405714,0.4082786336541176,0.12113891821354622,False
837,vit_base,Random,0.1603416773490608,0.15590896946378055,-0.004432707885280246,True
838,mobilevit_s,GradCAM,0.04085523961111903,0.4594138607382774,0.41855862112715836,False
838,mobilevit_s,IntegratedGradients,0.022568582906387746,0.22060102671384815,0.1980324438074604,False
838,mobilevit_s,Random,0.22048307802833733,0.2078394956799457,-0.012643582348391635,True
838,resnet50,GradCAM,0.08530497492756696,0.49996874332427976,0.4146637683967128,False
838,resnet50,IntegratedGradients,0.04019811258185655,0.4999610602855683,0.45976294770371173,False
838,resnet50,LRP,0.03794042671797797,0.4999708026647568,0.4620303759467788,False
838,resnet50,Random,0.27698971556965263,0.3573759926948697,0.08038627712521706,False
838,vit_base,Chefer-LRP,0.07129452545195819,0.4387284189462662,0.367433893494308,False
838,vit_base,GradCAM,0.03833569893613458,0.42797954529523846,0.3896438463591039,False
838,vit_base,IntegratedGradients,0.1358112215064466,0.441100312769413,0.30528909126296644,False
838,vit_base,Random,0.361088015511632,0.3984199039638043,0.03733188845217228,False
839,mobilevit_s,GradCAM,0.020821566425729545,0.23539351001381875,0.2145719435880892,False
839,mobilevit_s,IntegratedGradients,0.0232582226395607,0.1048486042302102,0.08159038159064949,False
839,mobilevit_s,Random,0.03305069766938687,0.04305741948774084,0.010006721818353971,False
839,resnet50,GradCAM,0.01188809437371674,0.18899489399045705,0.1771067996167403,False
839,resnet50,IntegratedGradients,0.02723633573623374,0.12942994743934833,0.10219361170311458,False
839,resnet50,LRP,0.016547571831324603,0.15254036374390129,0.13599279191257668,False
839,resnet50,Random,0.010231384541839361,0.014621742011513561,0.0043903574696742,False
839,vit_base,Chefer-LRP,0.13938697255216542,0.2678512044250965,0.1284642318729311,False
839,vit_base,GradCAM,0.205667157843709,0.25510733425617216,0.04944017641246315,False
839,vit_base,IntegratedGradients,0.2508898835629225,0.3196509622037411,0.0687610786408186,False
839,vit_base,Random,0.2793733570724726,0.22908478751778605,-0.050288569554686524,True
840,mobilevit_s,GradCAM,0.03327556752283272,0.3768124639987946,0.34353689647596186,False
840,mobilevit_s,IntegratedGradients,0.30459056049585337,0.07413241803369601,-0.23045814246215734,True
840,mobilevit_s,Random,0.06488862966398302,0.10050301515875619,0.035614385494773165,False
840,resnet50,GradCAM,0.0848376516980352,0.4912259146571159,0.4063882629590807,False
840,resnet50,IntegratedGradients,0.09850346376479138,0.47659030258655544,0.3780868388217641,False
840,resnet50,LRP,0.04874422985303682,0.4638829782605171,0.4151387484074803,False
840,resnet50,Random,0.03944694127421826,0.16246728731202897,0.12302034603781072,False
840,vit_base,Chefer-LRP,0.08193600611848524,0.32113764584064486,0.23920163972215963,False
840,vit_base,GradCAM,0.05468176855320054,0.3472264319658279,0.29254466341262736,False
840,vit_base,IntegratedGradients,0.06304362933442463,0.30384576320648193,0.2408021338720573,False
840,vit_base,Random,0.14419855025480502,0.17072583184344697,0.026527281588641954,False
841,mobilevit_s,GradCAM,0.2000248271971941,0.44007285982370375,0.24004803262650964,False
841,mobilevit_s,IntegratedGradients,0.42390559390187266,0.351016540825367,-0.07288905307650567,True
841,mobilevit_s,Random,0.3602126345038414,0.31186568981502205,-0.04834694468881934,True
841,resnet50,GradCAM,0.32679599523544306,0.417450375109911,0.09065437987446795,False
841,resnet50,IntegratedGradients,0.07914029113017022,0.43275724649429315,0.3536169553641229,False
841,resnet50,LRP,0.09686012074234895,0.38357715606689446,0.2867170353245455,False
841,resnet50,Random,0.20245064934715631,0.08299155314452947,-0.11945909620262685,True
841,vit_base,Chefer-LRP,0.28647308573126795,0.37733036428689953,0.09085727855563158,False
841,vit_base,GradCAM,0.26104280054569245,0.37843131422996523,0.11738851368427278,False
841,vit_base,IntegratedGradients,0.24712465927004815,0.3985105887055397,0.15138592943549153,False
841,vit_base,Random,0.2958917796611786,0.31433499101549384,0.01844321135431526,False
842,mobilevit_s,GradCAM,0.1855811582412571,0.3807096607983113,0.19512850255705422,False
842,mobilevit_s,IntegratedGradients,0.14799646614119416,0.4906257942318917,0.3426293280906975,False
842,mobilevit_s,Random,0.24745537550188604,0.20577802917978263,-0.041677346322103404,True
842,resnet50,GradCAM,0.3490340553456918,0.49957902878522875,0.15054497343953693,False
842,resnet50,IntegratedGradients,0.18531959899701175,0.49941350519657135,0.31409390619955957,False
842,resnet50,LRP,0.21877768625272437,0.49930222034454347,0.2805245340918191,False
842,resnet50,Random,0.22055929520865902,0.3338102587149479,0.11325096350628888,False
842,vit_base,Chefer-LRP,0.36510269455611705,0.40563406348228453,0.04053136892616749,False
842,vit_base,GradCAM,0.2749088521115482,0.4159156605601311,0.14100680844858288,False
842,vit_base,IntegratedGradients,0.4076275065541268,0.40555716902017597,-0.0020703375339508057,True
842,vit_base,Random,0.42373479753732685,0.38216850012540815,-0.041566297411918696,True
843,mobilevit_s,GradCAM,0.0741570506776043,0.38852028846740716,0.31436323778980285,False
843,mobilevit_s,IntegratedGradients,0.22967237709090113,0.3940838888287544,0.16441151173785326,False
843,mobilevit_s,Random,0.41406362503767025,0.4036109104752541,-0.010452714562416143,True
843,resnet50,GradCAM,0.10620855216002383,0.49428597688674925,0.3880774247267254,False
843,resnet50,IntegratedGradients,0.05813925670081517,0.4904604569077492,0.43232120020693404,False
843,resnet50,LRP,0.04796271371524199,0.4854610651731491,0.4374983514579071,False
843,resnet50,Random,0.243198102718452,0.16023048706565535,-0.08296761565279664,True
843,vit_base,Chefer-LRP,0.11007002037367784,0.31205623820424083,0.20198621783056298,False
843,vit_base,GradCAM,0.06226971106661949,0.3279151856899261,0.2656454746233066,False
843,vit_base,IntegratedGradients,0.21884881146252155,0.3196649238467216,0.10081611238420007,False
843,vit_base,Random,0.25984282940626147,0.27144220769405364,0.011599378287792173,False
844,mobilevit_s,GradCAM,0.08646430046646857,0.4466912508010864,0.3602269503346178,False
844,mobilevit_s,IntegratedGradients,0.3232648344710469,0.3019912156276405,-0.02127361884340645,True
844,mobilevit_s,Random,0.09237979260506109,0.13736429868731648,0.04498450608225539,False
844,resnet50,GradCAM,0.279042034324084,0.49869691133499144,0.21965487701090747,False
844,resnet50,IntegratedGradients,0.33624918246641755,0.47492576092481614,0.1386765784583986,False
844,resnet50,LRP,0.07717769733208116,0.49740865230560305,0.4202309549735219,False
844,resnet50,Random,0.14125611504423433,0.06388751739195868,-0.07736859765227565,True
844,vit_base,Chefer-LRP,0.2447181241586805,0.3483665525913239,0.10364842843264338,False
844,vit_base,GradCAM,0.24746914299321365,0.3687017679214478,0.12123262492823417,False
844,vit_base,IntegratedGradients,0.34257402718067176,0.3704150542616844,0.02784102708101266,False
844,vit_base,Random,0.3078592777252198,0.3428120598196983,0.034952782094478496,False
845,mobilevit_s,GradCAM,0.27024795482866465,0.45834462642669677,0.18809667159803212,False
845,mobilevit_s,IntegratedGradients,0.06302695440535899,0.4532421544194221,0.3902152000140631,False
845,mobilevit_s,Random,0.08625780166476035,0.14752256415667947,0.06126476249191912,False
845,resnet50,GradCAM,0.2893362170318142,0.4999803513288498,0.2106441342970356,False
845,resnet50,IntegratedGradients,0.3195714074943681,0.4998957484960556,0.18032434100168754,False
845,resnet50,LRP,0.08788534427876585,0.49998806715011596,0.4121027228713501,False
845,resnet50,Random,0.24802985570277086,0.13812385851488215,-0.10990599718788871,True
845,vit_base,Chefer-LRP,0.32487180943135174,0.42761994153261185,0.1027481321012601,False
845,vit_base,GradCAM,0.3214757151901722,0.43753773868083956,0.11606202349066735,False
845,vit_base,IntegratedGradients,0.43638932108879086,0.4449027881026268,0.00851346701383593,False
845,vit_base,Random,0.35910599734634163,0.4376787096261978,0.07857271227985618,False
846,mobilevit_s,GradCAM,0.08047918213997036,0.4669818118214607,0.38650262968149035,False
846,mobilevit_s,IntegratedGradients,0.41115431375801564,0.43987828940153123,0.028723975643515587,False
846,mobilevit_s,Random,0.2706494739279151,0.2571420185267926,-0.013507455401122526,True
846,resnet50,GradCAM,0.061813984933542086,0.48196521252393726,0.4201512275903952,False
846,resnet50,IntegratedGradients,0.03804370092111639,0.4591694489121437,0.4211257479910273,False
846,resnet50,LRP,0.06456428430974484,0.45478945672512056,0.3902251724153757,False
846,resnet50,Random,0.03615391367347911,0.056166103249415754,0.020012189575936645,False
846,vit_base,Chefer-LRP,0.17332834377884865,0.29130205139517784,0.1179737076163292,False
846,vit_base,GradCAM,0.15198012485634538,0.24533866643905644,0.09335854158271106,False
846,vit_base,IntegratedGradients,0.25627251565456394,0.2535392060875893,-0.002733309566974651,True
846,vit_base,Random,0.18994739593472332,0.23361563608050348,0.04366824014578016,False
847,mobilevit_s,GradCAM,0.3040180161595345,0.4492250040173531,0.1452069878578186,False
847,mobilevit_s,IntegratedGradients,0.3800928100943565,0.4082990378141403,0.02820622771978376,False
847,mobilevit_s,Random,0.2805238882545383,0.26306182132102557,-0.01746206693351271,True
847,resnet50,GradCAM,0.4999760419130326,0.49999854564666746,2.2503733634882117e-05,False
847,resnet50,IntegratedGradients,0.4999933958053589,0.4999883592128754,-5.036592483520508e-06,True
847,resnet50,LRP,0.4999818861484528,0.4999839365482331,2.050399780295642e-06,False
847,resnet50,Random,0.4803340449929237,0.4944028228521347,0.014068777859211012,False
847,vit_base,Chefer-LRP,0.4401111349463463,0.43084172010421756,-0.009269414842128731,True
847,vit_base,GradCAM,0.44010705053806304,0.4346030279994011,-0.005504022538661946,True
847,vit_base,IntegratedGradients,0.44002173393964766,0.4230101883411407,-0.017011545598506983,True
847,vit_base,Random,0.43339732736349107,0.4338853076100349,0.00048798024654383987,False
848,mobilevit_s,GradCAM,0.05524655096232892,0.14463901557028294,0.08939246460795403,False
848,mobilevit_s,IntegratedGradients,0.009485136210241761,0.24151991233229636,0.2320347761220546,False
848,mobilevit_s,Random,0.01838501380425441,0.015537325184686777,-0.0028476886195676343,True
848,resnet50,GradCAM,0.009761020732548786,0.12430650144815446,0.11454548071560568,False
848,resnet50,IntegratedGradients,0.009736567692743848,0.15403565391898152,0.1442990862262377,False
848,resnet50,LRP,0.009803137817652897,0.20498749613761902,0.1951843583199661,False
848,resnet50,Random,0.01831054362701252,0.047603779053315524,0.029293235426303004,False
848,vit_base,Chefer-LRP,0.12665489609353248,0.4103957414627075,0.28374084536917504,False
848,vit_base,GradCAM,0.10916124521754683,0.40760532170534136,0.29844407648779453,False
848,vit_base,IntegratedGradients,0.142916405457072,0.41431259363889694,0.271396188181825,False
848,vit_base,Random,0.35612754449248313,0.12835220749548173,-0.2277753369970014,True
849,mobilevit_s,GradCAM,0.0465735694859177,0.476688215136528,0.4301146456506103,False
849,mobilevit_s,IntegratedGradients,0.022460368838437716,0.43824898898601533,0.4157886201475776,False
849,mobilevit_s,Random,0.0968734227681125,0.11646539682114965,0.019591974053037142,False
849,resnet50,GradCAM,0.026737162028439343,0.4998769134283066,0.47313975139986725,False
849,resnet50,IntegratedGradients,0.13177336243679746,0.49990672618150717,0.36813336374470973,False
849,resnet50,LRP,0.02713389848067891,0.49991864860057833,0.4727847501198994,False
849,resnet50,Random,0.14387788433814422,0.2416247448738432,0.09774686053569898,False
849,vit_base,Chefer-LRP,0.05461012973100878,0.4523657277226448,0.397755597991636,False
849,vit_base,GradCAM,0.10314782266505064,0.44990154802799226,0.34675372536294163,False
849,vit_base,IntegratedGradients,0.3248306211084128,0.3500773698091507,0.025246748700737898,False
849,vit_base,Random,0.26028622658923267,0.29503111210651695,0.034744885517284274,False
850,mobilevit_s,GradCAM,0.2933709129691124,0.1982025422155857,-0.09516837075352669,True
850,mobilevit_s,IntegratedGradients,0.13446297984191916,0.33554551047272985,0.2010825306308107,False
850,mobilevit_s,Random,0.1836843672965188,0.0983600515715807,-0.0853243157249381,True
850,resnet50,GradCAM,0.0825405661133118,0.490269760787487,0.40772919467417523,False
850,resnet50,IntegratedGradients,0.04494212500285357,0.47835436910390855,0.433412244101055,False
850,resnet50,LRP,0.050032135203946386,0.491283643245697,0.4412515080417506,False
850,resnet50,Random,0.23802263996331022,0.0649870126741007,-0.17303562728920951,True
850,vit_base,Chefer-LRP,0.27597270645201205,0.4036171793937683,0.12764447294175624,False
850,vit_base,GradCAM,0.18583307601511478,0.3691461130976677,0.18331303708255292,False
850,vit_base,IntegratedGradients,0.3717548966407776,0.3910903349518776,0.019335438311100017,False
850,vit_base,Random,0.37434681393206126,0.4151780247688293,0.04083121083676805,False
851,mobilevit_s,GradCAM,0.13752272229176016,0.4095247298479081,0.27200200755614795,False
851,mobilevit_s,IntegratedGradients,0.1900600917637348,0.35616633705794815,0.16610624529421333,False
851,mobilevit_s,Random,0.17796354935853742,0.21364090148126708,0.035677352122729655,False
851,resnet50,GradCAM,0.3035793611081317,0.4825841531157493,0.1790047920076176,False
851,resnet50,IntegratedGradients,0.4550246000289917,0.49712498188018794,0.042100381851196245,False
851,resnet50,LRP,0.28298119548708206,0.4915887042880059,0.20860750880092382,False
851,resnet50,Random,0.21532141440147823,0.24040887976880185,0.02508746536732362,False
851,vit_base,Chefer-LRP,0.3805957019329071,0.4198034077882767,0.03920770585536959,False
851,vit_base,GradCAM,0.3346757847815753,0.4168015316128731,0.08212574683129781,False
851,vit_base,IntegratedGradients,0.37449919208884247,0.39265106022357943,0.01815186813473696,False
851,vit_base,Random,0.41692371070384976,0.38865896761417396,-0.028264743089675803,True
852,mobilevit_s,GradCAM,0.21584534407593312,0.4750377908349037,0.2591924467589706,False
852,mobilevit_s,IntegratedGradients,0.09973414754203988,0.3773931555449963,0.2776590080029564,False
852,mobilevit_s,Random,0.1322564729968008,0.15431579796613734,0.022059324969336547,False
852,resnet50,GradCAM,0.38999038785696033,0.4999999970197678,0.11000960916280744,False
852,resnet50,IntegratedGradients,0.4030192440375686,0.4999927282333374,0.09697348419576879,False
852,resnet50,LRP,0.26048485222854656,0.49999994635581974,0.23951509412727318,False
852,resnet50,Random,0.31822952236980195,0.3843555309809744,0.06612600861117246,False
852,vit_base,Chefer-LRP,0.39914135038852694,0.37195403240621094,-0.027187317982315995,True
852,vit_base,GradCAM,0.41291342079639437,0.4121999129652977,-0.0007135078310966936,True
852,vit_base,IntegratedGradients,0.4391060099005699,0.4045006766915321,-0.0346053332090378,True
852,vit_base,Random,0.408498877286911,0.42958287149667734,0.021083994209766366,False
853,mobilevit_s,GradCAM,0.0006937013851711527,0.0029537152324337515,0.0022600138472625986,False
853,mobilevit_s,IntegratedGradients,0.011759260884718969,0.0003578988854087584,-0.01140136199931021,True
853,mobilevit_s,Random,0.0003200180482963332,0.00027495905487739947,-4.505899341893376e-05,True
853,resnet50,GradCAM,0.001697876228718087,0.004324516619089991,0.0026266403903719036,False
853,resnet50,IntegratedGradients,0.0012301669048611075,0.0056147559429518875,0.00438458903809078,False
853,resnet50,LRP,0.005288550193654373,0.004882577701937407,-0.00040597249171696586,True
853,resnet50,Random,0.0026264659012667836,0.003870250430190936,0.0012437845289241523,False
853,vit_base,Chefer-LRP,0.0068256999948062,0.055382623896002764,0.048556923901196564,False
853,vit_base,GradCAM,0.009984368213918059,0.021147348545491693,0.011162980331573634,False
853,vit_base,IntegratedGradients,0.006605559051968157,0.03056668206118047,0.023961123009212316,False
853,vit_base,Random,0.025912791187874977,0.014196005626581612,-0.011716785561293365,True
854,mobilevit_s,GradCAM,0.1535503396531567,0.45144650936126707,0.2978961697081104,False
854,mobilevit_s,IntegratedGradients,0.10863738137122711,0.3757102444767952,0.2670728631055681,False
854,mobilevit_s,Random,0.18202813542447988,0.2500347908586264,0.06800665543414652,False
854,resnet50,GradCAM,0.3582708366215229,0.4937719032168389,0.13550106659531597,False
854,resnet50,IntegratedGradients,0.4883592635393143,0.48596901595592495,-0.002390247583389349,True
854,resnet50,LRP,0.2451633200049401,0.489616984128952,0.2444536641240119,False
854,resnet50,Random,0.385537431249395,0.39069211259484293,0.005154681345447942,False
854,vit_base,Chefer-LRP,0.17104385863058272,0.3229221060872078,0.15187824745662507,False
854,vit_base,GradCAM,0.12982936303596943,0.3598078772425652,0.22997851420659576,False
854,vit_base,IntegratedGradients,0.39148931205272675,0.3345882654190064,-0.056901046633720365,True
854,vit_base,Random,0.3271356917917729,0.38186184912920007,0.054726157337427195,False
855,mobilevit_s,GradCAM,0.059019937558332465,0.3792114764451981,0.32019153888686563,False
855,mobilevit_s,IntegratedGradients,0.08443445950797468,0.3095146507024765,0.22508019119450184,False
855,mobilevit_s,Random,0.1579664831881928,0.19410974081820317,0.03614325763001036,False
855,resnet50,GradCAM,0.13457171563059092,0.4918618559837341,0.3572901403531432,False
855,resnet50,IntegratedGradients,0.21135085885180163,0.4690426751971245,0.2576918163453229,False
855,resnet50,LRP,0.12077358732931315,0.4854565635323525,0.36468297620303936,False
855,resnet50,Random,0.47695702165365217,0.35117339286953214,-0.12578362878412003,True
855,vit_base,Chefer-LRP,0.13642580695450307,0.259960051625967,0.12353424467146396,False
855,vit_base,GradCAM,0.05767053494346329,0.274099288880825,0.21642875393736172,False
855,vit_base,IntegratedGradients,0.25981176011264323,0.24693987555801866,-0.012871884554624569,True
855,vit_base,Random,0.3073996514081956,0.25252499543130397,-0.05487465597689162,True
856,mobilevit_s,GradCAM,0.01894896512967535,0.35327045023441317,0.3343214851047378,False
856,mobilevit_s,IntegratedGradients,0.0344671371858567,0.14057154916226866,0.10610441197641196,False
856,mobilevit_s,Random,0.13472061912980282,0.04334855285851519,-0.09137206627128763,True
856,resnet50,GradCAM,0.023922086040693107,0.4814020350575447,0.4574799490168516,False
856,resnet50,IntegratedGradients,0.024276789824943988,0.4132970467209816,0.38902025689603764,False
856,resnet50,LRP,0.02175419827035512,0.45488926619291303,0.4331350679225579,False
856,resnet50,Random,0.07307763164240058,0.07498927277402388,0.0019116411316233012,False
856,vit_base,Chefer-LRP,0.028612688567955045,0.31002565175294877,0.2814129631849937,False
856,vit_base,GradCAM,0.01992832123069093,0.3379293575882912,0.31800103635760024,False
856,vit_base,IntegratedGradients,0.04641602605115622,0.2848664507269859,0.2384504246758297,False
856,vit_base,Random,0.1377780133392662,0.15498447748832406,0.017206464149057854,False
857,mobilevit_s,GradCAM,0.15498541883716824,0.45864549875259397,0.30366007991542576,False
857,mobilevit_s,IntegratedGradients,0.3941950052045286,0.45281761735677717,0.058622612152248565,False
857,mobilevit_s,Random,0.29558000877732415,0.27910838318057357,-0.016471625596750583,True
857,resnet50,GradCAM,0.49120617657899857,0.49999998807907103,0.008793811500072468,False
857,resnet50,IntegratedGradients,0.490937988460064,0.4999999761581421,0.009061987698078144,False
857,resnet50,LRP,0.2831314203329385,0.4999999791383743,0.21686855880543582,False
857,resnet50,Random,0.3373949432483641,0.3232736795533129,-0.014121263695051234,True
857,vit_base,Chefer-LRP,0.4241247162222862,0.43464035093784337,0.010515634715557165,False
857,vit_base,GradCAM,0.4576851204037667,0.41836416572332386,-0.03932095468044283,True
857,vit_base,IntegratedGradients,0.4501927509903908,0.4497533679008484,-0.0004393830895423889,True
857,vit_base,Random,0.4231940180063248,0.4109210103750228,-0.012273007631301958,True
858,mobilevit_s,GradCAM,0.3186273880302906,0.46233931630849834,0.14371192827820772,False
858,mobilevit_s,IntegratedGradients,0.41653388142585757,0.4394257672131062,0.022891885787248656,False
858,mobilevit_s,Random,0.3299614969640971,0.34749845538754015,0.01753695842344305,False
858,resnet50,GradCAM,0.4967864960432053,0.4999928951263428,0.0032063990831375233,False
858,resnet50,IntegratedGradients,0.49964055716991423,0.4985492631793022,-0.00109129399061203,True
858,resnet50,LRP,0.48925119638442993,0.4999525547027588,0.010701358318328857,False
858,resnet50,Random,0.33093578311753624,0.3159560792148114,-0.01497970390272485,True
858,vit_base,Chefer-LRP,0.2286812806501985,0.4223833680152893,0.1937020873650908,False
858,vit_base,GradCAM,0.23459302745759486,0.41582570075988773,0.18123267330229287,False
858,vit_base,IntegratedGradients,0.351717296242714,0.40293896943330765,0.051221673190593675,False
858,vit_base,Random,0.3937180817127228,0.32792508853599434,-0.06579299317672849,True
859,mobilevit_s,GradCAM,0.018371112755266948,0.03598578292876482,0.017614670173497875,False
859,mobilevit_s,IntegratedGradients,0.010432967543601991,0.08786399783566595,0.07743103029206397,False
859,mobilevit_s,Random,0.036464982526376845,0.023076169611886146,-0.013388812914490698,True
859,resnet50,GradCAM,0.0008962159477960086,0.14799679601565002,0.147100580067854,False
859,resnet50,IntegratedGradients,0.005879193339205812,0.11187131488695741,0.1059921215477516,False
859,resnet50,LRP,0.002797883015591652,0.15360816540196537,0.15081028238637373,False
859,resnet50,Random,0.030178791867774637,0.03594577227368632,0.005766980405911681,False
859,vit_base,Chefer-LRP,0.05567336589156185,0.40324782431125644,0.3475744584196946,False
859,vit_base,GradCAM,0.06362778081347643,0.371311803162098,0.3076840223486216,False
859,vit_base,IntegratedGradients,0.07693768679746427,0.35210333541035654,0.2751656486128923,False
859,vit_base,Random,0.31826029531657696,0.23527154731564223,-0.08298874800093473,True
860,mobilevit_s,GradCAM,0.028544084767054303,0.4233111873269081,0.3947671025598538,False
860,mobilevit_s,IntegratedGradients,0.024050924255061546,0.27609713524580004,0.2520462109907385,False
860,mobilevit_s,Random,0.1027311483718222,0.06042085349909031,-0.0423102948727319,True
860,resnet50,GradCAM,0.021489870215009435,0.41464957147836684,0.3931597012633574,False
860,resnet50,IntegratedGradients,0.05926568769536971,0.2705851748585701,0.21131948716320037,False
860,resnet50,LRP,0.019321343229239576,0.36971977800130845,0.3503984347720689,False
860,resnet50,Random,0.189784004201556,0.08829430752957707,-0.10148969667197894,True
860,vit_base,Chefer-LRP,0.01954374302440556,0.3255726873874664,0.3060289443630609,False
860,vit_base,GradCAM,0.021014575604931453,0.351317372918129,0.3303027973131975,False
860,vit_base,IntegratedGradients,0.051818145965808075,0.35576250553131106,0.303944359565503,False
860,vit_base,Random,0.10729898940771819,0.18894231114536525,0.08164332173764706,False
861,mobilevit_s,GradCAM,0.008080830704420805,0.01600619268137962,0.007925361976958813,False
861,mobilevit_s,IntegratedGradients,0.007156799163203687,0.006123388826381415,-0.0010334103368222717,True
861,mobilevit_s,Random,0.002591872878110735,0.0030480412191536744,0.0004561683410429394,False
861,resnet50,GradCAM,0.0003975739629822783,0.012306231260299682,0.011908657297317403,False
861,resnet50,IntegratedGradients,0.0008379250230063918,0.000951207007165067,0.00011328198415867514,False
861,resnet50,LRP,0.003941701518488117,0.00049337036543875,-0.003448331153049367,True
861,resnet50,Random,0.0005096074746688829,0.000553796136227902,4.4188661559019064e-05,False
861,vit_base,Chefer-LRP,0.0083056922419928,0.060386904049664736,0.05208121180767193,False
861,vit_base,GradCAM,0.02303680181503296,0.022484706854447725,-0.0005520949605852359,True
861,vit_base,IntegratedGradients,0.018379114527488128,0.0538056690711528,0.03542655454366467,False
861,vit_base,Random,0.02492674611276016,0.02585515566170216,0.0009284095489420011,False
862,mobilevit_s,GradCAM,0.010686157923191785,0.020745223271660507,0.010059065348468722,False
862,mobilevit_s,IntegratedGradients,0.014464100090117428,0.003992834390373901,-0.010471265699743527,True
862,mobilevit_s,Random,0.0031770572314599125,0.0011830606214061846,-0.0019939966100537276,True
862,resnet50,GradCAM,0.015894307394046337,0.2521665297448635,0.23627222235081713,False
862,resnet50,IntegratedGradients,0.03535765060223639,0.0647727158619091,0.029415065259672704,False
862,resnet50,LRP,0.01096428022501641,0.26507161781191824,0.25410733758690185,False
862,resnet50,Random,0.012781565079785654,0.04122127013397404,0.028439705054188386,False
862,vit_base,Chefer-LRP,0.00973328313557431,0.09684513565152883,0.08711185251595452,False
862,vit_base,GradCAM,0.007597922091372312,0.15516668651252985,0.14756876442115754,False
862,vit_base,IntegratedGradients,0.09201278369873761,0.05516782850027084,-0.03684495519846677,True
862,vit_base,Random,0.017323739256244156,0.01613276358693838,-0.0011909756693057744,True
863,mobilevit_s,GradCAM,0.25528762659523635,0.4311153084039688,0.17582768180873243,False
863,mobilevit_s,IntegratedGradients,0.29432593530509626,0.43487035632133486,0.1405444210162386,False
863,mobilevit_s,Random,0.30115060322350473,0.3090124195150565,0.007861816291551749,False
863,resnet50,GradCAM,0.4003017149865627,0.4999999165534973,0.0996982015669346,False
863,resnet50,IntegratedGradients,0.3803897479549051,0.49999978542327883,0.11961003746837373,False
863,resnet50,LRP,0.38111707717180254,0.4999999046325684,0.11888282746076584,False
863,resnet50,Random,0.3426930362096755,0.3016165262204595,-0.041076509989216026,True
863,vit_base,Chefer-LRP,0.34665089994668963,0.4342977747321129,0.08764687478542327,False
863,vit_base,GradCAM,0.34084338024258615,0.435774989426136,0.09493160918354987,False
863,vit_base,IntegratedGradients,0.41586651504039773,0.43484017103910444,0.018973655998706707,False
863,vit_base,Random,0.4398512840270996,0.41417035907506944,-0.02568092495203017,True
864,mobilevit_s,GradCAM,0.003124904268770479,0.09412400715518743,0.09099910288641695,False
864,mobilevit_s,IntegratedGradients,0.012577363266609609,0.04803865340072661,0.035461290134117,False
864,mobilevit_s,Random,0.009414072171784938,0.006350477458909155,-0.003063594712875783,True
864,resnet50,GradCAM,0.00016582573334744666,0.0009279990066715979,0.0007621732733241513,False
864,resnet50,IntegratedGradients,0.005286592619086149,0.0005163418063602876,-0.004770250812725862,True
864,resnet50,LRP,0.005639976215024945,0.00015867740439716725,-0.0054812988106277775,True
864,resnet50,Random,0.0018901785879279487,0.0009247690890333616,-0.0009654094988945871,True
864,vit_base,Chefer-LRP,0.00216407117259223,0.018218252563383427,0.0160541813907912,False
864,vit_base,GradCAM,0.0022664118849206713,0.02312446512514725,0.02085805324022658,False
864,vit_base,IntegratedGradients,0.003787121866480448,0.011699672287795691,0.007912550421315244,False
864,vit_base,Random,0.009155159466899931,0.0071325862314552055,-0.002022573235444726,True
865,mobilevit_s,GradCAM,0.00025752335350262,6.717000646858651e-05,-0.00019035334703403347,True
865,mobilevit_s,IntegratedGradients,0.002920229293522425,0.00011316465170239098,-0.002807064641820034,True
865,mobilevit_s,Random,0.00027231239946559074,0.00021706037296098657,-5.525202650460417e-05,True
865,resnet50,GradCAM,0.00012426272060110934,0.0007930287709314143,0.0006687660503303049,False
865,resnet50,IntegratedGradients,0.00010228191229089134,0.0005508683199877852,0.0004485864076968939,False
865,resnet50,LRP,0.00852674361958634,9.892968209896936e-05,-0.008427813937487372,True
865,resnet50,Random,0.00042412750171934023,0.0003114358482889657,-0.00011269165343037453,True
865,vit_base,Chefer-LRP,0.00017418775532860312,0.006415971519891173,0.00624178376456257,False
865,vit_base,GradCAM,0.00015193398558039918,0.001613500202074647,0.001461566216494248,False
865,vit_base,IntegratedGradients,0.00047267279733205215,0.003553272213321179,0.0030805994159891267,False
865,vit_base,Random,0.0024021841934882106,0.010104968765517698,0.007702784572029488,False
866,mobilevit_s,GradCAM,0.1436334260739386,0.4147266954183578,0.27109326934441924,False
866,mobilevit_s,IntegratedGradients,0.13053443997632713,0.4670144632458687,0.3364800232695416,False
866,mobilevit_s,Random,0.28846647208556536,0.4260225608944893,0.13755608880892395,False
866,resnet50,GradCAM,0.15935105120297524,0.4999824345111847,0.3406313833082094,False
866,resnet50,IntegratedGradients,0.1684040635940619,0.4999899983406067,0.3315859347465448,False
866,resnet50,LRP,0.15063558964757248,0.49999009668827055,0.34935450704069804,False
866,resnet50,Random,0.3483573220903054,0.4465511173009873,0.09819379521068189,False
866,vit_base,Chefer-LRP,0.24489348176866774,0.4011706128716469,0.15627713110297917,False
866,vit_base,GradCAM,0.16465385340852665,0.4494613319635391,0.2848074785550124,False
866,vit_base,IntegratedGradients,0.40757717266678806,0.4181811362504959,0.010603963583707854,False
866,vit_base,Random,0.3927274867892266,0.3979311391711235,0.005203652381896906,False
867,mobilevit_s,GradCAM,0.055454728705808524,0.2676897086203099,0.21223497991450135,False
867,mobilevit_s,IntegratedGradients,0.15514198653399947,0.07644967945234384,-0.07869230708165563,True
867,mobilevit_s,Random,0.09995402652575648,0.07873649101929914,-0.021217535506457344,True
867,resnet50,GradCAM,4.18375718822972e-05,0.010621656599687411,0.010579819027805113,False
867,resnet50,IntegratedGradients,0.07865793261444197,0.00043125056727149046,-0.07822668204717048,True
867,resnet50,LRP,0.013563413757947276,0.0002180129567022959,-0.01334540080124498,True
867,resnet50,Random,0.02820114271489729,0.00850607020329335,-0.01969507251160394,True
867,vit_base,Chefer-LRP,0.0057928568625357,0.07983198380097746,0.07403912693844177,False
867,vit_base,GradCAM,0.008083336503477768,0.09434391669929026,0.0862605801958125,False
867,vit_base,IntegratedGradients,0.028862744010984893,0.03612803919240832,0.007265295181423426,False
867,vit_base,Random,0.031170389521867035,0.07943900329992173,0.0482686137780547,False
868,mobilevit_s,GradCAM,0.0008709892863407731,0.03144746178295464,0.03057647249661387,False
868,mobilevit_s,IntegratedGradients,0.030324262432986873,0.01223200620152056,-0.018092256231466312,True
868,mobilevit_s,Random,0.028135159402154383,0.061871882202103726,0.03373672279994934,False
868,resnet50,GradCAM,9.490186284892842e-05,0.00011830692646981332,2.3405063620884897e-05,False
868,resnet50,IntegratedGradients,0.0007461841381427803,1.2679583892349913e-05,-0.0007335045542504304,True
868,resnet50,LRP,0.00028844618491348224,8.528349799235001e-05,-0.00020316268692113223,True
868,resnet50,Random,0.0010621457595334503,0.00014546357324434208,-0.0009166821862891082,True
868,vit_base,Chefer-LRP,0.003064734488725662,0.012042526993900536,0.008977792505174874,False
868,vit_base,GradCAM,0.0013518567298888232,0.01325153009966016,0.011899673369771336,False
868,vit_base,IntegratedGradients,0.0033386026276275515,0.01092047169804573,0.007581869070418178,False
868,vit_base,Random,0.007227774453349411,0.005047066576662475,-0.002180707876686936,True
869,mobilevit_s,GradCAM,0.04127243265975267,0.4763070806860924,0.43503464802633973,False
869,mobilevit_s,IntegratedGradients,0.1667789729719516,0.4583562850952148,0.2915773121232632,False
869,mobilevit_s,Random,0.16151071613276144,0.18284083375765475,0.021330117624893313,False
869,resnet50,GradCAM,0.05321936610271223,0.4876455292105675,0.43442616310785526,False
869,resnet50,IntegratedGradients,0.14250696366652846,0.4864006221294403,0.34389365846291187,False
869,resnet50,LRP,0.04045992790488526,0.4914878427982331,0.4510279148933478,False
869,resnet50,Random,0.23950645455624908,0.2150936983583961,-0.02441275619785299,True
869,vit_base,Chefer-LRP,0.08175265919417142,0.43234101831912997,0.35058835912495856,False
869,vit_base,GradCAM,0.047335560934152456,0.44048063158988954,0.39314507065573706,False
869,vit_base,IntegratedGradients,0.39047618061304096,0.4227377250790596,0.03226154446601864,False
869,vit_base,Random,0.3094688415527344,0.2563842712901533,-0.05308457026258112,True
870,mobilevit_s,GradCAM,0.27646435648202894,0.4413347572088242,0.16487040072679526,False
870,mobilevit_s,IntegratedGradients,0.4292587429285049,0.44175338726490737,0.01249464433640246,False
870,mobilevit_s,Random,0.4274794470518827,0.3999917536973953,-0.027487693354487364,True
870,resnet50,GradCAM,0.49966709911823276,0.49998091310262677,0.0003138139843940069,False
870,resnet50,IntegratedGradients,0.4382375387474895,0.49999344348907476,0.061755904741585266,False
870,resnet50,LRP,0.49722705781459814,0.49996553957462314,0.002738481760025002,False
870,resnet50,Random,0.386278608860448,0.34092099524568775,-0.04535761361476026,True
870,vit_base,Chefer-LRP,0.44282612204551697,0.4474298611283302,0.004603739082813252,False
870,vit_base,GradCAM,0.4448585048317909,0.44742530882358555,0.002566803991794653,False
870,vit_base,IntegratedGradients,0.3901322953402996,0.4488774552941322,0.058745159953832615,False
870,vit_base,Random,0.42619990706443783,0.42874712049961095,0.0025472134351731124,False
871,mobilevit_s,GradCAM,0.16416352824453495,0.47273871749639507,0.3085751892518601,False
871,mobilevit_s,IntegratedGradients,0.4085041146725416,0.44781946390867233,0.039315349236130726,False
871,mobilevit_s,Random,0.3904079960309901,0.41458540910389274,0.024177413072902665,False
871,resnet50,GradCAM,0.44658462703227997,0.5,0.05341537296772003,False
871,resnet50,IntegratedGradients,0.4999412462115288,0.49997301697731017,3.177076578136928e-05,False
871,resnet50,LRP,0.3773465620353818,0.5,0.1226534379646182,False
871,resnet50,Random,0.37572332110430584,0.34919827145058663,-0.026525049653719213,True
871,vit_base,Chefer-LRP,0.45145935714244845,0.4503759711980819,-0.0010833859443665217,True
871,vit_base,GradCAM,0.4522032380104065,0.450897903740406,-0.0013053342700005133,True
871,vit_base,IntegratedGradients,0.44773317873477936,0.4481966510415078,0.00046347230672844075,False
871,vit_base,Random,0.4323446959257126,0.44563269168138503,0.01328799575567241,False
872,mobilevit_s,GradCAM,0.025119828175957083,0.3538471385836602,0.3287273104077031,False
872,mobilevit_s,IntegratedGradients,0.01654818291281117,0.28924226835370065,0.27269408544088947,False
872,mobilevit_s,Random,0.08012347391340882,0.0480752481467789,-0.03204822576662992,True
872,resnet50,GradCAM,0.07661263907939429,0.49153594225645064,0.41492330317705634,False
872,resnet50,IntegratedGradients,0.19218697934993545,0.45777561813592915,0.2655886387859937,False
872,resnet50,LRP,0.0253615882829763,0.48931014388799665,0.46394855560502035,False
872,resnet50,Random,0.07796513261273504,0.09802793123963056,0.02006279862689553,False
872,vit_base,Chefer-LRP,0.022836705668305514,0.29321773499250414,0.2703810293241986,False
872,vit_base,GradCAM,0.033155009185429664,0.33522100895643236,0.3020659997710027,False
872,vit_base,IntegratedGradients,0.12476117535261437,0.24009335041046143,0.11533217505784706,False
872,vit_base,Random,0.10979384956881404,0.13192880284041167,0.022134953271597632,False
873,mobilevit_s,GradCAM,0.04771259959525195,0.4731741786003113,0.4254615790050593,False
873,mobilevit_s,IntegratedGradients,0.024870172035298312,0.1562010433757678,0.13133087134046947,False
873,mobilevit_s,Random,0.05309623468492646,0.047273620180203584,-0.005822614504722878,True
873,resnet50,GradCAM,0.09421890332596378,0.24306674450635912,0.14884784118039535,False
873,resnet50,IntegratedGradients,0.02365721152164042,0.25533776432275773,0.23168055280111732,False
873,resnet50,LRP,0.022415815526619556,0.28352849185466766,0.26111267632804813,False
873,resnet50,Random,0.03954935598449083,0.0570841798449692,0.017534823860478367,False
873,vit_base,Chefer-LRP,0.0594993977341801,0.3237173616886139,0.2642179639544338,False
873,vit_base,GradCAM,0.051964987209066754,0.34991742074489596,0.29795243353582923,False
873,vit_base,IntegratedGradients,0.08787562903016807,0.3110053807497024,0.22312975171953434,False
873,vit_base,Random,0.25003190869465475,0.17483069134177642,-0.07520121735287832,True
874,mobilevit_s,GradCAM,0.047972908279916744,0.10216428618878125,0.0541913779088645,False
874,mobilevit_s,IntegratedGradients,0.022878596408736483,0.21389221996068952,0.19101362355195303,False
874,mobilevit_s,Random,0.0846477192360908,0.07717766920832218,-0.007470050027768613,True
874,resnet50,GradCAM,0.05275153706315905,0.3928103446960449,0.3400588076328859,False
874,resnet50,IntegratedGradients,0.10600805079739077,0.16529005152115134,0.05928200072376057,False
874,resnet50,LRP,0.04972293882165105,0.3790490120649338,0.3293260732432828,False
874,resnet50,Random,0.0567015030363109,0.07360849142132793,0.01690698838501703,False
874,vit_base,Chefer-LRP,0.12333178180269898,0.21368810385465623,0.09035632205195725,False
874,vit_base,GradCAM,0.11304024341516196,0.18206128440797328,0.06902104099281132,False
874,vit_base,IntegratedGradients,0.171369906142354,0.17067197263240813,-0.000697933509945875,True
874,vit_base,Random,0.12394314780831338,0.12172754362691195,-0.0022156041814014316,True
875,mobilevit_s,GradCAM,0.039060670692742855,0.23050199300050733,0.19144132230776448,False
875,mobilevit_s,IntegratedGradients,0.02767454573804571,0.12396853715181351,0.0962939914137678,False
875,mobilevit_s,Random,0.022272565856474105,0.0335771913323697,0.011304625475895596,False
875,resnet50,GradCAM,0.15535201655002312,0.3006699189543724,0.14531790240434928,False
875,resnet50,IntegratedGradients,0.188976988196373,0.10967221506871286,-0.07930477312766016,True
875,resnet50,LRP,0.05183762141969055,0.2444403946399689,0.19260277322027836,False
875,resnet50,Random,0.08820795993960928,0.11800509232416516,0.029797132384555877,False
875,vit_base,Chefer-LRP,0.20219047109130772,0.36185939386487004,0.15966892277356232,False
875,vit_base,GradCAM,0.14508935407502577,0.33737121596932407,0.1922818618942983,False
875,vit_base,IntegratedGradients,0.34602508693933487,0.2472124893218279,-0.09881259761750696,True
875,vit_base,Random,0.31044703423976894,0.2902132418006659,-0.02023379243910306,True
876,mobilevit_s,GradCAM,0.2992850195616484,0.41575715839862826,0.11647213883697988,False
876,mobilevit_s,IntegratedGradients,0.3207789084874094,0.10147721324756277,-0.21930169523984666,True
876,mobilevit_s,Random,0.0374834334361367,0.06654780376848066,0.029064370332343957,False
876,resnet50,GradCAM,0.083642653003335,0.1961655002087355,0.1125228472054005,False
876,resnet50,IntegratedGradients,0.3227980070514605,0.06618404290638866,-0.25661396414507187,True
876,resnet50,LRP,0.0653495189268142,0.14748494997620581,0.08213543104939161,False
876,resnet50,Random,0.07872306948993357,0.10271894535399043,0.023995875864056854,False
876,vit_base,Chefer-LRP,0.3477448076009751,0.333161710202694,-0.01458309739828112,True
876,vit_base,GradCAM,0.3296584710478783,0.3216340065002441,-0.008024464547634225,True
876,vit_base,IntegratedGradients,0.3545608200132847,0.3015033438801766,-0.05305747613310813,True
876,vit_base,Random,0.21777087189257147,0.23364460133016113,0.015873729437589662,False
877,mobilevit_s,GradCAM,0.022220588754862547,0.04367621983401477,0.021455631079152222,False
877,mobilevit_s,IntegratedGradients,0.01679840412834892,0.029672979650786146,0.012874575522437225,False
877,mobilevit_s,Random,0.022311584017006687,0.0202961837843759,-0.0020154002326307867,True
877,resnet50,GradCAM,0.07164198744576425,0.495030377805233,0.42338839035946874,False
877,resnet50,IntegratedGradients,0.18598120950337035,0.35589801939204335,0.169916809888673,False
877,resnet50,LRP,0.03628297672839836,0.492681422829628,0.45639844610122965,False
877,resnet50,Random,0.08658483879844425,0.08562902860285249,-0.0009558101955917664,True
877,vit_base,Chefer-LRP,0.1545902754412964,0.2531509638763964,0.09856068843510002,False
877,vit_base,GradCAM,0.12744260113686323,0.1380973655264825,0.010654764389619265,False
877,vit_base,IntegratedGradients,0.2323840977158398,0.1541750350035727,-0.07820906271226707,True
877,vit_base,Random,0.08597871449310333,0.032119765841343906,-0.05385894865175943,True
878,mobilevit_s,GradCAM,0.4561379313468934,0.4750468626618385,0.018908931314945088,False
878,mobilevit_s,IntegratedGradients,0.38811295127961787,0.46004500687122346,0.07193205559160559,False
878,mobilevit_s,Random,0.2003446720129432,0.2233720561504015,0.023027384137458307,False
878,resnet50,GradCAM,0.49999956488609315,0.5,4.3511390684924933e-07,False
878,resnet50,IntegratedGradients,0.4475810717791319,0.4999879702925682,0.05240689851343627,False
878,resnet50,LRP,0.3613997744163499,0.5,0.1386002255836501,False
878,resnet50,Random,0.3118513332373368,0.3755735056631238,0.06372217242578698,False
878,vit_base,Chefer-LRP,0.40173237621784214,0.44158478081226354,0.03985240459442141,False
878,vit_base,GradCAM,0.41812747865915295,0.4361382886767387,0.018010810017585754,False
878,vit_base,IntegratedGradients,0.3975402638316155,0.41026140302419667,0.012721139192581166,False
878,vit_base,Random,0.3831538870930672,0.37961092293262483,-0.0035429641604423634,True
879,mobilevit_s,GradCAM,0.04722859079483896,0.31718582659959793,0.26995723580475894,False
879,mobilevit_s,IntegratedGradients,0.020578959697741088,0.2750169649720192,0.2544380052742781,False
879,mobilevit_s,Random,0.04643552086672571,0.05364723723614589,0.007211716369420175,False
879,resnet50,GradCAM,0.07448704171401915,0.13644837215542793,0.06196133044140878,False
879,resnet50,IntegratedGradients,0.019558293488807978,0.09365634173154831,0.07409804824274033,False
879,resnet50,LRP,0.012153814209159465,0.28803077898919577,0.2758769647800363,False
879,resnet50,Random,0.037539216800360015,0.11388349933549761,0.0763442825351376,False
879,vit_base,Chefer-LRP,0.1091275004670024,0.40064274966716773,0.29151524920016536,False
879,vit_base,GradCAM,0.057410698186140516,0.3865285620093346,0.3291178638231941,False
879,vit_base,IntegratedGradients,0.14888105839490892,0.3667665034532547,0.21788544505834576,False
879,vit_base,Random,0.35596872344613084,0.24275380419567227,-0.11321491925045857,True
880,mobilevit_s,GradCAM,0.44653867483139037,0.35372098684310915,-0.09281768798828122,True
880,mobilevit_s,IntegratedGradients,0.44692253917455677,0.41951584815979004,-0.027406691014766726,True
880,mobilevit_s,Random,0.3149018596857786,0.341446327418089,0.026544467732310395,False
880,resnet50,GradCAM,0.4914895877242088,0.4998609527945519,0.008371365070343084,False
880,resnet50,IntegratedGradients,0.47479457408189774,0.4851264163851738,0.010331842303276051,False
880,resnet50,LRP,0.48334499150514604,0.4995614632964135,0.01621647179126745,False
880,resnet50,Random,0.3359539659926668,0.39150404534302663,0.05555007935035983,False
880,vit_base,Chefer-LRP,0.41806405633687976,0.43524682223796846,0.017182765901088692,False
880,vit_base,GradCAM,0.4135231748223305,0.42165054827928544,0.008127373456954967,False
880,vit_base,IntegratedGradients,0.42330134063959124,0.4171593561768532,-0.006141984462738059,True
880,vit_base,Random,0.41957558542490003,0.4358112469315529,0.016235661506652843,False
881,mobilevit_s,GradCAM,0.40637778043746947,0.43290647119283676,0.02652869075536729,False
881,mobilevit_s,IntegratedGradients,0.42720012664794926,0.3769015304744244,-0.05029859617352489,True
881,mobilevit_s,Random,0.39511241056025026,0.358229969162494,-0.03688244139775626,True
881,resnet50,GradCAM,0.49788612425327305,0.49994208514690397,0.002055960893630915,False
881,resnet50,IntegratedGradients,0.4951312065124511,0.479339137673378,-0.015792068839073137,True
881,resnet50,LRP,0.494799667596817,0.4997896894812584,0.00499002188444142,False
881,resnet50,Random,0.4685251027345658,0.49493809342384343,0.026412990689277605,False
881,vit_base,Chefer-LRP,0.39898603484034545,0.42485080808401104,0.025864773243665595,False
881,vit_base,GradCAM,0.3933124989271164,0.4311067789793015,0.0377942800521851,False
881,vit_base,IntegratedGradients,0.42116837650537486,0.4236436650156975,0.0024752885103226374,False
881,vit_base,Random,0.43426641821861267,0.4439529523253441,0.009686534106731426,False
882,mobilevit_s,GradCAM,0.2729927569627762,0.4516799598932266,0.17868720293045043,False
882,mobilevit_s,IntegratedGradients,0.33295776145532724,0.4639309778809548,0.13097321642562754,False
882,mobilevit_s,Random,0.30776874544098975,0.26912849180371273,-0.03864025363727702,True
882,resnet50,GradCAM,0.4979863494634628,0.4999843060970307,0.0019979566335678878,False
882,resnet50,IntegratedGradients,0.4994749113917351,0.4999749183654785,0.0005000069737434165,False
882,resnet50,LRP,0.4177902765572071,0.49998992383480073,0.08219964727759366,False
882,resnet50,Random,0.3707440891594161,0.447657175315544,0.07691308615612791,False
882,vit_base,Chefer-LRP,0.42702850550413135,0.4370293587446213,0.010000853240489938,False
882,vit_base,GradCAM,0.42576634883880615,0.4396939560770988,0.013927607238292672,False
882,vit_base,IntegratedGradients,0.4401830211281776,0.43999761492013933,-0.00018540620803825236,True
882,vit_base,Random,0.4274680733680725,0.4325186312198639,0.005050557851791371,False
883,mobilevit_s,GradCAM,0.248862618021667,0.4750915735960007,0.22622895557433367,False
883,mobilevit_s,IntegratedGradients,0.3413778177462518,0.45896727293729783,0.11758945519104602,False
883,mobilevit_s,Random,0.2916048233440961,0.3312811634590617,0.039676340114965625,False
883,resnet50,GradCAM,0.42465023733675483,0.4999374806880951,0.0752872433513403,False
883,resnet50,IntegratedGradients,0.466465104278177,0.499956101179123,0.03349099690094598,False
883,resnet50,LRP,0.4487497072666884,0.4999490052461624,0.051199297979474034,False
883,resnet50,Random,0.29559520520560917,0.32746860956540336,0.03187340435979419,False
883,vit_base,Chefer-LRP,0.42782141715288163,0.4262122511863708,-0.0016091659665108393,True
883,vit_base,GradCAM,0.4398135662078857,0.4290946841239929,-0.010718882083892822,True
883,vit_base,IntegratedGradients,0.42101754695177074,0.4240709707140922,0.0030534237623214833,False
883,vit_base,Random,0.39455215632915497,0.40553666353225704,0.010984507203102067,False
884,mobilevit_s,GradCAM,0.007694840871772614,0.03127566729672253,0.023580826424949915,False
884,mobilevit_s,IntegratedGradients,0.006827975493797567,0.02283376669511199,0.016005791201314422,False
884,mobilevit_s,Random,0.00873062173195649,0.012114834837120727,0.003384213105164237,False
884,resnet50,GradCAM,0.001278495385486167,0.03200751822441816,0.030729022838931995,False
884,resnet50,IntegratedGradients,0.0027315406419802456,0.002661223590257578,-7.031705172266768e-05,True
884,resnet50,LRP,0.005294909348594955,0.0034128935629269106,-0.0018820157856680448,True
884,resnet50,Random,0.0031675607177021445,0.0037123919973964807,0.0005448312796943362,False
884,vit_base,Chefer-LRP,0.01705871784943156,0.19155035465955736,0.1744916368101258,False
884,vit_base,GradCAM,0.037722731719259175,0.16765578966587785,0.1299330579466187,False
884,vit_base,IntegratedGradients,0.1750366346910596,0.06968584341229872,-0.10535079127876087,True
884,vit_base,Random,0.03184329211944714,0.03763610078021884,0.005792808660771698,False
885,mobilevit_s,GradCAM,0.3442312203347684,0.38647870868444445,0.042247488349676066,False
885,mobilevit_s,IntegratedGradients,0.31445989885833125,0.4470309421420098,0.13257104328367852,False
885,mobilevit_s,Random,0.38307577604427934,0.3743856705725193,-0.008690105471760023,True
885,resnet50,GradCAM,0.497042778134346,0.4998514607548714,0.0028086826205254156,False
885,resnet50,IntegratedGradients,0.3849956184625625,0.49968030154705045,0.11468468308448793,False
885,resnet50,LRP,0.40407293438911435,0.499716579914093,0.09564364552497867,False
885,resnet50,Random,0.25962209723893465,0.3457816801538684,0.08615958291493375,False
885,vit_base,Chefer-LRP,0.41784673035144804,0.42235827445983887,0.00451154410839083,False
885,vit_base,GradCAM,0.42825171649456023,0.4261926367878914,-0.0020590797066688538,True
885,vit_base,IntegratedGradients,0.4225903287529945,0.4262653172016144,0.003674988448619909,False
885,vit_base,Random,0.41032429188489916,0.4073694661259651,-0.0029548257589340765,True
886,mobilevit_s,GradCAM,0.039868863753508774,0.29715387895703316,0.25728501520352437,False
886,mobilevit_s,IntegratedGradients,0.021150384831707926,0.29657942801713943,0.2754290431854315,False
886,mobilevit_s,Random,0.05700213197560515,0.039617188718693803,-0.017384943256911346,True
886,resnet50,GradCAM,0.0041956875567848335,0.05381628964096308,0.04962060208417825,False
886,resnet50,IntegratedGradients,0.010587055843825513,0.08642391264438629,0.07583685680056078,False
886,resnet50,LRP,0.0039759832179697705,0.042331088520586486,0.03835510530261672,False
886,resnet50,Random,0.03505965190670395,0.028775148874501614,-0.006284503032202338,True
886,vit_base,Chefer-LRP,0.09359467942267657,0.30435127168893816,0.2107565922662616,False
886,vit_base,GradCAM,0.06624777109827845,0.34876446872949607,0.2825166976312176,False
886,vit_base,IntegratedGradients,0.20293856064963622,0.23756806626915933,0.034629505619523104,False
886,vit_base,Random,0.20077393762767315,0.3279943756759167,0.12722043804824357,False
887,mobilevit_s,GradCAM,0.137781103465386,0.4755545511841774,0.33777344771879136,False
887,mobilevit_s,IntegratedGradients,0.3361021799966693,0.26968536823987965,-0.06641681175678965,True
887,mobilevit_s,Random,0.17837556857411982,0.09689267280482455,-0.08148289576929527,True
887,resnet50,GradCAM,0.44414795637130744,0.4998540922999382,0.05570613592863077,False
887,resnet50,IntegratedGradients,0.27623852184551656,0.43131488040089605,0.1550763585553795,False
887,resnet50,LRP,0.30454553089803094,0.4995296075940132,0.19498407669598228,False
887,resnet50,Random,0.3802361306967214,0.3746863784675952,-0.005549752229126181,True
887,vit_base,Chefer-LRP,0.20069935284554957,0.3506864562630654,0.1499871034175158,False
887,vit_base,GradCAM,0.2733648747205734,0.29658842980861666,0.023223555088043246,False
887,vit_base,IntegratedGradients,0.3262974463403225,0.2736609488725662,-0.05263649746775628,True
887,vit_base,Random,0.2350053608417511,0.13827239871025088,-0.09673296213150023,True
888,mobilevit_s,GradCAM,0.14795335519593208,0.28483672142610894,0.13688336623017686,False
888,mobilevit_s,IntegratedGradients,0.060711529784384766,0.1110569834476337,0.05034545366324894,False
888,mobilevit_s,Random,0.17226553450818757,0.09611258862423712,-0.07615294588395045,True
888,resnet50,GradCAM,0.166327335718961,0.49955163449049,0.33322429877152904,False
888,resnet50,IntegratedGradients,0.07928854484925978,0.49932415783405304,0.42003561298479325,False
888,resnet50,LRP,0.10258168239379302,0.4997149005532265,0.3971332181594335,False
888,resnet50,Random,0.24305152094893856,0.25026340703334427,0.007211886084405705,False
888,vit_base,Chefer-LRP,0.22100985747529195,0.4069294661283493,0.18591960865305734,False
888,vit_base,GradCAM,0.14727794384816661,0.4066294565796852,0.2593515127315186,False
888,vit_base,IntegratedGradients,0.1040931897237897,0.40679673105478287,0.3027035413309932,False
888,vit_base,Random,0.35797399133443836,0.3794873058795929,0.021513314545154538,False
889,mobilevit_s,GradCAM,0.3501019842922688,0.47271997928619386,0.12261799499392506,False
889,mobilevit_s,IntegratedGradients,0.2154075410217047,0.43848960697650907,0.22308206595480437,False
889,mobilevit_s,Random,0.44574676156044,0.36610969216562805,-0.07963706939481197,True
889,resnet50,GradCAM,0.4978254482150078,0.4999734580516815,0.002148009836673681,False
889,resnet50,IntegratedGradients,0.42250360138714316,0.49997039288282397,0.07746679149568081,False
889,resnet50,LRP,0.3774692591279746,0.4999742805957795,0.1225050214678049,False
889,resnet50,Random,0.4737488348037005,0.4231962539255619,-0.050552580878138575,True
889,vit_base,Chefer-LRP,0.3753701716661454,0.37765385955572134,0.002283687889575947,False
889,vit_base,GradCAM,0.37379460334777836,0.36284404695034034,-0.010950556397438027,True
889,vit_base,IntegratedGradients,0.38906502425670625,0.41051885634660723,0.02145383208990098,False
889,vit_base,Random,0.39842500090599064,0.43106411248445514,0.0326391115784645,False
890,mobilevit_s,GradCAM,0.30149490460753436,0.1996532837423729,-0.10184162086516146,True
890,mobilevit_s,IntegratedGradients,0.033840340063034095,0.2138146956796845,0.1799743556166504,False
890,mobilevit_s,Random,0.02955902855992463,0.025950497656594965,-0.0036085309033296632,True
890,resnet50,GradCAM,0.16914332369342447,0.42209866270422935,0.2529553390108049,False
890,resnet50,IntegratedGradients,0.2560933388769627,0.41696197837591176,0.16086863949894908,False
890,resnet50,LRP,0.10774600887671112,0.4342694565653801,0.3265234476886689,False
890,resnet50,Random,0.038297227933071554,0.07038253165083005,0.0320853037177585,False
890,vit_base,Chefer-LRP,0.23840954788029195,0.39277106821537017,0.15436152033507822,False
890,vit_base,GradCAM,0.28774172253906727,0.3797708049416542,0.09202908240258695,False
890,vit_base,IntegratedGradients,0.2578905209898949,0.312066824734211,0.05417630374431609,False
890,vit_base,Random,0.2433476582169533,0.3026984617114067,0.059350803494453375,False
891,mobilevit_s,GradCAM,0.43337266445159917,0.42351823449134823,-0.009854429960250932,True
891,mobilevit_s,IntegratedGradients,0.2730109170079232,0.4655109316110611,0.19250001460313793,False
891,mobilevit_s,Random,0.23575153970159593,0.21799953628797086,-0.017752003413625067,True
891,resnet50,GradCAM,0.4417028322815896,0.4999849572777748,0.058282124996185236,False
891,resnet50,IntegratedGradients,0.4803634598851204,0.48008181974291797,-0.00028164014220244393,True
891,resnet50,LRP,0.3113095315173268,0.49956263303756715,0.18825310152024033,False
891,resnet50,Random,0.228581302677776,0.1743323075992521,-0.054248995078523876,True
891,vit_base,Chefer-LRP,0.3886518567800522,0.40658028870821,0.017928431928157795,False
891,vit_base,GradCAM,0.4018923029303551,0.4025467947125435,0.0006544917821884044,False
891,vit_base,IntegratedGradients,0.38532737940549844,0.3794002875685692,-0.005927091836929244,True
891,vit_base,Random,0.36799335852265364,0.3914659693837166,0.023472610861062948,False
892,mobilevit_s,GradCAM,0.004082450352143496,0.018744492816040292,0.014662042463896796,False
892,mobilevit_s,IntegratedGradients,0.00243558950824081,0.013980446418281644,0.011544856910040834,False
892,mobilevit_s,Random,0.0024848482327342936,0.002778809270967031,0.0002939610382327374,False
892,resnet50,GradCAM,0.0010214731912128628,0.015109205665066835,0.014087732473853972,False
892,resnet50,IntegratedGradients,0.0010066843911772595,0.002768810151610523,0.0017621257604332637,False
892,resnet50,LRP,0.0021268197684548794,0.0011666460104606813,-0.0009601737579941982,True
892,resnet50,Random,0.0007871928843087517,0.0009444052790058777,0.000157212394697126,False
892,vit_base,Chefer-LRP,0.012898198049515487,0.16655288152396683,0.15365468347445135,False
892,vit_base,GradCAM,0.013257521309424192,0.21814062669873235,0.20488310538930815,False
892,vit_base,IntegratedGradients,0.012083447328768671,0.07417422831058504,0.06209078098181637,False
892,vit_base,Random,0.06743374975048938,0.016058489755960182,-0.0513752599945292,True
893,mobilevit_s,GradCAM,0.22366590909659864,0.4474784940481185,0.22381258495151987,False
893,mobilevit_s,IntegratedGradients,0.41493861787021163,0.4488664835691452,0.03392786569893358,False
893,mobilevit_s,Random,0.2739143185950525,0.2607116601204325,-0.013202658474619988,True
893,resnet50,GradCAM,0.3626708060503006,0.4999835997819901,0.13731279373168948,False
893,resnet50,IntegratedGradients,0.49703753441572185,0.4999426364898682,0.0029051020741463485,False
893,resnet50,LRP,0.1703786219004542,0.49997844994068147,0.32959982804022725,False
893,resnet50,Random,0.2189631871529855,0.4747149020433426,0.2557517148903571,False
893,vit_base,Chefer-LRP,0.19554571006447077,0.378563329577446,0.1830176195129752,False
893,vit_base,GradCAM,0.26641008844599123,0.3797351613640785,0.11332507291808724,False
893,vit_base,IntegratedGradients,0.40021759271621704,0.39719143956899644,-0.0030261531472206005,True
893,vit_base,Random,0.3307602904736996,0.33797455579042435,0.007214265316724755,False
894,mobilevit_s,GradCAM,0.06896965893392917,0.2332181364297867,0.16424847749585753,False
894,mobilevit_s,IntegratedGradients,0.043192589502541526,0.1405576467514038,0.09736505724886228,False
894,mobilevit_s,Random,0.10354531689081342,0.05942453242296323,-0.04412078446785019,True
894,resnet50,GradCAM,0.02357588028207829,0.02145057823508978,-0.002125302046988513,True
894,resnet50,IntegratedGradients,0.03046939732739702,0.030539842112921177,7.04447855241555e-05,False
894,resnet50,LRP,0.0029704549655434676,0.02965201111510396,0.02668155614956049,False
894,resnet50,Random,0.023281319980742416,0.011534849963936724,-0.011746470016805692,True
894,vit_base,Chefer-LRP,0.0830153498631262,0.13745617084205153,0.05444082097892533,False
894,vit_base,GradCAM,0.07260106340181666,0.15943270102143287,0.08683163761961621,False
894,vit_base,IntegratedGradients,0.15331050828099252,0.21146236583590508,0.05815185755491256,False
894,vit_base,Random,0.1426130285486579,0.16706134825944902,0.024448319710791117,False
895,mobilevit_s,GradCAM,0.15095067569054665,0.057455229083279845,-0.0934954466072668,True
895,mobilevit_s,IntegratedGradients,0.0686366114881821,0.05723568723769859,-0.011400924250483516,True
895,mobilevit_s,Random,0.023078127366534317,0.02391201683531108,0.0008338894687767613,False
895,resnet50,GradCAM,0.33353187814354907,0.251905141264433,-0.08162673687911609,True
895,resnet50,IntegratedGradients,0.1700879052310484,0.41458442956209185,0.24449652433104346,False
895,resnet50,LRP,0.2276295033283532,0.4054342463612557,0.1778047430329025,False
895,resnet50,Random,0.08651709780460806,0.1475593109673355,0.06104221316272743,False
895,vit_base,Chefer-LRP,0.3751044824719429,0.4175302803516388,0.042425797879695915,False
895,vit_base,GradCAM,0.3772419825196267,0.3425540387630463,-0.03468794375658041,True
895,vit_base,IntegratedGradients,0.3604178301990033,0.3212887089699507,-0.0391291212290526,True
895,vit_base,Random,0.25180876168888067,0.25171528868377213,-9.347300510853529e-05,True
896,mobilevit_s,GradCAM,0.00012162684033683037,0.00024298132411786354,0.00012135448378103317,False
896,mobilevit_s,IntegratedGradients,0.0006539269998029339,0.00013571395920735084,-0.0005182130405955831,True
896,mobilevit_s,Random,0.00012731623887702882,0.00015464158277609386,2.732534389906504e-05,False
896,resnet50,GradCAM,0.0008198893032385969,0.006168323312886061,0.005348434009647464,False
896,resnet50,IntegratedGradients,0.0030001417173480156,0.0023089976923074576,-0.000691144025040558,True
896,resnet50,LRP,0.0032463463750900703,0.0005449795997265028,-0.0027013667753635674,True
896,resnet50,Random,0.0004080362668901217,0.0005805538246931974,0.00017251755780307577,False
896,vit_base,Chefer-LRP,0.00757297227246454,0.006962781946640462,-0.0006101903258240787,True
896,vit_base,GradCAM,0.0058749132615048445,0.03060440025292337,0.024729486991418526,False
896,vit_base,IntegratedGradients,0.02463264658581465,0.005887222866294906,-0.018745423719519747,True
896,vit_base,Random,0.006545641220873222,0.0057146750623360285,-0.0008309661585371936,True
897,mobilevit_s,GradCAM,0.00015589864051435143,0.0031478580109251192,0.002991959370410768,False
897,mobilevit_s,IntegratedGradients,0.00021484621502168013,0.0001928989448060747,-2.1947270215605424e-05,True
897,mobilevit_s,Random,0.0004577106183205615,0.00043467481809784654,-2.303580022271494e-05,True
897,resnet50,GradCAM,0.0005582205290920682,0.015677513740956783,0.015119293211864714,False
897,resnet50,IntegratedGradients,0.008807073536445387,0.0017233452264918013,-0.0070837283099535854,True
897,resnet50,LRP,0.004665187778664404,0.002288668010442052,-0.002376519768222352,True
897,resnet50,Random,0.0010074643010739238,0.0023269664081453814,0.0013195021070714576,False
897,vit_base,Chefer-LRP,0.009961306810146196,0.04174107834696769,0.031779771536821495,False
897,vit_base,GradCAM,0.006888284643355293,0.04900884674862027,0.04212056210526498,False
897,vit_base,IntegratedGradients,0.030351104633882645,0.034649967122823,0.004298862488940354,False
897,vit_base,Random,0.04454950417857618,0.012679331336403267,-0.03187017284217291,True
898,mobilevit_s,GradCAM,0.08570881898631343,0.29325510933995247,0.20754629035363903,False
898,mobilevit_s,IntegratedGradients,0.19857516575139017,0.13296266642864796,-0.06561249932274221,True
898,mobilevit_s,Random,0.05226709642120113,0.04545427953380568,-0.006812816887395448,True
898,resnet50,GradCAM,0.1937015390954912,0.4487738862633705,0.2550723471678793,False
898,resnet50,IntegratedGradients,0.08240149985067546,0.1898936097510159,0.10749210990034044,False
898,resnet50,LRP,0.05961603995529004,0.4477373957633973,0.38812135580810725,False
898,resnet50,Random,0.0486819488927722,0.039647983777103955,-0.009033965115668244,True
898,vit_base,Chefer-LRP,0.3157686084508896,0.3188381135463715,0.0030695050954818726,False
898,vit_base,GradCAM,0.3126302590593696,0.3025569647550583,-0.010073294304311309,True
898,vit_base,IntegratedGradients,0.31526095718145375,0.35379111170768734,0.038530154526233595,False
898,vit_base,Random,0.29346167594194417,0.3082530207931996,0.014791344851255439,False
899,mobilevit_s,GradCAM,0.31443171054124835,0.433218614757061,0.11878690421581267,False
899,mobilevit_s,IntegratedGradients,0.2768344271928072,0.06157778417691589,-0.2152566430158913,True
899,mobilevit_s,Random,0.07673590029221489,0.0748207988409149,-0.0019151014512999859,True
899,resnet50,GradCAM,0.3987689778208733,0.47112583816051484,0.07235686033964156,False
899,resnet50,IntegratedGradients,0.41005868166685105,0.36370425201021145,-0.046354429656639606,True
899,resnet50,LRP,0.3097005106508732,0.4416324470192194,0.13193193636834621,False
899,resnet50,Random,0.11406232825247573,0.17750552293728108,0.06344319468480536,False
899,vit_base,Chefer-LRP,0.15249696522951128,0.3051691338419914,0.15267216861248012,False
899,vit_base,GradCAM,0.12392266429960729,0.3951264709234238,0.2712038066238165,False
899,vit_base,IntegratedGradients,0.2971533171832561,0.2384517576545477,-0.0587015595287084,True
899,vit_base,Random,0.1329828387126327,0.12030572667717933,-0.012677112035453367,True
900,mobilevit_s,GradCAM,0.02970038707135245,0.33756503611803057,0.3078646490466781,False
900,mobilevit_s,IntegratedGradients,0.06314091683889275,0.2999495133757591,0.23680859653686634,False
900,mobilevit_s,Random,0.12381285051305894,0.13312446199925035,0.009311611486191404,False
900,resnet50,GradCAM,0.20672275320685005,0.49944352060556413,0.2927207673987141,False
900,resnet50,IntegratedGradients,0.44357911385595794,0.48625890463590626,0.04267979077994832,False
900,resnet50,LRP,0.11798577952431517,0.4996307000517845,0.38164492052746934,False
900,resnet50,Random,0.4286392394453287,0.36463218156713995,-0.06400705787818878,True
900,vit_base,Chefer-LRP,0.23489335179328918,0.3474370062351227,0.11254365444183351,False
900,vit_base,GradCAM,0.2534509841352701,0.34641886800527577,0.09296788387000565,False
900,vit_base,IntegratedGradients,0.34440402165055284,0.34259811788797384,-0.0018059037625789975,True
900,vit_base,Random,0.28229088596999646,0.3572836667299271,0.07499278075993066,False
901,mobilevit_s,GradCAM,0.014506754651665687,0.007567792775682848,-0.006938961875982839,True
901,mobilevit_s,IntegratedGradients,0.002806797594666932,0.04444383960217237,0.04163704200750544,False
901,mobilevit_s,Random,0.0059343933578929866,0.006537496915552766,0.0006031035576597793,False
901,resnet50,GradCAM,0.0027182645731954834,0.015431696735322473,0.012713432162126989,False
901,resnet50,IntegratedGradients,0.0017849137118901128,0.02497856596019119,0.02319365224830108,False
901,resnet50,LRP,0.001755127492651809,0.03126279413700104,0.02950766664434923,False
901,resnet50,Random,0.00475538561004214,0.01019222558970796,0.00543683997966582,False
901,vit_base,Chefer-LRP,0.009237969729292674,0.14982017166912556,0.1405822019398329,False
901,vit_base,GradCAM,0.00804678670829162,0.1064781541004777,0.09843136739218608,False
901,vit_base,IntegratedGradients,0.009225177162443287,0.19524118304252622,0.18601600588008294,False
901,vit_base,Random,0.07321319087641315,0.09929451488424093,0.026081324007827783,False
902,mobilevit_s,GradCAM,0.08723341570730554,0.38418298512697224,0.2969495694196667,False
902,mobilevit_s,IntegratedGradients,0.3637662820518017,0.4237376362085342,0.05997135415673249,False
902,mobilevit_s,Random,0.311332905292511,0.365556737780571,0.05422383248806001,False
902,resnet50,GradCAM,0.14420518840197474,0.31294976472854613,0.1687445763265714,False
902,resnet50,IntegratedGradients,0.1191596170887351,0.2914295852184296,0.1722699681296945,False
902,resnet50,LRP,0.05564119124319405,0.3073195412755012,0.25167835003230715,False
902,resnet50,Random,0.1968929068709258,0.23874889984726905,0.04185599297634324,False
902,vit_base,Chefer-LRP,0.07002027344424278,0.21350309625267982,0.14348282280843705,False
902,vit_base,GradCAM,0.06615131448488684,0.19522823840379716,0.12907692391891032,False
902,vit_base,IntegratedGradients,0.25596416592597965,0.21256429627537726,-0.043399869650602385,True
902,vit_base,Random,0.28994972333312036,0.31477435752749444,0.024824634194374084,False
903,mobilevit_s,GradCAM,0.03697753613814712,0.22417590171098706,0.18719836557283995,False
903,mobilevit_s,IntegratedGradients,0.229117189347744,0.13694240897893908,-0.09217478036880491,True
903,mobilevit_s,Random,0.24730386910960078,0.25769762115087363,0.010393752041272852,False
903,resnet50,GradCAM,0.01915871837409213,0.40956429019570345,0.39040557182161134,False
903,resnet50,IntegratedGradients,0.008484724998561434,0.16575076803565023,0.1572660430370888,False
903,resnet50,LRP,0.009958298128913157,0.20804170966148375,0.19808341153257059,False
903,resnet50,Random,0.07612453346373516,0.02316801985725761,-0.052956513606477545,True
903,vit_base,Chefer-LRP,0.39373182654380806,0.4061455681920051,0.01241374164819703,False
903,vit_base,GradCAM,0.4040977075695992,0.42075190395116807,0.016654196381568898,False
903,vit_base,IntegratedGradients,0.41418091356754305,0.41895653754472734,0.0047756239771842846,False
903,vit_base,Random,0.4448318421840668,0.4360266536474228,-0.00880518853664397,True
904,mobilevit_s,GradCAM,0.02492570672184229,0.20056664496660231,0.17564093824476001,False
904,mobilevit_s,IntegratedGradients,0.05887706927023828,0.09183572747861035,0.03295865820837207,False
904,mobilevit_s,Random,0.07550469099660405,0.06550111652759372,-0.010003574469010332,True
904,resnet50,GradCAM,0.16101639167754914,0.4743470028042794,0.3133306111267302,False
904,resnet50,IntegratedGradients,0.39850243031978605,0.35100903213024137,-0.04749339818954468,True
904,resnet50,LRP,0.15544157982803883,0.45016168951988217,0.29472010969184337,False
904,resnet50,Random,0.1405307616645587,0.09188271642560722,-0.04864804523895147,True
904,vit_base,Chefer-LRP,0.26415364556014537,0.35699199587106706,0.09283835031092169,False
904,vit_base,GradCAM,0.19396265596151352,0.3729954808950424,0.1790328249335289,False
904,vit_base,IntegratedGradients,0.3428117215633392,0.26345131993293763,-0.07936040163040159,True
904,vit_base,Random,0.24523300006985665,0.2228353999555111,-0.02239760011434555,True
905,mobilevit_s,GradCAM,0.23934912118129437,0.39636184126138685,0.15701272008009248,False
905,mobilevit_s,IntegratedGradients,0.11634844554791926,0.3558094874024391,0.23946104185451986,False
905,mobilevit_s,Random,0.12473311385692797,0.07617738965745958,-0.04855572419946838,True
905,resnet50,GradCAM,0.3882736868225038,0.49999894499778746,0.11172525817528367,False
905,resnet50,IntegratedGradients,0.472886672616005,0.49999592006206506,0.02710924744606008,False
905,resnet50,LRP,0.185758135933429,0.49999867379665375,0.31424053786322476,False
905,resnet50,Random,0.2837854162789881,0.261629309412092,-0.02215610686689612,True
905,vit_base,Chefer-LRP,0.26790976272895933,0.43521404862403873,0.1673042858950794,False
905,vit_base,GradCAM,0.2148056413047016,0.43216380774974816,0.21735816644504657,False
905,vit_base,IntegratedGradients,0.433829590678215,0.38440451920032503,-0.04942507147788999,True
905,vit_base,Random,0.41037612259387973,0.4008738785982132,-0.009502243995666515,True
906,mobilevit_s,GradCAM,0.44044121652841567,0.4445308044552803,0.004089587926864646,False
906,mobilevit_s,IntegratedGradients,0.43332845568656914,0.4167668133974075,-0.016561642289161627,True
906,mobilevit_s,Random,0.3983115293085575,0.4102991998195648,0.011987670511007298,False
906,resnet50,GradCAM,0.49999919533729553,0.49999975264072416,5.573034286276979e-07,False
906,resnet50,IntegratedGradients,0.4997693940997124,0.4999993771314621,0.00022998303174970314,False
906,resnet50,LRP,0.4907215431332588,0.4999995827674866,0.009278039634227797,False
906,resnet50,Random,0.49149850308895104,0.4997437611222267,0.008245258033275638,False
906,vit_base,Chefer-LRP,0.4298639893531799,0.4179887667298317,-0.01187522262334817,True
906,vit_base,GradCAM,0.42675743848085407,0.4130235746502876,-0.013733863830566462,True
906,vit_base,IntegratedGradients,0.42522746920585636,0.4261669725179672,0.0009395033121108454,False
906,vit_base,Random,0.43519817143678663,0.42707911729812625,-0.008119054138660375,True
907,mobilevit_s,GradCAM,0.14095911834738217,0.4741206094622612,0.333161491114879,False
907,mobilevit_s,IntegratedGradients,0.35084781318437314,0.3105847862549126,-0.040263026929460544,True
907,mobilevit_s,Random,0.10938260308139436,0.10440658124571202,-0.00497602183568234,True
907,resnet50,GradCAM,0.28327484857290985,0.49999998509883886,0.216725136525929,False
907,resnet50,IntegratedGradients,0.33549497760832314,0.4999918609857559,0.16449688337743273,False
907,resnet50,LRP,0.22065083696215881,0.4999998867511749,0.2793490497890161,False
907,resnet50,Random,0.28154578035464517,0.33398250673199076,0.05243672637734559,False
907,vit_base,Chefer-LRP,0.2614757877774537,0.3970774278044701,0.13560164002701636,False
907,vit_base,GradCAM,0.2825013652443887,0.3863245368003845,0.1038231715559958,False
907,vit_base,IntegratedGradients,0.40812571346759796,0.42118111401796343,0.01305540055036547,False
907,vit_base,Random,0.19193756373424548,0.26842838873853914,0.07649082500429366,False
908,mobilevit_s,GradCAM,0.39035568237304685,0.457641676068306,0.06728599369525917,False
908,mobilevit_s,IntegratedGradients,0.23812720524147157,0.27731169324251825,0.03918448800104668,False
908,mobilevit_s,Random,0.12920084444995156,0.12009003895364004,-0.00911080549631152,True
908,resnet50,GradCAM,0.42829144783318046,0.49999983906745915,0.07170839123427869,False
908,resnet50,IntegratedGradients,0.34254815101157876,0.49850426018238064,0.15595610917080188,False
908,resnet50,LRP,0.2685598676638619,0.4999995976686477,0.2314397300047858,False
908,resnet50,Random,0.31861067423596984,0.28018895725253967,-0.038421716983430165,True
908,vit_base,Chefer-LRP,0.3508298248052597,0.44760395139455794,0.09677412658929824,False
908,vit_base,GradCAM,0.16378357484936715,0.44607198834419254,0.28228841349482536,False
908,vit_base,IntegratedGradients,0.38435793556272985,0.43488084301352503,0.050522907450795185,False
908,vit_base,Random,0.3723299793899059,0.3890041090548038,0.016674129664897896,False
909,mobilevit_s,GradCAM,0.20875832534220537,0.4875085473060608,0.27875022196385546,False
909,mobilevit_s,IntegratedGradients,0.08899498603132089,0.44127323180437084,0.35227824577304995,False
909,mobilevit_s,Random,0.09005774981633295,0.12504198210372125,0.0349842322873883,False
909,resnet50,GradCAM,0.25973925171419976,0.49999877214431765,0.2402595204301179,False
909,resnet50,IntegratedGradients,0.414737668260932,0.4999988794326782,0.08526121117174618,False
909,resnet50,LRP,0.0850957511458546,0.4999988257884979,0.4149030746426433,False
909,resnet50,Random,0.47267443388700486,0.40031292252242573,-0.07236151136457913,True
909,vit_base,Chefer-LRP,0.22046046160394328,0.4301198780536652,0.2096594164497219,False
909,vit_base,GradCAM,0.22416035600472245,0.4251060843467713,0.20094572834204882,False
909,vit_base,IntegratedGradients,0.4202115714550019,0.42119833081960684,0.000986759364604961,False
909,vit_base,Random,0.41859526336193087,0.4322098806500435,0.01361461728811264,False
910,mobilevit_s,GradCAM,0.1373976459144615,0.4255167253315449,0.28811907941708337,False
910,mobilevit_s,IntegratedGradients,0.31872561797499654,0.09471199139952659,-0.22401362657546997,True
910,mobilevit_s,Random,0.10734541787587659,0.1399750907032285,0.03262967282735191,False
910,resnet50,GradCAM,0.2869673469453119,0.3631700947880745,0.0762027478427626,False
910,resnet50,IntegratedGradients,0.3448433056473732,0.4442348912358284,0.09939158558845518,False
910,resnet50,LRP,0.16151519878767434,0.42532429099082947,0.2638090922031551,False
910,resnet50,Random,0.22760949283838275,0.2783060099929571,0.05069651715457438,False
910,vit_base,Chefer-LRP,0.07612055029021576,0.20697280243039134,0.1308522521401756,False
910,vit_base,GradCAM,0.053993437858298424,0.27690285444259644,0.22290941658429803,False
910,vit_base,IntegratedGradients,0.19290345311164855,0.19957953377161175,0.006676080659963196,False
910,vit_base,Random,0.11085531283169985,0.16219091856619344,0.0513356057344936,False
911,mobilevit_s,GradCAM,0.03501559650758281,0.30273666232824326,0.26772106582066046,False
911,mobilevit_s,IntegratedGradients,0.025650066474918277,0.3927199304103851,0.3670698639354668,False
911,mobilevit_s,Random,0.11629038510727698,0.09185508056252732,-0.024435304544749653,True
911,resnet50,GradCAM,0.2072239436209202,0.4947549298405647,0.28753098621964446,False
911,resnet50,IntegratedGradients,0.35242619737982755,0.4955651506781578,0.14313895329833026,False
911,resnet50,LRP,0.04127987404353917,0.4944956108927726,0.45321573684923344,False
911,resnet50,Random,0.23555688006890707,0.2847283476556186,0.04917146758671154,False
911,vit_base,Chefer-LRP,0.03437625376973301,0.4469690889120102,0.4125928351422772,False
911,vit_base,GradCAM,0.031180947879329325,0.4474596679210663,0.41627872004173694,False
911,vit_base,IntegratedGradients,0.37355979783460497,0.38194555044174194,0.008385752607136976,False
911,vit_base,Random,0.3276545406784862,0.2167618747800589,-0.1108926658984273,True
912,mobilevit_s,GradCAM,0.1600622093304992,0.1256057261809474,-0.0344564831495518,True
912,mobilevit_s,IntegratedGradients,0.13036239728317012,0.11481506675481795,-0.015547330528352166,True
912,mobilevit_s,Random,0.05068152553867549,0.06787209761751001,0.017190572078834516,False
912,resnet50,GradCAM,0.07078329686191864,0.44603987187147137,0.37525657500955273,False
912,resnet50,IntegratedGradients,0.19021935699274764,0.239647603512276,0.049428246519528346,False
912,resnet50,LRP,0.03954585234314436,0.42887547612190247,0.3893296237787581,False
912,resnet50,Random,0.10226796493579969,0.11179475229000672,0.009526787354207034,False
912,vit_base,Chefer-LRP,0.14585106738377362,0.37660232633352286,0.23075125894974924,False
912,vit_base,GradCAM,0.14901171382516623,0.3248825341463089,0.17587082032114268,False
912,vit_base,IntegratedGradients,0.33632032573223114,0.28567319661378865,-0.05064712911844249,True
912,vit_base,Random,0.27807041667401794,0.33315384984016416,0.05508343316614622,False
913,mobilevit_s,GradCAM,0.21023333035409453,0.43399856984615326,0.22376523949205873,False
913,mobilevit_s,IntegratedGradients,0.12922625159844758,0.3825557067990303,0.2533294552005827,False
913,mobilevit_s,Random,0.17988379918024297,0.09265949783002726,-0.08722430135021571,True
913,resnet50,GradCAM,0.16900908946990967,0.4533037424087525,0.2842946529388428,False
913,resnet50,IntegratedGradients,0.2050898062530905,0.44496738165616995,0.23987757540307944,False
913,resnet50,LRP,0.14659973358502615,0.45803299546241766,0.3114332618773915,False
913,resnet50,Random,0.30057443575933573,0.3146406850777567,0.014066249318420987,False
913,vit_base,Chefer-LRP,0.1561891831457615,0.3757297411561012,0.2195405580103397,False
913,vit_base,GradCAM,0.2417740642093122,0.33709862232208254,0.09532455811277035,False
913,vit_base,IntegratedGradients,0.28750494793057446,0.25240503549575805,-0.035099912434816416,True
913,vit_base,Random,0.2425133816897869,0.27055268585681913,0.028039304167032236,False
914,mobilevit_s,GradCAM,0.3349277757108211,0.2338316927663982,-0.1010960829444229,True
914,mobilevit_s,IntegratedGradients,0.1521178170456551,0.20710351355373857,0.054985696508083465,False
914,mobilevit_s,Random,0.1310414021543693,0.08362552795733792,-0.047415874197031374,True
914,resnet50,GradCAM,0.4921636924147606,0.499977919459343,0.0078142270445824,False
914,resnet50,IntegratedGradients,0.4981764316558838,0.49650639295578,-0.0016700387001038486,True
914,resnet50,LRP,0.46757855266332626,0.49998137652874,0.03240282386541371,False
914,resnet50,Random,0.4387035422027111,0.4559457488358021,0.01724220663309095,False
914,vit_base,Chefer-LRP,0.3044969201087952,0.4266081064939498,0.12211118638515461,False
914,vit_base,GradCAM,0.3078491188585758,0.4403336703777313,0.1324845515191555,False
914,vit_base,IntegratedGradients,0.39180019199848176,0.42849301993846894,0.03669282793998718,False
914,vit_base,Random,0.38633930981159215,0.3685212604701519,-0.017818049341440267,True
915,mobilevit_s,GradCAM,0.29850463899783797,0.3807092964649201,0.08220465746708211,False
915,mobilevit_s,IntegratedGradients,0.3660100089386106,0.2752095360308886,-0.09080047290772197,True
915,mobilevit_s,Random,0.21054983153007925,0.18050776015588785,-0.030042071374191404,True
915,resnet50,GradCAM,0.49529068470001225,0.4999816209077835,0.0046909362077712236,False
915,resnet50,IntegratedGradients,0.49900274574756626,0.4999845027923584,0.000981757044792142,False
915,resnet50,LRP,0.49255643934011456,0.49997892081737516,0.007422481477260601,False
915,resnet50,Random,0.4939726904034615,0.4617173135280609,-0.03225537687540059,True
915,vit_base,Chefer-LRP,0.38975571095943456,0.41647047996520997,0.026714769005775407,False
915,vit_base,GradCAM,0.4022462695837021,0.41273675858974457,0.010490489006042492,False
915,vit_base,IntegratedGradients,0.4101210489869118,0.4210198372602463,0.010898788273334459,False
915,vit_base,Random,0.4030409127473832,0.40525711774826056,0.0022162050008773804,False
916,mobilevit_s,GradCAM,0.45107986479997636,0.46638129204511647,0.015301427245140109,False
916,mobilevit_s,IntegratedGradients,0.4443403378129006,0.37860561427660283,-0.06573472353629778,True
916,mobilevit_s,Random,0.3205137200169702,0.30454645745921877,-0.015967262557751438,True
916,resnet50,GradCAM,0.48888845443725587,0.49999696612358097,0.011108511686325095,False
916,resnet50,IntegratedGradients,0.4999854192137718,0.49808220714330675,-0.0019032120704650657,True
916,resnet50,LRP,0.2710205628303811,0.4999948322772979,0.2289742694469168,False
916,resnet50,Random,0.3779194578528404,0.4854735910892486,0.10755413323640817,False
916,vit_base,Chefer-LRP,0.43825999349355693,0.4407630607485771,0.0025030672550201416,False
916,vit_base,GradCAM,0.451864367723465,0.435402575135231,-0.016461792588233992,True
916,vit_base,IntegratedGradients,0.4390797570347786,0.4332581073045731,-0.0058216497302054915,True
916,vit_base,Random,0.42392296195030216,0.38746991455554963,-0.036453047394752525,True
917,mobilevit_s,GradCAM,0.04339532509911805,0.23231313973665235,0.1889178146375343,False
917,mobilevit_s,IntegratedGradients,0.09815370521978364,0.31491548418998716,0.21676177897020352,False
917,mobilevit_s,Random,0.22732446917834753,0.12803102028556168,-0.09929344889278585,True
917,resnet50,GradCAM,0.030260618182364855,0.46921971440315247,0.4389590962207876,False
917,resnet50,IntegratedGradients,0.22394900638610127,0.41951759606599803,0.19556858967989676,False
917,resnet50,LRP,0.026315696694655343,0.38760366588830947,0.36128796919365413,False
917,resnet50,Random,0.2041663230804261,0.13060261452919805,-0.07356370855122804,True
917,vit_base,Chefer-LRP,0.20637155089061707,0.3997997283935547,0.19342817750293764,False
917,vit_base,GradCAM,0.13777366626309231,0.3745008885860443,0.23672722232295199,False
917,vit_base,IntegratedGradients,0.42094893306493764,0.1594522625207901,-0.26149667054414755,True
917,vit_base,Random,0.33258862122893335,0.3478329122066498,0.015244290977716457,False
918,mobilevit_s,GradCAM,0.2877251350320876,0.46186679005622866,0.17414165502414108,False
918,mobilevit_s,IntegratedGradients,0.2218196182162501,0.4441738456487656,0.2223542274325155,False
918,mobilevit_s,Random,0.19450563717400654,0.20541134970517308,0.01090571253116654,False
918,resnet50,GradCAM,0.3671283578732983,0.4999979823827743,0.13286962450947604,False
918,resnet50,IntegratedGradients,0.4175341710448266,0.49996719062328343,0.08243301957845683,False
918,resnet50,LRP,0.20324823968112468,0.49999874234199526,0.29675050266087055,False
918,resnet50,Random,0.2820465847530045,0.2620428943842853,-0.020003690368719185,True
918,vit_base,Chefer-LRP,0.3138063659891487,0.41954996287822727,0.10574359688907858,False
918,vit_base,GradCAM,0.3148593882797286,0.4240036606788635,0.10914427239913493,False
918,vit_base,IntegratedGradients,0.4010727718472481,0.41519860774278644,0.014125835895538341,False
918,vit_base,Random,0.3848995387554169,0.3954887077212334,0.01058916896581652,False
919,mobilevit_s,GradCAM,0.1270372126276925,0.19648948013782502,0.06945226751013253,False
919,mobilevit_s,IntegratedGradients,0.042887674530174995,0.3437953993678093,0.3009077248376343,False
919,mobilevit_s,Random,0.029360124791855926,0.026929285578080452,-0.0024308392137754736,True
919,resnet50,GradCAM,0.2899342361837626,0.49971250742673873,0.20977827124297616,False
919,resnet50,IntegratedGradients,0.3977137830108405,0.4795827835798263,0.08186900056898583,False
919,resnet50,LRP,0.13563682425301524,0.49978564977645873,0.3641488255234435,False
919,resnet50,Random,0.21573360773618336,0.12328455195456627,-0.09244905578161709,True
919,vit_base,Chefer-LRP,0.3463256284594536,0.39578406065702443,0.049458432197570845,False
919,vit_base,GradCAM,0.33768144408823,0.3798498883843422,0.04216844429611222,False
919,vit_base,IntegratedGradients,0.32763745039701464,0.36024506092071534,0.0326076105237007,False
919,vit_base,Random,0.2853923350572586,0.3778766214847564,0.09248428642749784,False
920,mobilevit_s,GradCAM,0.3417370080947876,0.36928530335426335,0.027548295259475775,False
920,mobilevit_s,IntegratedGradients,0.2538203913718462,0.2930017992854118,0.039181407913565613,False
920,mobilevit_s,Random,0.1962252289056778,0.1663145550526679,-0.02991067385300991,True
920,resnet50,GradCAM,0.44629218280315397,0.49998385906219484,0.053691676259040866,False
920,resnet50,IntegratedGradients,0.4526875734329224,0.4982711374759674,0.04558356404304503,False
920,resnet50,LRP,0.2965453278273344,0.49999697804450993,0.20345165021717554,False
920,resnet50,Random,0.20053503735689443,0.28920175116509206,0.08866671380819763,False
920,vit_base,Chefer-LRP,0.3070966012775898,0.377607848495245,0.07051124721765517,False
920,vit_base,GradCAM,0.15176280827727168,0.4119213402271271,0.26015853194985544,False
920,vit_base,IntegratedGradients,0.37207916229963306,0.20193286306457597,-0.17014629923505709,True
920,vit_base,Random,0.26680883876979355,0.38643208146095276,0.1196232426911592,False
921,mobilevit_s,GradCAM,0.40949750505387783,0.4694512695074082,0.059953764453530345,False
921,mobilevit_s,IntegratedGradients,0.3381714832503349,0.4779339626431465,0.1397624793928116,False
921,mobilevit_s,Random,0.22309363218155343,0.30769391887588426,0.08460028669433084,False
921,resnet50,GradCAM,0.4999777406454086,0.4999999880790711,2.2247433662470062e-05,False
921,resnet50,IntegratedGradients,0.4549811165295977,0.4375328376889229,-0.01744827884067479,True
921,resnet50,LRP,0.21870999037928415,0.49999978244304655,0.28128979206376237,False
921,resnet50,Random,0.2748957850019504,0.2422647524363599,-0.032631032565590495,True
921,vit_base,Chefer-LRP,0.4243055939674378,0.428031787276268,0.003726193308830228,False
921,vit_base,GradCAM,0.43108672797679903,0.4229680582880974,-0.008118669688701619,True
921,vit_base,IntegratedGradients,0.41868927329778666,0.40110086947679513,-0.017588403820991527,True
921,vit_base,Random,0.39715084135532386,0.4114776432514191,0.014326801896095254,False
922,mobilevit_s,GradCAM,0.2698924943804741,0.42663853019475934,0.15674603581428526,False
922,mobilevit_s,IntegratedGradients,0.4493779331445695,0.4381841629743576,-0.011193770170211892,True
922,mobilevit_s,Random,0.3714819043474563,0.3821514906303492,0.010669586282892884,False
922,resnet50,GradCAM,0.3792262792587281,0.49976935535669326,0.12054307609796516,False
922,resnet50,IntegratedGradients,0.40203072950243945,0.49949802011251454,0.09746729061007509,False
922,resnet50,LRP,0.2527134068310261,0.49973538219928737,0.24702197536826126,False
922,resnet50,Random,0.33269497691653677,0.33191764587536454,-0.0007773310411722245,True
922,vit_base,Chefer-LRP,0.4106077983975411,0.40446897149086,-0.006138826906681105,True
922,vit_base,GradCAM,0.36976797506213194,0.4093690261244774,0.03960105106234546,False
922,vit_base,IntegratedGradients,0.40584022849798207,0.4163798123598099,0.01053958386182785,False
922,vit_base,Random,0.3931327015161515,0.41011217683553697,0.016979475319385484,False
923,mobilevit_s,GradCAM,0.0011905754072358834,0.015654103830456734,0.01446352842322085,False
923,mobilevit_s,IntegratedGradients,0.0017956155390493223,0.002058145777846221,0.00026253023879689867,False
923,mobilevit_s,Random,0.00482260768485503,0.0015872763047809714,-0.0032353313800740583,True
923,resnet50,GradCAM,0.020547314020138433,0.43991780430078503,0.4193704902806466,False
923,resnet50,IntegratedGradients,0.016898860362434223,0.4201182797551155,0.4032194193926813,False
923,resnet50,LRP,0.014859358435389857,0.42025029510259626,0.4053909366672064,False
923,resnet50,Random,0.019851574212952985,0.04452565515603055,0.02467408094307756,False
923,vit_base,Chefer-LRP,0.02650424137682421,0.1677372545003891,0.1412330131235649,False
923,vit_base,GradCAM,0.017517172734369525,0.14756706431508065,0.13004989158071112,False
923,vit_base,IntegratedGradients,0.01767456408124417,0.11734716966748238,0.09967260558623821,False
923,vit_base,Random,0.06589580052532255,0.05231214910745621,-0.013583651417866341,True
924,mobilevit_s,GradCAM,0.23555457202019175,0.47194769233465195,0.2363931203144602,False
924,mobilevit_s,IntegratedGradients,0.38958828747272495,0.4659823805093765,0.07639409303665157,False
924,mobilevit_s,Random,0.38960289210081106,0.3785406596958637,-0.011062232404947359,True
924,resnet50,GradCAM,0.2917554284096696,0.49999975562095644,0.20824432721128683,False
924,resnet50,IntegratedGradients,0.44171245930629083,0.4999527379870415,0.05824027868075066,False
924,resnet50,LRP,0.21677982796682044,0.4999996423721313,0.28321981440531085,False
924,resnet50,Random,0.29084114302804126,0.3710098845229368,0.08016874149489556,False
924,vit_base,Chefer-LRP,0.3799534864723682,0.43992971479892734,0.05997622832655913,False
924,vit_base,GradCAM,0.36897252723574636,0.4332947641611099,0.06432223692536354,False
924,vit_base,IntegratedGradients,0.4313562884926796,0.42005770802497866,-0.011298580467700936,True
924,vit_base,Random,0.44741991758346555,0.44903928190469744,0.0016193643212318864,False
925,mobilevit_s,GradCAM,0.21372066457988695,0.4656119763851166,0.2518913118052296,False
925,mobilevit_s,IntegratedGradients,0.15324231411359507,0.4611029043793678,0.3078605902657727,False
925,mobilevit_s,Random,0.26154285722877835,0.20274108257144693,-0.05880177465733141,True
925,resnet50,GradCAM,0.23029037153610263,0.49999706447124476,0.26970669293514216,False
925,resnet50,IntegratedGradients,0.09241532467131038,0.4999677583575248,0.40755243368621447,False
925,resnet50,LRP,0.11341849788586843,0.4999741390347481,0.38655564114887964,False
925,resnet50,Random,0.2354822219362305,0.23548746310442822,5.24116819772269e-06,False
925,vit_base,Chefer-LRP,0.3227498076856137,0.43504541963338855,0.11229561194777488,False
925,vit_base,GradCAM,0.27467214491916825,0.4315921455621719,0.15692000064300365,False
925,vit_base,IntegratedGradients,0.36226670145988465,0.4241272211074829,0.061860519647598255,False
925,vit_base,Random,0.4093814268708229,0.4121915772557259,0.0028101503849030096,False
926,mobilevit_s,GradCAM,0.017608270747587088,0.213104035705328,0.1954957649577409,False
926,mobilevit_s,IntegratedGradients,0.010583617480006071,0.07935536988079547,0.06877175240078941,False
926,mobilevit_s,Random,0.024629111448302866,0.047986293327994645,0.02335718187969178,False
926,resnet50,GradCAM,0.01918302042176947,0.3223124742507934,0.30312945382902395,False
926,resnet50,IntegratedGradients,0.02881003529764712,0.30961242765188224,0.2808023923542351,False
926,resnet50,LRP,0.015541262319311498,0.3655434280633926,0.35000216574408105,False
926,resnet50,Random,0.07566496672807262,0.07270151036791504,-0.0029634563601575736,True
926,vit_base,Chefer-LRP,0.04407388279214502,0.30097004026174545,0.25689615746960043,False
926,vit_base,GradCAM,0.03264952169265598,0.30842532813549045,0.27577580644283445,False
926,vit_base,IntegratedGradients,0.16351911616511647,0.269450904801488,0.10593178863637151,False
926,vit_base,Random,0.2682304814457893,0.28034908771514894,0.012118606269359622,False
927,mobilevit_s,GradCAM,0.4355611145496368,0.4136732026934623,-0.021887911856174502,True
927,mobilevit_s,IntegratedGradients,0.4120267882943153,0.4407866775989533,0.028759889304637964,False
927,mobilevit_s,Random,0.37947441968135537,0.4154139578342438,0.03593953815288842,False
927,resnet50,GradCAM,0.4999963819980622,0.4999965518712997,1.6987323753214767e-07,False
927,resnet50,IntegratedGradients,0.49809183478355407,0.4999912172555923,0.0018993824720382468,False
927,resnet50,LRP,0.22892804575967604,0.49990390539169316,0.2709758596320171,False
927,resnet50,Random,0.3526550812181085,0.34609979039669275,-0.00655529082141576,True
927,vit_base,Chefer-LRP,0.43739418536424635,0.4295424774289131,-0.00785170793533324,True
927,vit_base,GradCAM,0.4410665422677994,0.4315172791481018,-0.009549263119697615,True
927,vit_base,IntegratedGradients,0.43386331051588056,0.4308463260531425,-0.0030169844627380704,True
927,vit_base,Random,0.3816984817385673,0.4178327158093452,0.036134234070777926,False
928,mobilevit_s,GradCAM,0.22644446305930616,0.44949298650026326,0.2230485234409571,False
928,mobilevit_s,IntegratedGradients,0.17242994650732726,0.3045360714197159,0.13210612491238863,False
928,mobilevit_s,Random,0.2092187770875171,0.25802856128429996,0.04880978419678286,False
928,resnet50,GradCAM,0.2853801205579657,0.49999965727329254,0.21461953671532685,False
928,resnet50,IntegratedGradients,0.1357287783670472,0.49999705851078036,0.36426828014373314,False
928,resnet50,LRP,0.12344982620561497,0.4999980330467224,0.37654820684110746,False
928,resnet50,Random,0.45827192813158035,0.3023176982300357,-0.15595422990154467,True
928,vit_base,Chefer-LRP,0.3115899697877467,0.4305014193058014,0.11891144951805466,False
928,vit_base,GradCAM,0.27550501893274487,0.39404678046703334,0.11854176153428847,False
928,vit_base,IntegratedGradients,0.3925612479448319,0.42934578806161877,0.03678454011678689,False
928,vit_base,Random,0.38726391792297366,0.40915719345211987,0.021893275529146217,False
929,mobilevit_s,GradCAM,0.023558924263306837,0.41652188897132875,0.3929629647080219,False
929,mobilevit_s,IntegratedGradients,0.01989480179945531,0.2945813521742821,0.2746865503748268,False
929,mobilevit_s,Random,0.054100520661449984,0.024402483193625812,-0.029698037467824172,True
929,resnet50,GradCAM,0.08113019575895067,0.46719055324792863,0.38606035748897793,False
929,resnet50,IntegratedGradients,0.0540374489205135,0.46858342140913006,0.4145459724886166,False
929,resnet50,LRP,0.031170892946772714,0.4787206262350083,0.44754973328823555,False
929,resnet50,Random,0.12383426449523541,0.18992017891723664,0.06608591442200124,False
929,vit_base,Chefer-LRP,0.1633346188828,0.4404563203454017,0.27712170146260173,False
929,vit_base,GradCAM,0.1766819324453536,0.4391590476036072,0.26247711515825356,False
929,vit_base,IntegratedGradients,0.31304105842427815,0.4371519699692726,0.12411091154499443,False
929,vit_base,Random,0.4208620995283127,0.3873264599591494,-0.033535639569163334,True
930,mobilevit_s,GradCAM,0.02969828085624613,0.37707891836762436,0.3473806375113782,False
930,mobilevit_s,IntegratedGradients,0.2541865467399475,0.14505588412284853,-0.10913066261709897,True
930,mobilevit_s,Random,0.04295871343929321,0.033446975395781925,-0.009511738043511284,True
930,resnet50,GradCAM,0.4836129412055016,0.4959891900420189,0.012376248836517334,False
930,resnet50,IntegratedGradients,0.4873554900288582,0.38319468498229986,-0.10416080504655834,True
930,resnet50,LRP,0.2855773187475279,0.493953263759613,0.20837594501208512,False
930,resnet50,Random,0.482457646727562,0.4877787485718727,0.005321101844310727,False
930,vit_base,Chefer-LRP,0.3342122510075569,0.4088430285453796,0.07463077753782271,False
930,vit_base,GradCAM,0.2917152516543865,0.39527073204517366,0.10355548039078716,False
930,vit_base,IntegratedGradients,0.40041851550340657,0.2979094449430705,-0.10250907056033609,True
930,vit_base,Random,0.3677283063530922,0.37954190373420715,0.011813597381114926,False
931,mobilevit_s,GradCAM,0.0020501393781160006,0.03364864084869623,0.03159850147058023,False
931,mobilevit_s,IntegratedGradients,0.001794511793605125,0.010797286359593275,0.00900277456598815,False
931,mobilevit_s,Random,0.006037677542190068,0.008774123205580511,0.002736445663390443,False
931,resnet50,GradCAM,0.00014613587300118524,0.017510447005042805,0.01736431113204162,False
931,resnet50,IntegratedGradients,0.00015046467215142913,0.0027419617690611626,0.0025914970969097336,False
931,resnet50,LRP,0.0007325059064896779,0.008812057558679951,0.008079551652190273,False
931,resnet50,Random,0.0002716955772484653,0.0009072088574612282,0.0006355132802127628,False
931,vit_base,Chefer-LRP,0.0654185299994424,0.1617042660713196,0.0962857360718772,False
931,vit_base,GradCAM,0.049120444256550405,0.18218170553445814,0.13306126127790774,False
931,vit_base,IntegratedGradients,0.145433849474648,0.1855163648724556,0.040082515397807605,False
931,vit_base,Random,0.11608073003590107,0.10694061955437066,-0.009140110481530406,True
932,mobilevit_s,GradCAM,0.009779055928811429,0.01688790253829211,0.00710884660948068,False
932,mobilevit_s,IntegratedGradients,0.015534978400683032,0.005525626940652728,-0.010009351460030303,True
932,mobilevit_s,Random,0.02170166769064963,0.014598203758941965,-0.007103463931707663,True
932,resnet50,GradCAM,0.0027356384875020013,0.0020548733533360067,-0.0006807651341659946,True
932,resnet50,IntegratedGradients,0.022587047705746953,0.0008799526418442838,-0.02170709506390267,True
932,resnet50,LRP,0.04022554852708709,0.0010922740126261489,-0.03913327451446094,True
932,resnet50,Random,0.0664805785302633,0.07251039342318108,0.006029814892917776,False
932,vit_base,Chefer-LRP,0.050884335138835016,0.04175573140382767,-0.009128603735007346,True
932,vit_base,GradCAM,0.05744872633367777,0.048772938922047614,-0.008675787411630158,True
932,vit_base,IntegratedGradients,0.0849196072667837,0.04741746727377177,-0.03750213999301193,True
932,vit_base,Random,0.04290667530149222,0.06227687569335102,0.0193702003918588,False
933,mobilevit_s,GradCAM,0.05420837961137294,0.06350873839110135,0.009300358779728415,False
933,mobilevit_s,IntegratedGradients,0.061414946988224986,0.08738045543432235,0.025965508446097366,False
933,mobilevit_s,Random,0.043550566844851354,0.04483346310062189,0.0012828962557705353,False
933,resnet50,GradCAM,0.003954225592315197,0.009176241559907794,0.005222015967592596,False
933,resnet50,IntegratedGradients,0.007694197143428027,0.024152682302519678,0.01645848515909165,False
933,resnet50,LRP,0.029074849397875364,0.01335015776567161,-0.015724691632203754,True
933,resnet50,Random,0.04184212381951511,0.03443754962645471,-0.007404574193060398,True
933,vit_base,Chefer-LRP,0.04410021118819714,0.0371918210759759,-0.00690839011222124,True
933,vit_base,GradCAM,0.040235295332968234,0.032609501481056215,-0.007625793851912019,True
933,vit_base,IntegratedGradients,0.03593556005507707,0.040555774793028826,0.004620214737951753,False
933,vit_base,Random,0.04307664036750793,0.03895097821950913,-0.004125662147998803,True
934,mobilevit_s,GradCAM,0.3933771448209882,0.4631838515400887,0.0698067067191005,False
934,mobilevit_s,IntegratedGradients,0.468314827978611,0.4741932675242424,0.0058784395456313865,False
934,mobilevit_s,Random,0.37030529482290153,0.4170177079737187,0.046712413150817145,False
934,resnet50,GradCAM,0.4794604808092118,0.5,0.020539519190788225,False
934,resnet50,IntegratedGradients,0.4999999523162842,0.5,4.768371580921027e-08,False
934,resnet50,LRP,0.4825465247035026,0.5,0.01745347529649738,False
934,resnet50,Random,0.499961905181408,0.49762501567602163,-0.0023368895053863525,True
934,vit_base,Chefer-LRP,0.4469980925321579,0.4477992370724678,0.0008011445403099393,False
934,vit_base,GradCAM,0.4521293371915817,0.4301360592246056,-0.021993277966976088,True
934,vit_base,IntegratedGradients,0.4521651998162269,0.44456514120101925,-0.007600058615207628,True
934,vit_base,Random,0.4409474536776543,0.44015595465898516,-0.0007914990186691506,True
935,mobilevit_s,GradCAM,0.19747413471632178,0.4393286913633347,0.2418545566470129,False
935,mobilevit_s,IntegratedGradients,0.3968055045465007,0.3725218325853349,-0.02428367196116582,True
935,mobilevit_s,Random,0.28004437927156683,0.34895405010320246,0.06890967083163563,False
935,resnet50,GradCAM,0.4919051229953766,0.4947082906961441,0.002803167700767495,False
935,resnet50,IntegratedGradients,0.4985009238123894,0.49576465189456936,-0.0027362719178200545,True
935,resnet50,LRP,0.2812083583325148,0.4952840253710747,0.2140756670385599,False
935,resnet50,Random,0.4750245237722993,0.41757052205502987,-0.05745400171726944,True
935,vit_base,Chefer-LRP,0.25522901987424124,0.28345311284065244,0.028224092966411207,False
935,vit_base,GradCAM,0.2746116262933356,0.27387749478220935,-0.0007341315111262237,True
935,vit_base,IntegratedGradients,0.3093015059828758,0.3042279124259949,-0.005073593556880918,True
935,vit_base,Random,0.3237973675131798,0.2896132633090019,-0.03418410420417789,True
936,mobilevit_s,GradCAM,0.4244381204247475,0.48005816638469695,0.05562004595994946,False
936,mobilevit_s,IntegratedGradients,0.35495684128254656,0.41252020448446275,0.057563363201916184,False
936,mobilevit_s,Random,0.17009245376102627,0.13843305592599792,-0.03165939783502836,True
936,resnet50,GradCAM,0.4999969184398651,0.499997729063034,8.10623168923108e-07,False
936,resnet50,IntegratedGradients,0.49713873863220215,0.49994311928749086,0.0028043806552887074,False
936,resnet50,LRP,0.4285885956138372,0.49999490976333616,0.07140631414949894,False
936,resnet50,Random,0.45374399349093436,0.48223992288112644,0.028495929390192076,False
936,vit_base,Chefer-LRP,0.43656780868768696,0.42210476547479625,-0.014463043212890714,True
936,vit_base,GradCAM,0.4480351939797402,0.4254496574401856,-0.022585536539554585,True
936,vit_base,IntegratedGradients,0.450530567765236,0.44161204993724823,-0.008918517827987749,True
936,vit_base,Random,0.4421680629253387,0.43970036804676055,-0.002467694878578175,True
937,mobilevit_s,GradCAM,0.3580327078700065,0.4428814440965652,0.0848487362265587,False
937,mobilevit_s,IntegratedGradients,0.3619952976703644,0.41043659299612045,0.04844129532575603,False
937,mobilevit_s,Random,0.36554871257394556,0.37666459381580353,0.011115881241857972,False
937,resnet50,GradCAM,0.499383644759655,0.4998873606324196,0.0005037158727645985,False
937,resnet50,IntegratedGradients,0.4839846760034561,0.498541484773159,0.01455680876970289,False
937,resnet50,LRP,0.46264122426509857,0.40390921328216794,-0.05873201098293063,True
937,resnet50,Random,0.36338699795305734,0.3921563538257033,0.028769355872645952,False
937,vit_base,Chefer-LRP,0.4072816103696823,0.3794697210192681,-0.027811889350414176,True
937,vit_base,GradCAM,0.388354703783989,0.40226287841796876,0.013908174633979753,False
937,vit_base,IntegratedGradients,0.3733503133058548,0.4130524069070816,0.03970209360122684,False
937,vit_base,Random,0.41487091481685634,0.4120806023478508,-0.002790312469005518,True
938,mobilevit_s,GradCAM,0.08132909585256129,0.4669806554913521,0.38565155963879083,False
938,mobilevit_s,IntegratedGradients,0.02377684077328013,0.45386690348386766,0.43009006271058753,False
938,mobilevit_s,Random,0.09662969152886945,0.1501375683950755,0.05350787686620605,False
938,resnet50,GradCAM,0.1336415535930428,0.49999118149280547,0.36634962789976266,False
938,resnet50,IntegratedGradients,0.173773123839419,0.49998743832111353,0.3262143144816945,False
938,resnet50,LRP,0.029106044124637267,0.49999122023582465,0.4708851761111874,False
938,resnet50,Random,0.15339387636595345,0.12521578819287243,-0.028178088173081012,True
938,vit_base,Chefer-LRP,0.14957688650756612,0.3711834326386452,0.2216065461310791,False
938,vit_base,GradCAM,0.15145519199395496,0.38315382152795796,0.231698629534003,False
938,vit_base,IntegratedGradients,0.35857608541846275,0.39685635864734653,0.03828027322888378,False
938,vit_base,Random,0.39286369606852534,0.37578651979565625,-0.017077176272869088,True
939,mobilevit_s,GradCAM,0.42381904125213626,0.4523751676082612,0.028556126356124922,False
939,mobilevit_s,IntegratedGradients,0.2818129989434965,0.44218878746032714,0.16037578851683065,False
939,mobilevit_s,Random,0.26071010362356906,0.19108923883177342,-0.06962086479179563,True
939,resnet50,GradCAM,0.3893062874674797,0.49999712109565736,0.11069083362817767,False
939,resnet50,IntegratedGradients,0.30529955707024786,0.48363698869943617,0.1783374316291883,False
939,resnet50,LRP,0.1491511650659959,0.49999297559261324,0.35084181052661734,False
939,resnet50,Random,0.1957807790253128,0.18248065004402744,-0.013300128981285353,True
939,vit_base,Chefer-LRP,0.3944632276892662,0.4197833627462388,0.02532013505697256,False
939,vit_base,GradCAM,0.40577011555433273,0.41309202611446383,0.007321910560131095,False
939,vit_base,IntegratedGradients,0.41533059626817703,0.39852135330438615,-0.016809242963790882,True
939,vit_base,Random,0.3776170194149018,0.4032293893396855,0.025612369924783718,False
940,mobilevit_s,GradCAM,0.09906747406348587,0.24910067021846774,0.15003319615498187,False
940,mobilevit_s,IntegratedGradients,0.1499933512881398,0.25145458802580833,0.10146123673766855,False
940,mobilevit_s,Random,0.19508870659701646,0.127323335174151,-0.06776537142286546,True
940,resnet50,GradCAM,0.10329048724379392,0.25724295154213905,0.15395246429834514,False
940,resnet50,IntegratedGradients,0.12071188588161023,0.322326498478651,0.20161461259704078,False
940,resnet50,LRP,0.03580172586953268,0.3080144517123699,0.27221272584283723,False
940,resnet50,Random,0.10499313166365029,0.16196675943210723,0.056973627768456936,False
940,vit_base,Chefer-LRP,0.14824811492580922,0.2573840864002705,0.10913597147446127,False
940,vit_base,GradCAM,0.13623497588559985,0.24833719581365585,0.112102219928056,False
940,vit_base,IntegratedGradients,0.28106094524264336,0.24899524301290513,-0.03206570222973823,True
940,vit_base,Random,0.26756112352013584,0.26168563440442083,-0.005875489115715005,True
941,mobilevit_s,GradCAM,0.0008507144942996093,0.11722620856016873,0.11637549406586913,False
941,mobilevit_s,IntegratedGradients,0.0004394592675453168,0.016842891834676264,0.01640343256713095,False
941,mobilevit_s,Random,0.0014142824697501056,0.0021497724383152676,0.0007354899685651621,False
941,resnet50,GradCAM,0.0003568569118215237,0.011265803565038365,0.010908946653216841,False
941,resnet50,IntegratedGradients,0.0007555246724223253,0.0033624742296524345,0.002606949557230109,False
941,resnet50,LRP,0.00026920763630187137,0.0035926222451962524,0.003323414608894381,False
941,resnet50,Random,0.0007182627654401586,0.0003454999943642179,-0.00037276277107594073,True
941,vit_base,Chefer-LRP,0.004426678689196706,0.042716198973357676,0.03828952028416097,False
941,vit_base,GradCAM,0.005335460219066591,0.04842270798981189,0.043087247770745296,False
941,vit_base,IntegratedGradients,0.01225940333970357,0.04020834481343627,0.0279489414737327,False
941,vit_base,Random,0.027357603376731276,0.014386743458453565,-0.01297085991827771,True
942,mobilevit_s,GradCAM,0.40333743989467624,0.4457822039723396,0.042444764077663344,False
942,mobilevit_s,IntegratedGradients,0.44051025211811057,0.4190998196601867,-0.021410432457923845,True
942,mobilevit_s,Random,0.33627859652042397,0.3281282202340663,-0.008150376286357675,True
942,resnet50,GradCAM,0.499973127245903,0.4999999642372131,2.683699131011963e-05,False
942,resnet50,IntegratedGradients,0.48112812787294384,0.499999937415123,0.018871809542179152,False
942,resnet50,LRP,0.47182105481624603,0.49999993741512294,0.02817888259887691,False
942,resnet50,Random,0.4656802540645003,0.49996498972177505,0.034284735657274745,False
942,vit_base,Chefer-LRP,0.4461348906159401,0.41998940259218215,-0.026145488023757935,True
942,vit_base,GradCAM,0.44158333539962763,0.4323097646236419,-0.009273570775985729,True
942,vit_base,IntegratedGradients,0.4385532423853874,0.43151126950979235,-0.007041972875595048,True
942,vit_base,Random,0.43935257792472837,0.4323932036757469,-0.006959374248981465,True
943,mobilevit_s,GradCAM,0.011215345140954014,0.00938302775612101,-0.001832317384833004,True
943,mobilevit_s,IntegratedGradients,0.007886125244840515,0.016147455117607023,0.008261329872766508,False
943,mobilevit_s,Random,0.00834918759937864,0.007090515393065289,-0.0012586722063133507,True
943,resnet50,GradCAM,0.10744373081588492,0.4993557125329972,0.3919119817171123,False
943,resnet50,IntegratedGradients,0.2747476579406794,0.4313741400837899,0.15662648214311048,False
943,resnet50,LRP,0.04554808567772853,0.49946420341730113,0.45391611773957263,False
943,resnet50,Random,0.06601339168252912,0.061933144847423904,-0.004080246835105217,True
943,vit_base,Chefer-LRP,0.1776670668157749,0.395319989323616,0.2176529225078411,False
943,vit_base,GradCAM,0.27411410156637434,0.41451399773359304,0.1403998961672187,False
943,vit_base,IntegratedGradients,0.3082262912765146,0.3638382107019425,0.055611919425427925,False
943,vit_base,Random,0.25770004335790875,0.2215167831629515,-0.03618326019495724,True
944,mobilevit_s,GradCAM,0.07050747281118676,0.33633300811052325,0.2658255352993365,False
944,mobilevit_s,IntegratedGradients,0.10530218891954064,0.36783286780118946,0.2625306788816488,False
944,mobilevit_s,Random,0.1277180496326764,0.06497052231716226,-0.06274752731551415,True
944,resnet50,GradCAM,0.2308495158307778,0.49999746680259705,0.2691479509718192,False
944,resnet50,IntegratedGradients,0.4751561257988215,0.4999943345785141,0.024838208779692617,False
944,resnet50,LRP,0.14493457263815798,0.49999502897262577,0.3550604563344678,False
944,resnet50,Random,0.3412321917479858,0.3311732673086227,-0.010058924439363126,True
944,vit_base,Chefer-LRP,0.249613509059418,0.3707145228981972,0.12110101383877916,False
944,vit_base,GradCAM,0.23822245138580914,0.3507434636354446,0.11252101224963548,False
944,vit_base,IntegratedGradients,0.3247995227575302,0.31510327681899075,-0.00969624593853946,True
944,vit_base,Random,0.3388090722262859,0.3344669364392758,-0.0043421357870101485,True
945,mobilevit_s,GradCAM,0.07942622376140207,0.4702452033758164,0.3908189796144143,False
945,mobilevit_s,IntegratedGradients,0.09449275146471338,0.48037446737289424,0.3858817159081809,False
945,mobilevit_s,Random,0.19920239762068379,0.2604271566233365,0.0612247590026527,False
945,resnet50,GradCAM,0.2707537033595145,0.49999354183673855,0.22923983847722407,False
945,resnet50,IntegratedGradients,0.48712733983993534,0.4955577030777931,0.008430363237857785,False
945,resnet50,LRP,0.1893505347048631,0.4999891102313996,0.3106385755265365,False
945,resnet50,Random,0.3474734158393403,0.4063669669092634,0.058893551069923056,False
945,vit_base,Chefer-LRP,0.2909686183498707,0.4274183437228203,0.13644972537294958,False
945,vit_base,GradCAM,0.22008361659827647,0.41047520786523817,0.1903915912669617,False
945,vit_base,IntegratedGradients,0.4004250422120094,0.4096397772431374,0.009214735031127963,False
945,vit_base,Random,0.41521830558776857,0.42019672095775606,0.004978415369987499,False
946,mobilevit_s,GradCAM,0.06758472796645948,0.4173413828015327,0.34975665483507323,False
946,mobilevit_s,IntegratedGradients,0.07831886928470339,0.30432052612304683,0.22600165683834345,False
946,mobilevit_s,Random,0.052615195050566395,0.04117713216705852,-0.011438062883507877,True
946,resnet50,GradCAM,0.0832055684644729,0.49995375722646707,0.41674818876199415,False
946,resnet50,IntegratedGradients,0.10905943408574785,0.49987750500440603,0.39081807091865817,False
946,resnet50,LRP,0.12234999490901828,0.4998914554715156,0.3775414605624973,False
946,resnet50,Random,0.2246842532651499,0.2970702745951712,0.07238602133002131,False
946,vit_base,Chefer-LRP,0.23295347541570666,0.3836360558867455,0.15068258047103883,False
946,vit_base,GradCAM,0.12339452872402035,0.3879192382097244,0.26452470948570406,False
946,vit_base,IntegratedGradients,0.31740317195653917,0.3966808944940568,0.07927772253751764,False
946,vit_base,Random,0.25377714866772294,0.3250862527638674,0.07130910409614444,False
947,mobilevit_s,GradCAM,0.028206421132199466,0.4112439140677453,0.38303749293554584,False
947,mobilevit_s,IntegratedGradients,0.024412094139552216,0.3999482139945031,0.3755361198549509,False
947,mobilevit_s,Random,0.11713770266869689,0.07691217022947969,-0.0402255324392172,True
947,resnet50,GradCAM,0.1499092501588166,0.49996719062328343,0.3500579404644668,False
947,resnet50,IntegratedGradients,0.2915819142013788,0.4995760947465897,0.2079941805452109,False
947,resnet50,LRP,0.09801619779318571,0.4999473661184311,0.4019311683252454,False
947,resnet50,Random,0.4721435189247131,0.46284615339245644,-0.009297365532256685,True
947,vit_base,Chefer-LRP,0.16793319769203663,0.41505112349987033,0.2471179258078337,False
947,vit_base,GradCAM,0.10905408980324864,0.4049294322729111,0.29587534246966246,False
947,vit_base,IntegratedGradients,0.3658175773918629,0.41688226163387304,0.05106468424201016,False
947,vit_base,Random,0.3559721417725087,0.37545548342168333,0.019483341649174646,False
948,mobilevit_s,GradCAM,0.37278061360120773,0.45754772573709485,0.08476711213588711,False
948,mobilevit_s,IntegratedGradients,0.40647946260869505,0.34700458645820625,-0.0594748761504888,True
948,mobilevit_s,Random,0.2585258683144275,0.23589796648775518,-0.022627901826672292,True
948,resnet50,GradCAM,0.31601187326014046,0.4996490448713303,0.1836371716111898,False
948,resnet50,IntegratedGradients,0.24576059607788922,0.49976342171430593,0.25400282563641674,False
948,resnet50,LRP,0.17408226928673687,0.4995820418000221,0.3254997725132852,False
948,resnet50,Random,0.27171218942385167,0.20499263070960294,-0.06671955871424873,True
948,vit_base,Chefer-LRP,0.3509462602436543,0.42832657545804975,0.07738031521439548,False
948,vit_base,GradCAM,0.2539663497358561,0.4260663360357285,0.17209998629987244,False
948,vit_base,IntegratedGradients,0.4123638242483139,0.40893069356679923,-0.0034331306815146845,True
948,vit_base,Random,0.3662698119878769,0.4068688720464706,0.040599060058593706,False
949,mobilevit_s,GradCAM,0.020062729314668102,0.09015544317662716,0.07009271386195906,False
949,mobilevit_s,IntegratedGradients,0.04264039508998394,0.017404102906584742,-0.0252362921833992,True
949,mobilevit_s,Random,0.013478655529615935,0.00928532260386419,-0.004193332925751745,True
949,resnet50,GradCAM,0.013802887266501784,0.15772365634329616,0.14392076907679438,False
949,resnet50,IntegratedGradients,0.06747746192850172,0.004286914586555213,-0.06319054734194651,True
949,resnet50,LRP,0.02892838669940829,0.04748097485862673,0.01855258815921844,False
949,resnet50,Random,0.013506203819997608,0.006394652428571136,-0.007111551391426472,True
949,vit_base,Chefer-LRP,0.16775459796190262,0.16071348562836643,-0.007041112333536187,True
949,vit_base,GradCAM,0.10874634664505721,0.17044628784060478,0.06169994119554757,False
949,vit_base,IntegratedGradients,0.2088731542229652,0.12674522437155247,-0.08212792985141273,True
949,vit_base,Random,0.12845731340348723,0.10387014262378216,-0.02458717077970507,True
950,mobilevit_s,GradCAM,0.2682132083922625,0.44593727588653564,0.17772406749427316,False
950,mobilevit_s,IntegratedGradients,0.47609739005565643,0.43980788215994837,-0.03628950789570806,True
950,mobilevit_s,Random,0.37927938303037084,0.4044710185815347,0.025191635551163882,False
950,resnet50,GradCAM,0.49917700737714765,0.4999995440244675,0.0008225366473198492,False
950,resnet50,IntegratedGradients,0.4997081592679024,0.49994237124919894,0.0002342119812965282,False
950,resnet50,LRP,0.4863387927412987,0.4999819934368134,0.013643200695514668,False
950,resnet50,Random,0.39369770113844427,0.3893850724678487,-0.004312628670595564,True
950,vit_base,Chefer-LRP,0.4219956263899803,0.4140074282884598,-0.00798819810152046,True
950,vit_base,GradCAM,0.41256957352161405,0.3874148696660996,-0.025154703855514438,True
950,vit_base,IntegratedGradients,0.3783523574471474,0.40989075452089313,0.03153839707374573,False
950,vit_base,Random,0.43199496716260904,0.4153476551175118,-0.01664731204509723,True
951,mobilevit_s,GradCAM,0.38094566315412526,0.43260978460311894,0.05166412144899368,False
951,mobilevit_s,IntegratedGradients,0.30022779869032096,0.19277763897553088,-0.10745015971479008,True
951,mobilevit_s,Random,0.3011433203908382,0.12342472746749991,-0.17771859292333828,True
951,resnet50,GradCAM,0.4727976441383362,0.4997475907206535,0.026949946582317308,False
951,resnet50,IntegratedGradients,0.42957898974418646,0.4547247622162104,0.02514577247202393,False
951,resnet50,LRP,0.42081878375174714,0.4997682049870491,0.07894942123530196,False
951,resnet50,Random,0.3450975056737662,0.2592129528580699,-0.08588455281569629,True
951,vit_base,Chefer-LRP,0.3632391200400889,0.4121721848845482,0.048933064844459306,False
951,vit_base,GradCAM,0.34692872688174253,0.3894822120666504,0.04255348518490787,False
951,vit_base,IntegratedGradients,0.423821909725666,0.3678133189678192,-0.05600859075784681,True
951,vit_base,Random,0.4017853558063507,0.40638586729764936,0.004600511491298642,False
952,mobilevit_s,GradCAM,0.0003238324381527491,0.0007613965281052515,0.0004375640899525024,False
952,mobilevit_s,IntegratedGradients,0.0001255904602885494,0.0005939424881944434,0.00046835202790589396,False
952,mobilevit_s,Random,0.0004371093647705493,0.00028101813377361405,-0.00015609123099693525,True
952,resnet50,GradCAM,7.412077939079608e-05,6.521590809924762e-05,-8.904871291548467e-06,True
952,resnet50,IntegratedGradients,1.9699215818036465e-05,6.0116008535260326e-05,4.041679271722386e-05,False
952,resnet50,LRP,1.4015154025059927e-05,9.67246280197287e-05,8.270947399466878e-05,False
952,resnet50,Random,2.8844567495411866e-05,2.4022459462003096e-05,-4.822108033408769e-06,True
952,vit_base,Chefer-LRP,0.00015446882844116772,0.0011135296866996215,0.0009590608582584538,False
952,vit_base,GradCAM,0.0001583438210218446,0.002507746103219688,0.0023494022821978432,False
952,vit_base,IntegratedGradients,0.00016643877897877245,0.0011016569507773964,0.000935218171798624,False
952,vit_base,Random,0.0005101450340589509,0.0004531858343398199,-5.6959199719131025e-05,True
953,mobilevit_s,GradCAM,0.024583768294542098,0.40231623947620393,0.3777324711816618,False
953,mobilevit_s,IntegratedGradients,0.14672746462747455,0.3716208770871162,0.22489341245964167,False
953,mobilevit_s,Random,0.25978715784876844,0.2668648444989231,0.00707768665015468,False
953,resnet50,GradCAM,0.2405244893394411,0.49937323629856106,0.25884874695911997,False
953,resnet50,IntegratedGradients,0.2364666055978404,0.496182706952095,0.2597161013542546,False
953,resnet50,LRP,0.13038101450074466,0.4996940955519676,0.36931308105122296,False
953,resnet50,Random,0.2583442365983501,0.1033511098677991,-0.154993126730551,True
953,vit_base,Chefer-LRP,0.3370474850293249,0.4042181700468063,0.06717068501748141,False
953,vit_base,GradCAM,0.2379158827592619,0.42315394282341007,0.18523806006414817,False
953,vit_base,IntegratedGradients,0.3625401273369789,0.37772206813097003,0.015181940793991155,False
953,vit_base,Random,0.326464381814003,0.29557896107435233,-0.03088542073965067,True
954,mobilevit_s,GradCAM,0.16008945414796472,0.4668461889028549,0.3067567347548902,False
954,mobilevit_s,IntegratedGradients,0.28776827156543733,0.4395208790898323,0.15175260752439496,False
954,mobilevit_s,Random,0.2647267809108599,0.240602264739573,-0.024124516171286886,True
954,resnet50,GradCAM,0.16545168757438664,0.4984827250242233,0.33303103744983664,False
954,resnet50,IntegratedGradients,0.43281882982701064,0.43751256614923484,0.004693736322224196,False
954,resnet50,LRP,0.10719185015186669,0.4973055601119995,0.39011370996013284,False
954,resnet50,Random,0.19646737026050687,0.2144243814051152,0.01795701114460832,False
954,vit_base,Chefer-LRP,0.37122137323021887,0.40087013095617297,0.0296487577259541,False
954,vit_base,GradCAM,0.4018525719642639,0.39784004837274556,-0.004012523591518324,True
954,vit_base,IntegratedGradients,0.4340340107679367,0.40297325849533083,-0.03106075227260585,True
954,vit_base,Random,0.42116184085607533,0.41496408879756924,-0.00619775205850609,True
955,mobilevit_s,GradCAM,0.0425861866766354,0.06313457270152867,0.02054838602489327,False
955,mobilevit_s,IntegratedGradients,0.19841094948351387,0.16500195347471164,-0.03340899600880223,True
955,mobilevit_s,Random,0.09788456194801255,0.10955644557252527,0.011671883624512713,False
955,resnet50,GradCAM,0.050530907488428055,0.44379356950521476,0.3932626620167867,False
955,resnet50,IntegratedGradients,0.34014100171625616,0.10819179691752653,-0.23194920479872963,True
955,resnet50,LRP,0.0266168117756024,0.43991117477416997,0.4132943629985676,False
955,resnet50,Random,0.19486011830158534,0.11429982325062157,-0.08056029505096376,True
955,vit_base,Chefer-LRP,0.21201385762542485,0.269615513086319,0.05760165546089413,False
955,vit_base,GradCAM,0.11041432759375312,0.34614737927913664,0.2357330516853835,False
955,vit_base,IntegratedGradients,0.291879591345787,0.1947028934955597,-0.09717669785022731,True
955,vit_base,Random,0.26126358956098555,0.3102545350790024,0.04899094551801686,False
956,mobilevit_s,GradCAM,0.013508733455091715,0.12429490685462952,0.11078617339953781,False
956,mobilevit_s,IntegratedGradients,0.04888291365932674,0.07461309935897589,0.025730185699649154,False
956,mobilevit_s,Random,0.03597054155543447,0.10077085966477171,0.06480031810933724,False
956,resnet50,GradCAM,0.03136432121973485,0.20436194092035292,0.17299761970061808,False
956,resnet50,IntegratedGradients,0.04313541373703629,0.14628437682986262,0.10314896309282633,False
956,resnet50,LRP,0.011554886536032429,0.16703105308115485,0.15547616654512242,False
956,resnet50,Random,0.04217195576347877,0.028385956218698993,-0.013785999544779777,True
956,vit_base,Chefer-LRP,0.049212458415422586,0.2187369465827942,0.1695244881673716,False
956,vit_base,GradCAM,0.06275337673723698,0.23903076201677323,0.17627738527953624,False
956,vit_base,IntegratedGradients,0.17491859905421733,0.20222586840391157,0.02730726934969424,False
956,vit_base,Random,0.2516910254955292,0.22542745545506476,-0.026263570040464423,True
957,mobilevit_s,GradCAM,0.053655902098398656,0.43369210958480836,0.3800362074864097,False
957,mobilevit_s,IntegratedGradients,0.07851691753312481,0.40191090255975725,0.3233939850266324,False
957,mobilevit_s,Random,0.09027339151180061,0.10795380144554656,0.01768040993374595,False
957,resnet50,GradCAM,0.27622159924358125,0.4726966693997383,0.19647507015615706,False
957,resnet50,IntegratedGradients,0.3164297454059124,0.4127823814749718,0.09635263606905942,False
957,resnet50,LRP,0.14264726515393705,0.4647512301802635,0.32210396502632643,False
957,resnet50,Random,0.1807162442986737,0.20531961885571945,0.024603374557045754,False
957,vit_base,Chefer-LRP,0.22196692768484355,0.3769287034869194,0.15496177580207587,False
957,vit_base,GradCAM,0.1329569502733648,0.3834261685609818,0.250469218287617,False
957,vit_base,IntegratedGradients,0.39001524597406384,0.39280205518007283,0.002786809206008989,False
957,vit_base,Random,0.35885985046625135,0.40435284525156023,0.04549299478530888,False
958,mobilevit_s,GradCAM,0.011601711169350893,0.0320881166961044,0.020486405526753508,False
958,mobilevit_s,IntegratedGradients,0.009065139885569807,0.1050852059503086,0.09602006606473878,False
958,mobilevit_s,Random,0.010306287697130757,0.012556341270101258,0.002250053572970501,False
958,resnet50,GradCAM,0.003765113744884729,0.01085819168947637,0.007093077944591641,False
958,resnet50,IntegratedGradients,0.0012925057977554387,0.002070967537292745,0.0007784617395373062,False
958,resnet50,LRP,0.001703953943433589,0.0016501149366376924,-5.3839006795896715e-05,True
958,resnet50,Random,0.0005540900156347561,0.0005816896561555042,2.75996405207481e-05,False
958,vit_base,Chefer-LRP,0.048611704539507625,0.018959703168366104,-0.02965200137114152,True
958,vit_base,GradCAM,0.02116929730400443,0.05138860996812582,0.030219312664121388,False
958,vit_base,IntegratedGradients,0.03722874997183681,0.02782395528629422,-0.009404794685542592,True
958,vit_base,Random,0.015238411631435154,0.008254237327491866,-0.006984174303943288,True
959,mobilevit_s,GradCAM,0.020722193643450737,0.0015750136961287353,-0.019147179947322002,True
959,mobilevit_s,IntegratedGradients,0.0013530093710869553,0.1809689582325518,0.17961594886146484,False
959,mobilevit_s,Random,0.007435758730571253,0.018283041624817996,0.010847282894246742,False
959,resnet50,GradCAM,0.006378881644923241,0.01952965660020709,0.013150774955283847,False
959,resnet50,IntegratedGradients,0.005157617019722238,0.00373320371072623,-0.0014244133089960083,True
959,resnet50,LRP,0.006542411464033647,0.006303204174037092,-0.00023920728999655538,True
959,resnet50,Random,0.0018219558580312878,0.0008786522941591101,-0.0009433035638721777,True
959,vit_base,Chefer-LRP,0.06276915715134238,0.2375437319278717,0.17477457477652933,False
959,vit_base,GradCAM,0.07998228852520697,0.26569183021783827,0.1857095416926313,False
959,vit_base,IntegratedGradients,0.2672945462167263,0.152880441211164,-0.11441410500556232,True
959,vit_base,Random,0.18432843373157087,0.20588563140481714,0.021557197673246264,False
960,mobilevit_s,GradCAM,0.04783147522248328,0.04160231547430158,-0.006229159748181702,True
960,mobilevit_s,IntegratedGradients,0.067648225807352,0.22104140836745503,0.15339318256010304,False
960,mobilevit_s,Random,0.12519296681202835,0.11147362170449925,-0.013719345107529105,True
960,resnet50,GradCAM,0.01139414438221138,0.08228048514574765,0.07088634076353627,False
960,resnet50,IntegratedGradients,0.059930403437465425,0.013646806031465532,-0.046283597405999896,True
960,resnet50,LRP,0.02630724268747145,0.09228793978691101,0.06598069709943956,False
960,resnet50,Random,0.012458170817990324,0.004989686081557211,-0.007468484736433113,True
960,vit_base,Chefer-LRP,0.020454914623405786,0.2092922367155552,0.1888373220921494,False
960,vit_base,GradCAM,0.028534592315554618,0.18995044976472855,0.16141585744917394,False
960,vit_base,IntegratedGradients,0.12778141382150351,0.08889045389369131,-0.038890959927812205,True
960,vit_base,Random,0.070009786169976,0.03080637186067179,-0.039203414309304206,True
961,mobilevit_s,GradCAM,0.013776480952219573,0.2847925990819931,0.27101611812977355,False
961,mobilevit_s,IntegratedGradients,0.02094130394398235,0.20925667583942412,0.18831537189544176,False
961,mobilevit_s,Random,0.08237609542266001,0.04072121055942263,-0.04165488486323739,True
961,resnet50,GradCAM,0.09169416312070097,0.481118069589138,0.38942390646843705,False
961,resnet50,IntegratedGradients,0.2547316560521722,0.39141582101583483,0.13668416496366265,False
961,resnet50,LRP,0.03211510604305658,0.4629039183259011,0.43078881228284455,False
961,resnet50,Random,0.20268239609431477,0.19487655502744022,-0.0078058410668745415,True
961,vit_base,Chefer-LRP,0.08237506115692668,0.38662527650594714,0.30425021534902047,False
961,vit_base,GradCAM,0.08098957088368479,0.42729593664407733,0.34630636576039253,False
961,vit_base,IntegratedGradients,0.43028566837310794,0.3002860799431801,-0.12999958842992787,True
961,vit_base,Random,0.30967141538858417,0.3334727078676224,0.023801292479038227,False
962,mobilevit_s,GradCAM,0.0007900820346549153,0.005809692945331335,0.0050196109106764196,False
962,mobilevit_s,IntegratedGradients,0.0005685181236913195,0.00299005163833499,0.0024215335146436706,False
962,mobilevit_s,Random,0.0011451725149527192,0.001042787724873051,-0.00010238479007966821,True
962,resnet50,GradCAM,0.0003271066941124445,0.0055588130053365594,0.005231706311224115,False
962,resnet50,IntegratedGradients,0.00821585631929338,0.0025835484295384957,-0.005632307889754885,True
962,resnet50,LRP,0.0068212792320991875,0.008591218735091388,0.0017699395029922007,False
962,resnet50,Random,0.057444231552653956,0.04004893154196907,-0.017395300010684886,True
962,vit_base,Chefer-LRP,0.001506092977069784,0.0074469787301495675,0.005940885753079783,False
962,vit_base,GradCAM,0.0015261794287653176,0.004095405398402363,0.0025692259696370456,False
962,vit_base,IntegratedGradients,0.00884198250132613,0.007758109876886011,-0.001083872624440119,True
962,vit_base,Random,0.007702966156648472,0.004007442214060575,-0.0036955239425878975,True
963,mobilevit_s,GradCAM,0.008940549414546695,0.2825088993646204,0.27356834995007373,False
963,mobilevit_s,IntegratedGradients,0.026122105683316483,0.021580551122315227,-0.004541554561001256,True
963,mobilevit_s,Random,0.025444266473641623,0.08078267029486597,0.05533840382122435,False
963,resnet50,GradCAM,0.021471412217942996,0.18682927237823604,0.16535786016029305,False
963,resnet50,IntegratedGradients,0.16533745628548788,0.04898358201608062,-0.11635387426940726,True
963,resnet50,LRP,0.15988024644320833,0.1151839897967875,-0.04469625664642084,True
963,resnet50,Random,0.12788088111556137,0.05644944375380874,-0.07143143736175263,True
963,vit_base,Chefer-LRP,0.054974268423393376,0.1609705865383148,0.10599631811492144,False
963,vit_base,GradCAM,0.11356979684205727,0.14604379311203958,0.032473996269982305,False
963,vit_base,IntegratedGradients,0.18576737418770792,0.17055111080408097,-0.015216263383626943,True
963,vit_base,Random,0.1748605750501156,0.18965422585606573,0.014793650805950131,False
964,mobilevit_s,GradCAM,0.013220520922914149,0.003340392032987438,-0.00988012888992671,True
964,mobilevit_s,IntegratedGradients,0.0020689166660304184,0.012263695383444427,0.010194778717414008,False
964,mobilevit_s,Random,0.00921444642081042,0.02515127796214074,0.01593683154133032,False
964,resnet50,GradCAM,0.028959874820429835,0.3031758517026902,0.27421597688226035,False
964,resnet50,IntegratedGradients,0.02397502671228722,0.29524045605212457,0.2712654293398373,False
964,resnet50,LRP,0.023210725095123053,0.3474731594324112,0.32426243433728813,False
964,resnet50,Random,0.10072838482446969,0.2862131918780505,0.1854848070535808,False
964,vit_base,Chefer-LRP,0.01495125845540315,0.13471533227711915,0.119764073821716,False
964,vit_base,GradCAM,0.026949211675673726,0.15568431392312046,0.12873510224744672,False
964,vit_base,IntegratedGradients,0.02204146918375045,0.07269995347596704,0.05065848429221659,False
964,vit_base,Random,0.10776053804438562,0.037007694039493805,-0.07075284400489182,True
965,mobilevit_s,GradCAM,0.4096311435103417,0.3064234264194966,-0.10320771709084509,True
965,mobilevit_s,IntegratedGradients,0.3564556749886833,0.45938815325498583,0.10293247826630253,False
965,mobilevit_s,Random,0.33581194926518954,0.2489408813547925,-0.08687106791039703,True
965,resnet50,GradCAM,0.4966578051447868,0.5,0.0033421948552131986,False
965,resnet50,IntegratedGradients,0.4285371882840991,0.49979885518550876,0.07126166690140967,False
965,resnet50,LRP,0.34458187664858997,0.49999995827674865,0.15541808162815868,False
965,resnet50,Random,0.32563033404876485,0.43090173080563543,0.10527139675687058,False
965,vit_base,Chefer-LRP,0.38826346546411517,0.44705695509910587,0.0587934896349907,False
965,vit_base,GradCAM,0.3542664490640164,0.42121225148439406,0.06694580242037768,False
965,vit_base,IntegratedGradients,0.43872856944799427,0.4354990229010582,-0.0032295465469360796,True
965,vit_base,Random,0.432813835144043,0.4353777587413788,0.0025639235973358154,False
966,mobilevit_s,GradCAM,0.06771560932975264,0.2708356350660324,0.2031200257362798,False
966,mobilevit_s,IntegratedGradients,0.2154181033372879,0.27037862986326217,0.054960526525974274,False
966,mobilevit_s,Random,0.18552694700192662,0.24401057519135066,0.05848362818942404,False
966,resnet50,GradCAM,0.2198147300630808,0.48303006589412695,0.26321533583104617,False
966,resnet50,IntegratedGradients,0.3679625846096315,0.13255782604683192,-0.23540475856279958,True
966,resnet50,LRP,0.12781221494078635,0.47007794082164767,0.34226572588086135,False
966,resnet50,Random,0.07542904038418785,0.07276293457834983,-0.0026661058058380233,True
966,vit_base,Chefer-LRP,0.3437859363853931,0.4088522076606751,0.06506627127528197,False
966,vit_base,GradCAM,0.3313517924398184,0.42743768393993387,0.09608589150011548,False
966,vit_base,IntegratedGradients,0.43291863799095154,0.3586496692150831,-0.07426896877586842,True
966,vit_base,Random,0.4474146321415901,0.4056976824998856,-0.041716949641704526,True
967,mobilevit_s,GradCAM,0.18636412965133786,0.11700598848983644,-0.06935814116150142,True
967,mobilevit_s,IntegratedGradients,0.21157002649270001,0.19195950618013738,-0.019610520312562635,True
967,mobilevit_s,Random,0.11182276317849754,0.09653395330533386,-0.01528880987316368,True
967,resnet50,GradCAM,0.10644373279064896,0.19234702438116072,0.08590329159051176,False
967,resnet50,IntegratedGradients,0.03715867358259857,0.08140581026673319,0.044247136684134616,False
967,resnet50,LRP,0.07092753018951044,0.22844679616391658,0.15751926597440613,False
967,resnet50,Random,0.023262823431286963,0.02147207782836631,-0.0017907456029206542,True
967,vit_base,Chefer-LRP,0.015692832437343894,0.014978695753961803,-0.0007141366833820911,True
967,vit_base,GradCAM,0.01554088934790343,0.02011736957356334,0.004576480225659908,False
967,vit_base,IntegratedGradients,0.014708079630509019,0.02506814859807491,0.010360068967565892,False
967,vit_base,Random,0.008114889543503524,0.006305782473646104,-0.0018091070698574192,True
968,mobilevit_s,GradCAM,0.2418561957776547,0.3532153204083443,0.11135912463068962,False
968,mobilevit_s,IntegratedGradients,0.38429951686412095,0.3610972583293915,-0.02320225853472946,True
968,mobilevit_s,Random,0.16047799512743952,0.24691273998469118,0.08643474485725167,False
968,resnet50,GradCAM,0.35022760927677155,0.298379672318697,-0.05184793695807455,True
968,resnet50,IntegratedGradients,0.283324402011931,0.37793626487255094,0.09461186286061996,False
968,resnet50,LRP,0.17121324483014178,0.35516791082918653,0.18395466599904475,False
968,resnet50,Random,0.11813812815154168,0.056484330447527854,-0.06165379770401382,True
968,vit_base,Chefer-LRP,0.1657749690115452,0.35264656543731693,0.18687159642577172,False
968,vit_base,GradCAM,0.22182220965623856,0.22743614241480828,0.005613932758569723,False
968,vit_base,IntegratedGradients,0.15364911556243896,0.3053947672247887,0.15174565166234974,False
968,vit_base,Random,0.2900916293263435,0.2805728159844875,-0.009518813341856003,True
969,mobilevit_s,GradCAM,0.4445890888571739,0.45602492690086366,0.01143583804368975,False
969,mobilevit_s,IntegratedGradients,0.47159437984228125,0.4442361831665039,-0.02735819667577738,True
969,mobilevit_s,Random,0.47063309848308565,0.47622205018997193,0.00558895170688628,False
969,resnet50,GradCAM,0.49776816070079805,0.4987671360373497,0.000998975336551633,False
969,resnet50,IntegratedGradients,0.49797216951847073,0.48914141952991486,-0.008830749988555875,True
969,resnet50,LRP,0.4942071080207825,0.4943432420492172,0.000136134028434709,False
969,resnet50,Random,0.4623587608337402,0.41732576489448553,-0.045032995939254694,True
969,vit_base,Chefer-LRP,0.3914562672376633,0.4323576301336289,0.040901362895965576,False
969,vit_base,GradCAM,0.45259778797626493,0.4408263996243477,-0.011771388351917211,True
969,vit_base,IntegratedGradients,0.4131504163146019,0.44676287621259697,0.03361245989799505,False
969,vit_base,Random,0.41378166079521184,0.38955148905515674,-0.024230171740055095,True
970,mobilevit_s,GradCAM,0.41412850022315983,0.37216988056898115,-0.041958619654178686,True
970,mobilevit_s,IntegratedGradients,0.3658992201089859,0.32895794063806527,-0.03694127947092063,True
970,mobilevit_s,Random,0.11727183331968263,0.08048430740018377,-0.03678752591949887,True
970,resnet50,GradCAM,0.4936823666095734,0.5,0.006317633390426625,False
970,resnet50,IntegratedGradients,0.49996453523635864,0.4926173523068429,-0.00734718292951575,True
970,resnet50,LRP,0.28002134189009664,0.49999999403953554,0.2199786521494389,False
970,resnet50,Random,0.1460499614477158,0.20496210220735522,0.058912140759639436,False
970,vit_base,Chefer-LRP,0.4446509942412376,0.419406333565712,-0.02524466067552561,True
970,vit_base,GradCAM,0.45904781967401503,0.40031071454286576,-0.05873710513114927,True
970,vit_base,IntegratedGradients,0.39255306422710423,0.44528501629829403,0.0527319520711898,False
970,vit_base,Random,0.4199396029114723,0.36984913051128393,-0.05009047240018838,True
971,mobilevit_s,GradCAM,0.2605817915929947,0.47953727692365644,0.21895548533066173,False
971,mobilevit_s,IntegratedGradients,0.2002141252160073,0.48592420220375065,0.28571007698774337,False
971,mobilevit_s,Random,0.32074541260044503,0.312180050079769,-0.008565362520676023,True
971,resnet50,GradCAM,0.49890264570713044,0.5,0.0010973542928695568,False
971,resnet50,IntegratedGradients,0.3751566008257214,0.49998991191387177,0.12483331108815038,False
971,resnet50,LRP,0.38021856453269726,0.47179765105247495,0.0915790865197777,False
971,resnet50,Random,0.20912784611579271,0.2751703192479909,0.06604247313219819,False
971,vit_base,Chefer-LRP,0.4122424021363258,0.4403783917427063,0.02813598960638053,False
971,vit_base,GradCAM,0.4476898655295372,0.44914757162332536,0.001457706093788147,False
971,vit_base,IntegratedGradients,0.44667461514472956,0.44731149375438695,0.0006368786096573875,False
971,vit_base,Random,0.44846547544002535,0.4518923729658127,0.0034268975257873424,False
972,mobilevit_s,GradCAM,0.0833874144242145,0.4161198973655701,0.3327324829413556,False
972,mobilevit_s,IntegratedGradients,0.03555699487333186,0.466523015499115,0.43096602062578315,False
972,mobilevit_s,Random,0.10285571604254076,0.09264464286879957,-0.01021107317374119,True
972,resnet50,GradCAM,0.23487025611102583,0.49998522996902467,0.26511497385799887,False
972,resnet50,IntegratedGradients,0.18660765439271929,0.4999710187315941,0.3133633643388748,False
972,resnet50,LRP,0.13868784280493857,0.4999846339225769,0.36129679111763835,False
972,resnet50,Random,0.12122688468080016,0.17608964846003802,0.054862763779237864,False
972,vit_base,Chefer-LRP,0.18391785230487587,0.42007024437189106,0.2361523920670152,False
972,vit_base,GradCAM,0.13558801580220461,0.4232003062963486,0.28761229049414394,False
972,vit_base,IntegratedGradients,0.2591424781829119,0.4324407026171684,0.17329822443425646,False
972,vit_base,Random,0.36187835037708294,0.36720286384224887,0.0053245134651659365,False
973,mobilevit_s,GradCAM,0.04703492681728677,0.0705057651619427,0.023470838344655923,False
973,mobilevit_s,IntegratedGradients,0.018221526389243084,0.04218498282134533,0.023963456432102244,False
973,mobilevit_s,Random,0.0237425112456549,0.028421918644744436,0.004679407399089536,False
973,resnet50,GradCAM,0.029889074969105426,0.2523101441562176,0.22242106918711219,False
973,resnet50,IntegratedGradients,0.017430184781551363,0.21255429536104203,0.19512411057949067,False
973,resnet50,LRP,0.021787817566655578,0.2067756973206997,0.18498787975404413,False
973,resnet50,Random,0.02199348433641717,0.016181917174253612,-0.005811567162163557,True
973,vit_base,Chefer-LRP,0.14855656027793884,0.19634575843811033,0.04778919816017149,False
973,vit_base,GradCAM,0.13009614001493905,0.19948503747582433,0.06938889746088528,False
973,vit_base,IntegratedGradients,0.18187317373231054,0.14855059906840323,-0.03332257466390731,True
973,vit_base,Random,0.11302363499999046,0.16441413126885893,0.05139049626886846,False
974,mobilevit_s,GradCAM,0.040548165352083755,0.44738405346870425,0.40683588811662047,False
974,mobilevit_s,IntegratedGradients,0.04239949404727668,0.4451154202222824,0.40271592617500573,False
974,mobilevit_s,Random,0.13292376389144922,0.09950627693906428,-0.033417486952384945,True
974,resnet50,GradCAM,0.09607710831332951,0.46331177204847335,0.36723466373514385,False
974,resnet50,IntegratedGradients,0.1065972168929875,0.34623775780200955,0.23964054090902204,False
974,resnet50,LRP,0.0872628455515951,0.4635060980916023,0.37624325254000723,False
974,resnet50,Random,0.14074490517377855,0.16291185822337867,0.02216695304960012,False
974,vit_base,Chefer-LRP,0.14834842807613313,0.4023705914616585,0.25402216338552536,False
974,vit_base,GradCAM,0.19980210340581833,0.4089384123682976,0.20913630896247926,False
974,vit_base,IntegratedGradients,0.2934867687523365,0.3646674111485481,0.07118064239621164,False
974,vit_base,Random,0.2632631283253431,0.29815674163401135,0.03489361330866825,False
975,mobilevit_s,GradCAM,0.133191031543538,0.4239224508404732,0.2907314192969352,False
975,mobilevit_s,IntegratedGradients,0.27284768093377354,0.3864915907382966,0.11364390980452305,False
975,mobilevit_s,Random,0.1445497454609722,0.13560790173360146,-0.008941843727370752,True
975,resnet50,GradCAM,0.3662402840331197,0.4995239436626434,0.1332836596295237,False
975,resnet50,IntegratedGradients,0.4408914089202881,0.36702561974525455,-0.07386578917503356,True
975,resnet50,LRP,0.1793723363429308,0.4995455116033554,0.32017317526042466,False
975,resnet50,Random,0.19930290603078904,0.1073967940057628,-0.09190611202502624,True
975,vit_base,Chefer-LRP,0.29743892326951027,0.3690957307815552,0.07165680751204495,False
975,vit_base,GradCAM,0.35904580261558294,0.35222007930278776,-0.006825723312795184,True
975,vit_base,IntegratedGradients,0.33870783597230913,0.29092490300536156,-0.04778293296694758,True
975,vit_base,Random,0.16318719238042834,0.1802387099713087,0.01705151759088036,False
976,mobilevit_s,GradCAM,0.3282946050167084,0.44064314812421795,0.11234854310750958,False
976,mobilevit_s,IntegratedGradients,0.08807764460798355,0.4417082592844963,0.35363061467651274,False
976,mobilevit_s,Random,0.27855825147125873,0.1974047292489559,-0.08115352222230282,True
976,resnet50,GradCAM,0.48795540332794185,0.4999999165534973,0.012044513225555442,False
976,resnet50,IntegratedGradients,0.48046044595539567,0.4999988108873367,0.019538364931941055,False
976,resnet50,LRP,0.43038076870143416,0.49999988675117496,0.0696191180497408,False
976,resnet50,Random,0.4198618904687464,0.47629603482782845,0.05643414435908206,False
976,vit_base,Chefer-LRP,0.3598898902535439,0.393449667096138,0.03355977684259409,False
976,vit_base,GradCAM,0.3587061882019043,0.38661427348852156,0.027908085286617257,False
976,vit_base,IntegratedGradients,0.39687612205743794,0.4368191346526146,0.039943012595176686,False
976,vit_base,Random,0.41269647926092146,0.4426627054810524,0.029966226220130954,False
977,mobilevit_s,GradCAM,0.09736745371774305,0.4634557127952576,0.3660882590775145,False
977,mobilevit_s,IntegratedGradients,0.023426031948838504,0.4175540827214718,0.3941280507726333,False
977,mobilevit_s,Random,0.043621646384417546,0.06250034137483454,0.018878694990416993,False
977,resnet50,GradCAM,0.1427192709874362,0.4981556460261345,0.3554363750386983,False
977,resnet50,IntegratedGradients,0.07825063145719469,0.4286941044032574,0.3504434729460627,False
977,resnet50,LRP,0.05344191010808572,0.4653752490878105,0.4119333389797248,False
977,resnet50,Random,0.09126366600394248,0.12857142202556132,0.03730775602161884,False
977,vit_base,Chefer-LRP,0.11719422491732985,0.3468043148517609,0.22961008993443105,False
977,vit_base,GradCAM,0.1314085157588124,0.3526859819889068,0.22127746623009442,False
977,vit_base,IntegratedGradients,0.17607716396450998,0.3513504505157471,0.1752732865512371,False
977,vit_base,Random,0.22972656302154063,0.11345574855804444,-0.11627081446349619,True
978,mobilevit_s,GradCAM,0.0001628492511372315,0.0012140153601649217,0.0010511661090276902,False
978,mobilevit_s,IntegratedGradients,7.720047105976846e-05,0.000234552600159077,0.00015735212909930853,False
978,mobilevit_s,Random,0.00042454840604477795,0.00031179907673504207,-0.00011274932930973588,True
978,resnet50,GradCAM,1.817535555801442e-05,4.4117450318026376e-05,2.5942094760011957e-05,False
978,resnet50,IntegratedGradients,0.00032594460352584057,0.00047341568329102297,0.0001474710797651824,False
978,resnet50,LRP,0.0005092770667033621,1.2459054050850681e-05,-0.0004968180126525114,True
978,resnet50,Random,0.00036425663802219793,0.000399056144124188,3.4799506101990086e-05,False
978,vit_base,Chefer-LRP,8.885283314157276e-05,0.0003461032407358289,0.00025725040759425614,False
978,vit_base,GradCAM,3.9991665926208955e-05,0.0008859789362759328,0.0008459872703497238,False
978,vit_base,IntegratedGradients,0.00014020465168869124,0.0003023854398634285,0.00016218078817473728,False
978,vit_base,Random,0.0004898634360870346,0.00017029276241373737,-0.0003195706736732973,True
979,mobilevit_s,GradCAM,0.15020649468060585,0.4122201576828957,0.2620136630022899,False
979,mobilevit_s,IntegratedGradients,0.1640094157337444,0.3094507813453674,0.14544136561162302,False
979,mobilevit_s,Random,0.11158445676555859,0.06765717235102785,-0.04392728441453074,True
979,resnet50,GradCAM,0.285719268664252,0.4994308426976204,0.21371157403336838,False
979,resnet50,IntegratedGradients,0.4915486738085747,0.4558985814452171,-0.03565009236335759,True
979,resnet50,LRP,0.21461331537575462,0.49949327111244207,0.28487995573668745,False
979,resnet50,Random,0.28156728151952853,0.2752151309978217,-0.006352150521706845,True
979,vit_base,Chefer-LRP,0.35016479445621373,0.37691463232040406,0.02674983786419033,False
979,vit_base,GradCAM,0.30496661947108805,0.38292270600795747,0.07795608653686942,False
979,vit_base,IntegratedGradients,0.3562288880348206,0.3345571644604206,-0.021671723574400004,True
979,vit_base,Random,0.293208009749651,0.30740551501512525,0.014197505265474253,False
980,mobilevit_s,GradCAM,0.24845732785761357,0.4472312733530998,0.19877394549548624,False
980,mobilevit_s,IntegratedGradients,0.29935316219925884,0.42691962271928785,0.127566460520029,False
980,mobilevit_s,Random,0.44535305947065357,0.30693985447287564,-0.13841320499777793,True
980,resnet50,GradCAM,0.14739226054080065,0.4976933732628822,0.35030111272208153,False
980,resnet50,IntegratedGradients,0.37345673032104976,0.4980471894145012,0.12459045909345146,False
980,resnet50,LRP,0.18087338334880768,0.49854097962379457,0.31766759627498686,False
980,resnet50,Random,0.46704248785972596,0.4857111513614654,0.018668663501739458,False
980,vit_base,Chefer-LRP,0.2701137987431139,0.4253352016210556,0.15522140287794167,False
980,vit_base,GradCAM,0.2152165007777512,0.4058395460247993,0.19062304524704812,False
980,vit_base,IntegratedGradients,0.42452749609947205,0.42634137570858,0.001813879609107949,False
980,vit_base,Random,0.44087055921554563,0.433088743686676,-0.00778181552886964,True
981,mobilevit_s,GradCAM,0.08776009669527413,0.2975776925683021,0.20981759587302795,False
981,mobilevit_s,IntegratedGradients,0.20459813746856528,0.2040344897657633,-0.0005636477028019837,True
981,mobilevit_s,Random,0.03924524317772012,0.04018036579800538,0.0009351226202852572,False
981,resnet50,GradCAM,0.15968586154049264,0.4988266631960869,0.33914080165559424,False
981,resnet50,IntegratedGradients,0.40579745173454285,0.48974309414625167,0.08394564241170882,False
981,resnet50,LRP,0.09773998227901756,0.49699916094541546,0.39925917866639793,False
981,resnet50,Random,0.3868660748004914,0.410512237995863,0.023646163195371606,False
981,vit_base,Chefer-LRP,0.3992554396390915,0.4184983626008034,0.019242922961711928,False
981,vit_base,GradCAM,0.3387635737657547,0.42515106350183485,0.08638748973608013,False
981,vit_base,IntegratedGradients,0.4185560792684555,0.4238550499081612,0.005298970639705691,False
981,vit_base,Random,0.41167960315942764,0.41269434541463845,0.0010147422552108099,False
982,mobilevit_s,GradCAM,0.14873077268421184,0.4193265542387963,0.2705957815545844,False
982,mobilevit_s,IntegratedGradients,0.10096503427048449,0.41087295711040495,0.30990792283992047,False
982,mobilevit_s,Random,0.4472106918692589,0.2944571308791638,-0.15275356099009507,True
982,resnet50,GradCAM,0.43500497560016815,0.4999997943639755,0.06499481876380736,False
982,resnet50,IntegratedGradients,0.32335577631893103,0.49999541938304903,0.176639643064118,False
982,resnet50,LRP,0.2848678718437441,0.4999992519617081,0.21513138011796396,False
982,resnet50,Random,0.4322483754509449,0.3994363317731768,-0.03281204367776813,True
982,vit_base,Chefer-LRP,0.3555858189472929,0.43330601155757903,0.07772019261028612,False
982,vit_base,GradCAM,0.36379295391961936,0.41729665398597715,0.053503700066357796,False
982,vit_base,IntegratedGradients,0.4167580023407937,0.3972161218523979,-0.01954188048839578,True
982,vit_base,Random,0.4167110294103623,0.4263256818056107,0.009614652395248391,False
983,mobilevit_s,GradCAM,0.46629798263311384,0.4629810586571693,-0.003316923975944519,True
983,mobilevit_s,IntegratedGradients,0.3850720294984058,0.46523256003856656,0.08016053054016076,False
983,mobilevit_s,Random,0.35507554216310383,0.46743499487638474,0.1123594527132809,False
983,resnet50,GradCAM,0.49997814744710917,0.5,2.18525528908331e-05,False
983,resnet50,IntegratedGradients,0.4999984383583069,0.5,1.5616416931263366e-06,False
983,resnet50,LRP,0.498246331512928,0.5,0.0017536684870719799,False
983,resnet50,Random,0.4998955652117729,0.49994990676641465,5.4341554641734735e-05,False
983,vit_base,Chefer-LRP,0.4394984841346741,0.42969171702861786,-0.009806767106056213,True
983,vit_base,GradCAM,0.45229641646146773,0.44184382110834114,-0.010452595353126592,True
983,vit_base,IntegratedGradients,0.44965631812810897,0.4334172636270523,-0.01623905450105667,True
983,vit_base,Random,0.4467897459864616,0.4399073988199234,-0.006882347166538183,True
984,mobilevit_s,GradCAM,0.4640296563506126,0.4648177564144134,0.0007881000638008118,False
984,mobilevit_s,IntegratedGradients,0.40221554040908813,0.46163332462310797,0.05941778421401983,False
984,mobilevit_s,Random,0.1955438392236829,0.28136992859654125,0.08582608937285835,False
984,resnet50,GradCAM,0.499305921792984,0.49999997913837435,0.0006940573453903531,False
984,resnet50,IntegratedGradients,0.4998674988746643,0.44511693976819516,-0.05475055910646914,True
984,resnet50,LRP,0.4695549413561821,0.5,0.030445058643817913,False
984,resnet50,Random,0.21815732814138752,0.1880218784557656,-0.03013544968562193,True
984,vit_base,Chefer-LRP,0.39481354504823685,0.4324988797307014,0.037685334682464544,False
984,vit_base,GradCAM,0.43518833070993423,0.42994991689920425,-0.0052384138107299805,True
984,vit_base,IntegratedGradients,0.43732535541057593,0.4334731474518776,-0.0038522079586983393,True
984,vit_base,Random,0.4095313951373101,0.4199330285191536,0.010401633381843522,False
985,mobilevit_s,GradCAM,0.03492338133510202,0.4008230477571488,0.36589966642204674,False
985,mobilevit_s,IntegratedGradients,0.028906616399763153,0.2338164322078228,0.20490981580805964,False
985,mobilevit_s,Random,0.03102838000013435,0.03242656180591439,0.0013981818057800417,False
985,resnet50,GradCAM,0.29324198118411005,0.4998144567012787,0.20657247551716867,False
985,resnet50,IntegratedGradients,0.22561985659413042,0.3726269346661866,0.1470070780720562,False
985,resnet50,LRP,0.13671459968900307,0.4992311358451843,0.36251653615618123,False
985,resnet50,Random,0.23740236805497264,0.09201055690082285,-0.14539181115414979,True
985,vit_base,Chefer-LRP,0.31006517186760907,0.37437132447957994,0.06430615261197087,False
985,vit_base,GradCAM,0.3367848444730044,0.3599889889359475,0.02320414446294311,False
985,vit_base,IntegratedGradients,0.29916056469082836,0.35307118371129037,0.053910619020462014,False
985,vit_base,Random,0.26884705646662044,0.16712136033456773,-0.1017256961320527,True
986,mobilevit_s,GradCAM,0.36561764031648636,0.45749952793121335,0.09188188761472699,False
986,mobilevit_s,IntegratedGradients,0.4525867760181427,0.26453894972801206,-0.18804782629013062,True
986,mobilevit_s,Random,0.2812856690958142,0.27840123450150717,-0.0028844345943070393,True
986,resnet50,GradCAM,0.45673812702298167,0.48948562145233154,0.03274749442934988,False
986,resnet50,IntegratedGradients,0.3939543910324574,0.48744667023420335,0.09349227920174596,False
986,resnet50,LRP,0.12874055924330605,0.4891974687576294,0.3604569095143233,False
986,resnet50,Random,0.4418268255889416,0.35418523717671635,-0.08764158841222525,True
986,vit_base,Chefer-LRP,0.3361334562301636,0.32875986248254774,-0.00737359374761587,True
986,vit_base,GradCAM,0.35570303648710244,0.3166504852473736,-0.03905255123972884,True
986,vit_base,IntegratedGradients,0.3863585159182548,0.3089470654726028,-0.07741145044565201,True
986,vit_base,Random,0.2630714051425457,0.3441181346774101,0.08104672953486441,False
987,mobilevit_s,GradCAM,0.09584832197288053,0.4102211013436317,0.3143727793707512,False
987,mobilevit_s,IntegratedGradients,0.04073884829413146,0.3956848368048668,0.35494598851073533,False
987,mobilevit_s,Random,0.3215662561357021,0.2831663528457284,-0.038399903289973725,True
987,resnet50,GradCAM,0.0727330956608057,0.4960095003247261,0.4232764046639204,False
987,resnet50,IntegratedGradients,0.07097820080816745,0.48275204300880437,0.4117738422006369,False
987,resnet50,LRP,0.10353200975805522,0.4886682108044624,0.38513620104640717,False
987,resnet50,Random,0.22227738259825855,0.14371262993663547,-0.07856475266162308,True
987,vit_base,Chefer-LRP,0.3953063577413559,0.4332580089569092,0.03795165121555327,False
987,vit_base,GradCAM,0.38935850784182546,0.4335268840193749,0.04416837617754943,False
987,vit_base,IntegratedGradients,0.4352297261357308,0.4222483202815056,-0.012981405854225192,True
987,vit_base,Random,0.38687472194433215,0.4206120863556862,0.033737364411354054,False
988,mobilevit_s,GradCAM,0.36942360880784697,0.4623415514826774,0.09291794267483044,False
988,mobilevit_s,IntegratedGradients,0.33307461226359014,0.39370083604007966,0.06062622377648952,False
988,mobilevit_s,Random,0.2611268209060654,0.2896340155617509,0.028507194655685464,False
988,resnet50,GradCAM,0.499816083908081,0.5,0.00018391609191897862,False
988,resnet50,IntegratedGradients,0.47275746017694475,0.4999990314245224,0.027241571247577645,False
988,resnet50,LRP,0.25102101964876056,0.49999995827674865,0.2489789386279881,False
988,resnet50,Random,0.4504776522517205,0.3605273577384651,-0.08995029451325537,True
988,vit_base,Chefer-LRP,0.4383135214447975,0.43986977189779286,0.0015562504529953447,False
988,vit_base,GradCAM,0.4398489505052567,0.43836126625537875,-0.0014876842498779408,True
988,vit_base,IntegratedGradients,0.43443773239850997,0.42417196184396744,-0.01026577055454253,True
988,vit_base,Random,0.42617502957582476,0.43140692561864846,0.005231896042823703,False
989,mobilevit_s,GradCAM,0.18143891878426074,0.4187840685248375,0.23734514974057677,False
989,mobilevit_s,IntegratedGradients,0.1389954258233047,0.45762168914079665,0.31862626331749194,False
989,mobilevit_s,Random,0.12181835350347683,0.11779221453107314,-0.004026138972403698,True
989,resnet50,GradCAM,0.33170771201839677,0.49999989867210387,0.1682921866537071,False
989,resnet50,IntegratedGradients,0.342955417255871,0.49708443582057954,0.15412901856470856,False
989,resnet50,LRP,0.07425102214765501,0.4999997973442078,0.4257487751965528,False
989,resnet50,Random,0.20690060519409598,0.20968913040705958,0.002788525212963605,False
989,vit_base,Chefer-LRP,0.3023552197322716,0.429483787715435,0.1271285679831634,False
989,vit_base,GradCAM,0.21260954517638314,0.4253291517496109,0.21271960657322775,False
989,vit_base,IntegratedGradients,0.41758401393890376,0.22138970896485263,-0.19619430497405113,True
989,vit_base,Random,0.31118346676230435,0.27839690502732994,-0.032786561734974407,True
990,mobilevit_s,GradCAM,0.2290353983640671,0.24414941370487211,0.015114015340805004,False
990,mobilevit_s,IntegratedGradients,0.15425531166110887,0.2119155630469322,0.05766025138582334,False
990,mobilevit_s,Random,0.1388447041383188,0.1945122821736732,0.05566757803535441,False
990,resnet50,GradCAM,0.4805118203163147,0.4959720462560654,0.015460225939750716,False
990,resnet50,IntegratedGradients,0.36389334984123717,0.49665502458810806,0.1327616747468709,False
990,resnet50,LRP,0.4329242557287217,0.4963012009859085,0.06337694525718685,False
990,resnet50,Random,0.32783145470712044,0.45203022372006674,0.1241987690129463,False
990,vit_base,Chefer-LRP,0.2850856479257345,0.3681692600250245,0.08308361209929,False
990,vit_base,GradCAM,0.3203820049762726,0.36659450083971024,0.04621249586343762,False
990,vit_base,IntegratedGradients,0.2854682490229607,0.36405027955770497,0.07858203053474427,False
990,vit_base,Random,0.3207199856638909,0.30506506413221357,-0.015654921531677357,True
991,mobilevit_s,GradCAM,0.020862275455147027,0.008573318564958755,-0.012288956890188272,True
991,mobilevit_s,IntegratedGradients,0.0042846612346693295,0.011636172677390278,0.007351511442720948,False
991,mobilevit_s,Random,0.004274072658245132,0.003433256459538825,-0.0008408161987063074,True
991,resnet50,GradCAM,0.0010175436473218724,0.0035759318328928203,0.002558388185570948,False
991,resnet50,IntegratedGradients,0.009258546266937628,0.0027815401728730647,-0.006477006094064563,True
991,resnet50,LRP,0.0008638579165562987,0.007263374055037275,0.006399516138480976,False
991,resnet50,Random,0.001414171229407657,0.0010127905228728197,-0.00040138070653483737,True
991,vit_base,Chefer-LRP,0.004171329154632985,0.005013575439807027,0.000842246285174042,False
991,vit_base,GradCAM,0.009036791010294108,0.009991140046622602,0.0009543490363284942,False
991,vit_base,IntegratedGradients,0.0032449897145852445,0.0032669102423824366,2.192052779719216e-05,False
991,vit_base,Random,0.0041483803652226925,0.004667226655874402,0.0005188462906517092,False
992,mobilevit_s,GradCAM,0.40720582101494074,0.4117308877408505,0.004525066725909743,False
992,mobilevit_s,IntegratedGradients,0.29151705443800896,0.4365478128194809,0.14503075838147195,False
992,mobilevit_s,Random,0.27466883443848933,0.24971251194365326,-0.024956322494836064,True
992,resnet50,GradCAM,0.4996740594506264,0.4999999225139618,0.0003258630633354298,False
992,resnet50,IntegratedGradients,0.4975307956337929,0.4999937206506729,0.002462925016880002,False
992,resnet50,LRP,0.30504888352006676,0.49999515116214754,0.19494626764208078,False
992,resnet50,Random,0.29382158572552725,0.23648083902371583,-0.05734074670181141,True
992,vit_base,Chefer-LRP,0.35840923339128494,0.39942103773355486,0.04101180434226992,False
992,vit_base,GradCAM,0.3459900625050068,0.4106147468090057,0.06462468430399892,False
992,vit_base,IntegratedGradients,0.43297007828950884,0.35270927995443346,-0.08026079833507538,True
992,vit_base,Random,0.40430694520473476,0.41213572025299083,0.007828775048256076,False
993,mobilevit_s,GradCAM,0.0009837248915573582,0.0030648808053229002,0.002081155913765542,False
993,mobilevit_s,IntegratedGradients,0.002894906589062885,0.0021743579709436744,-0.0007205486181192104,True
993,mobilevit_s,Random,0.0021193967142608015,0.002113053947687149,-6.342766573652538e-06,True
993,resnet50,GradCAM,9.431875278096414e-05,0.0002553956941483193,0.00016107694136735515,False
993,resnet50,IntegratedGradients,0.00024648979069752386,0.00019457638172752924,-5.191340896999462e-05,True
993,resnet50,LRP,0.000495538822360686,9.684593187557765e-05,-0.0003986928904851083,True
993,resnet50,Random,0.00038856461862906143,0.0002598608005428105,-0.00012870381808625095,True
993,vit_base,Chefer-LRP,0.003706926538143307,0.008172328141517938,0.0044654016033746306,False
993,vit_base,GradCAM,0.0036387346161063762,0.005300628475379199,0.0016618938592728224,False
993,vit_base,IntegratedGradients,0.0032732211751863357,0.006543187377974392,0.0032699662027880563,False
993,vit_base,Random,0.0033360569097567357,0.0031316448526922613,-0.0002044120570644744,True
994,mobilevit_s,GradCAM,0.1163275052793324,0.18288497240282597,0.06655746712349357,False
994,mobilevit_s,IntegratedGradients,0.22468020106243788,0.3402454746887088,0.11556527362627092,False
994,mobilevit_s,Random,0.028591194843102134,0.052768259839649556,0.024177064996547423,False
994,resnet50,GradCAM,0.1683886470273137,0.30163607504218815,0.13324742801487444,False
994,resnet50,IntegratedGradients,0.31042772768996657,0.17906538327224555,-0.13136234441772102,True
994,resnet50,LRP,0.05279990890994669,0.3627042338252068,0.3099043249152601,False
994,resnet50,Random,0.07217534451046959,0.12510118062200493,0.05292583611153534,False
994,vit_base,Chefer-LRP,0.0684133613947779,0.2561697319149971,0.1877563705202192,False
994,vit_base,GradCAM,0.07169836232205853,0.22572704926133155,0.15402868693927302,False
994,vit_base,IntegratedGradients,0.13470935672521592,0.15524070002138618,0.020531343296170262,False
994,vit_base,Random,0.13711125142872335,0.15645005255937577,0.019338801130652422,False
995,mobilevit_s,GradCAM,0.06386225673595619,0.15143713876605033,0.08757488203009414,False
995,mobilevit_s,IntegratedGradients,0.07995151745126351,0.09371484853327275,0.013763331082009236,False
995,mobilevit_s,Random,0.05558461734999584,0.04747419414925389,-0.00811042320074195,True
995,resnet50,GradCAM,0.1787977644999046,0.49745694249868394,0.31865917799877935,False
995,resnet50,IntegratedGradients,0.26693496429797964,0.49700932055711744,0.2300743562591378,False
995,resnet50,LRP,0.09374021119010649,0.49775131344795226,0.40401110225784576,False
995,resnet50,Random,0.19184105738095242,0.25560656880406896,0.06376551142311654,False
995,vit_base,Chefer-LRP,0.1848123584873974,0.3060509473085403,0.12123858882114291,False
995,vit_base,GradCAM,0.1519495166838169,0.2936491250991821,0.14169960841536522,False
995,vit_base,IntegratedGradients,0.28909751996397975,0.2569448620080948,-0.032152657955884956,True
995,vit_base,Random,0.210823529586196,0.26554252579808235,0.05471899621188636,False
996,mobilevit_s,GradCAM,0.004420065870021972,0.20905628260225056,0.2046362167322286,False
996,mobilevit_s,IntegratedGradients,0.003213205260601626,0.048121606372296816,0.04490840111169519,False
996,mobilevit_s,Random,0.0074652161412814165,0.011701374608674086,0.004236158467392669,False
996,resnet50,GradCAM,0.005713505213498138,0.06502815056592226,0.059314645352424124,False
996,resnet50,IntegratedGradients,0.01357010199053548,0.22310885805636643,0.20953875606583094,False
996,resnet50,LRP,0.00735546420692117,0.10879085604101418,0.10143539183409302,False
996,resnet50,Random,0.028405983448828925,0.11206404452677819,0.08365806107794926,False
996,vit_base,Chefer-LRP,0.019405095840920695,0.12075011320412159,0.1013450173632009,False
996,vit_base,GradCAM,0.012089752474275885,0.11659094318747522,0.10450119071319933,False
996,vit_base,IntegratedGradients,0.04927672185003758,0.10576263442635538,0.0564859125763178,False
996,vit_base,Random,0.07030931082554162,0.0631428537890315,-0.0071664570365101155,True
997,mobilevit_s,GradCAM,0.17133415210992098,0.2437287949025631,0.07239464279264213,False
997,mobilevit_s,IntegratedGradients,0.2143221120350063,0.2396619014441967,0.025339789409190377,False
997,mobilevit_s,Random,0.10732961920657545,0.12421316754189322,0.016883548335317772,False
997,resnet50,GradCAM,0.10011275094002484,0.07107031885534525,-0.02904243208467959,True
997,resnet50,IntegratedGradients,0.2699356945231557,0.2012324722483754,-0.06870322227478029,True
997,resnet50,LRP,0.17031623180955652,0.14396386090666058,-0.02635237090289594,True
997,resnet50,Random,0.23322511478327215,0.30364661682397126,0.07042150204069911,False
997,vit_base,Chefer-LRP,0.1478154130280018,0.17695134729146958,0.029135934263467778,False
997,vit_base,GradCAM,0.14328814335167409,0.17661860659718512,0.03333046324551103,False
997,vit_base,IntegratedGradients,0.16579586118459702,0.17573793604969978,0.009942074865102762,False
997,vit_base,Random,0.1949897155165672,0.1607274405658245,-0.034262274950742716,True
998,mobilevit_s,GradCAM,0.22373270238749682,0.3598462142050266,0.1361135118175298,False
998,mobilevit_s,IntegratedGradients,0.14267642035847533,0.37789229080080994,0.2352158704423346,False
998,mobilevit_s,Random,0.25551986640493857,0.1505145517599885,-0.10500531464495005,True
998,resnet50,GradCAM,0.13328898250474597,0.4991464987397194,0.3658575162349734,False
998,resnet50,IntegratedGradients,0.26419564895331854,0.48680109232664104,0.2226054433733225,False
998,resnet50,LRP,0.08858278878033161,0.4987279206514359,0.4101451318711043,False
998,resnet50,Random,0.28316064728423956,0.2446487923851237,-0.03851185489911588,True
998,vit_base,Chefer-LRP,0.2700409084558487,0.4092323824763298,0.1391914740204811,False
998,vit_base,GradCAM,0.17975211460143328,0.42250967770814896,0.24275756310671567,False
998,vit_base,IntegratedGradients,0.38660542517900465,0.39989638328552246,0.013290958106517814,False
998,vit_base,Random,0.36831219121813774,0.3770806811749935,0.008768489956855752,False
999,mobilevit_s,GradCAM,0.06146260692621582,0.36216274052858355,0.30070013360236775,False
999,mobilevit_s,IntegratedGradients,0.0656523016630672,0.08678719890158391,0.02113489723851672,False
999,mobilevit_s,Random,0.10429834369278979,0.167186068558658,0.06288772486586822,False
999,resnet50,GradCAM,0.06453144781989978,0.3064188780263066,0.2418874302064068,False
999,resnet50,IntegratedGradients,0.04090118136955425,0.14744399823248386,0.1065428168629296,False
999,resnet50,LRP,0.031124617974273863,0.13848842568695546,0.1073638077126816,False
999,resnet50,Random,0.05085698115581181,0.07124349656514825,0.02038651540933644,False
999,vit_base,Chefer-LRP,0.007140032679308207,0.011332197359297426,0.0041921646799892185,False
999,vit_base,GradCAM,0.006334102700930089,0.038264369021635505,0.03193026632070542,False
999,vit_base,IntegratedGradients,0.02694259743439033,0.0027236145338974897,-0.02421898290049284,True
999,vit_base,Random,0.032934260123874994,0.01888553501339629,-0.014048725110478704,True
